phase,index,user,http,code,initialState,latencyMs
warmup,6,6,200,OK,PENDING_PAYMENT,1313.087
warmup,1,1,200,OK,PENDING_PAYMENT,1313.245
warmup,10,10,200,OK,PENDING_PAYMENT,1325.935
warmup,15,15,200,OK,PENDING_PAYMENT,1335.316
warmup,9,9,200,OK,PENDING_PAYMENT,1355.808
warmup,12,12,200,OK,PENDING_PAYMENT,1365.466
warmup,11,11,200,OK,PENDING_PAYMENT,1378.267
warmup,7,7,200,OK,PENDING_PAYMENT,1396.173
warmup,8,8,200,OK,PENDING_PAYMENT,1421.266
warmup,4,4,200,OK,PENDING_PAYMENT,1430.981
warmup,0,0,200,OK,PENDING_PAYMENT,1457.529
warmup,5,5,200,OK,PENDING_PAYMENT,1490.094
warmup,2,2,200,OK,PENDING_PAYMENT,1511.571
warmup,13,13,200,OK,PENDING_PAYMENT,1529.538
warmup,14,14,200,OK,PENDING_PAYMENT,1542.004
warmup,3,3,200,OK,PENDING_PAYMENT,1560.349
warmup,16,16,200,OK,PENDING_PAYMENT,259.720
warmup,17,17,200,OK,PENDING_PAYMENT,273.754
warmup,18,18,200,OK,PENDING_PAYMENT,274.380
warmup,19,19,200,OK,PENDING_PAYMENT,281.153
warmup,20,20,200,OK,PENDING_PAYMENT,277.782
warmup,21,21,200,OK,PENDING_PAYMENT,282.022
warmup,22,22,200,OK,PENDING_PAYMENT,288.469
warmup,24,24,200,OK,PENDING_PAYMENT,267.060
warmup,23,23,200,OK,PENDING_PAYMENT,311.225
warmup,25,25,200,OK,PENDING_PAYMENT,285.161
warmup,26,26,200,OK,PENDING_PAYMENT,281.174
warmup,27,27,200,OK,PENDING_PAYMENT,261.482
warmup,28,28,200,OK,PENDING_PAYMENT,248.803
warmup,29,29,200,OK,PENDING_PAYMENT,249.040
warmup,30,30,200,OK,PENDING_PAYMENT,249.699
warmup,32,32,200,OK,PENDING_PAYMENT,250.184
warmup,31,31,200,OK,PENDING_PAYMENT,270.118
warmup,33,33,200,OK,PENDING_PAYMENT,264.020
warmup,34,34,200,OK,PENDING_PAYMENT,262.417
warmup,35,35,200,OK,PENDING_PAYMENT,264.822
warmup,36,36,200,OK,PENDING_PAYMENT,265.887
warmup,37,37,200,OK,PENDING_PAYMENT,265.197
warmup,38,38,200,OK,PENDING_PAYMENT,262.720
warmup,39,39,200,OK,PENDING_PAYMENT,262.964
warmup,41,41,200,OK,PENDING_PAYMENT,250.350
warmup,40,40,200,OK,PENDING_PAYMENT,325.685
warmup,42,42,200,OK,PENDING_PAYMENT,311.255
warmup,43,43,200,OK,PENDING_PAYMENT,319.873
warmup,44,44,200,OK,PENDING_PAYMENT,322.149
warmup,45,45,200,OK,PENDING_PAYMENT,325.749
warmup,46,46,200,OK,PENDING_PAYMENT,328.251
warmup,47,47,200,OK,PENDING_PAYMENT,318.870
warmup,48,48,200,OK,PENDING_PAYMENT,323.187
warmup,49,49,200,OK,PENDING_PAYMENT,321.709
warmup,50,50,200,OK,PENDING_PAYMENT,316.473
warmup,51,51,200,OK,PENDING_PAYMENT,324.878
warmup,52,52,200,OK,PENDING_PAYMENT,314.295
warmup,53,53,200,OK,PENDING_PAYMENT,325.678
warmup,54,54,200,OK,PENDING_PAYMENT,324.235
warmup,56,56,200,OK,PENDING_PAYMENT,307.949
warmup,55,55,200,OK,PENDING_PAYMENT,329.620
warmup,57,57,200,OK,PENDING_PAYMENT,268.955
warmup,58,58,200,OK,PENDING_PAYMENT,271.421
warmup,59,59,200,OK,PENDING_PAYMENT,273.989
warmup,60,60,200,OK,PENDING_PAYMENT,273.852
warmup,61,61,200,OK,PENDING_PAYMENT,273.338
warmup,62,62,200,OK,PENDING_PAYMENT,266.282
warmup,63,63,200,OK,PENDING_PAYMENT,265.281
warmup,64,0,200,OK,PENDING_PAYMENT,281.671
warmup,65,1,200,OK,PENDING_PAYMENT,275.742
warmup,66,2,200,OK,PENDING_PAYMENT,276.120
warmup,68,4,200,OK,PENDING_PAYMENT,276.289
warmup,67,3,200,OK,PENDING_PAYMENT,295.965
warmup,69,5,200,OK,PENDING_PAYMENT,294.705
warmup,70,6,200,OK,PENDING_PAYMENT,291.161
warmup,71,7,200,OK,PENDING_PAYMENT,279.201
warmup,72,8,200,OK,PENDING_PAYMENT,293.795
warmup,73,9,200,OK,PENDING_PAYMENT,297.724
warmup,74,10,200,OK,PENDING_PAYMENT,282.567
warmup,75,11,200,OK,PENDING_PAYMENT,286.755
warmup,76,12,200,OK,PENDING_PAYMENT,292.117
warmup,77,13,200,OK,PENDING_PAYMENT,285.185
warmup,78,14,200,OK,PENDING_PAYMENT,295.656
warmup,79,15,200,OK,PENDING_PAYMENT,298.625
warmup,80,16,200,OK,PENDING_PAYMENT,293.311
warmup,81,17,200,OK,PENDING_PAYMENT,295.653
warmup,82,18,200,OK,PENDING_PAYMENT,301.531
warmup,83,19,200,OK,PENDING_PAYMENT,282.997
warmup,84,20,200,OK,PENDING_PAYMENT,292.429
warmup,85,21,200,OK,PENDING_PAYMENT,280.837
warmup,86,22,200,OK,PENDING_PAYMENT,301.466
warmup,87,23,200,OK,PENDING_PAYMENT,298.007
warmup,88,24,200,OK,PENDING_PAYMENT,287.088
warmup,90,26,200,OK,PENDING_PAYMENT,270.754
warmup,89,25,200,OK,PENDING_PAYMENT,295.822
warmup,91,27,200,OK,PENDING_PAYMENT,279.341
warmup,92,28,200,OK,PENDING_PAYMENT,272.870
warmup,93,29,200,OK,PENDING_PAYMENT,273.621
warmup,94,30,200,OK,PENDING_PAYMENT,273.098
warmup,95,31,200,OK,PENDING_PAYMENT,259.713
warmup,96,32,200,OK,PENDING_PAYMENT,252.836
warmup,97,33,200,OK,PENDING_PAYMENT,245.505
warmup,98,34,200,OK,PENDING_PAYMENT,247.521
warmup,99,35,200,OK,PENDING_PAYMENT,247.044
ample_16,13,13,200,OK,PENDING_PAYMENT,165.806
ample_16,10,10,200,OK,PENDING_PAYMENT,176.192
ample_16,3,3,200,OK,PENDING_PAYMENT,188.986
ample_16,5,5,200,OK,PENDING_PAYMENT,205.517
ample_16,15,15,200,OK,PENDING_PAYMENT,211.516
ample_16,2,2,200,OK,PENDING_PAYMENT,237.944
ample_16,1,1,200,OK,PENDING_PAYMENT,246.120
ample_16,12,12,200,OK,PENDING_PAYMENT,262.086
ample_16,9,9,200,OK,PENDING_PAYMENT,283.539
ample_16,14,14,200,OK,PENDING_PAYMENT,301.012
ample_16,11,11,200,OK,PENDING_PAYMENT,320.687
ample_16,6,6,200,OK,PENDING_PAYMENT,344.695
ample_16,7,7,200,OK,PENDING_PAYMENT,352.465
ample_16,0,0,200,OK,PENDING_PAYMENT,372.134
ample_16,4,4,200,OK,PENDING_PAYMENT,388.150
ample_16,8,8,200,OK,PENDING_PAYMENT,411.339
ample_16,16,16,200,OK,PENDING_PAYMENT,251.767
ample_16,17,17,200,OK,PENDING_PAYMENT,266.497
ample_16,18,18,200,OK,PENDING_PAYMENT,268.407
ample_16,19,19,200,OK,PENDING_PAYMENT,273.891
ample_16,20,20,200,OK,PENDING_PAYMENT,280.831
ample_16,21,21,200,OK,PENDING_PAYMENT,272.371
ample_16,22,22,200,OK,PENDING_PAYMENT,285.290
ample_16,23,23,200,OK,PENDING_PAYMENT,287.773
ample_16,24,24,200,OK,PENDING_PAYMENT,277.063
ample_16,25,25,200,OK,PENDING_PAYMENT,277.634
ample_16,26,26,200,OK,PENDING_PAYMENT,265.924
ample_16,27,27,200,OK,PENDING_PAYMENT,265.264
ample_16,28,28,200,OK,PENDING_PAYMENT,273.058
ample_16,29,29,200,OK,PENDING_PAYMENT,261.484
ample_16,30,30,200,OK,PENDING_PAYMENT,260.592
ample_16,31,31,200,OK,PENDING_PAYMENT,261.435
ample_16,32,32,200,OK,PENDING_PAYMENT,264.826
ample_16,33,33,200,OK,PENDING_PAYMENT,259.248
ample_16,34,34,200,OK,PENDING_PAYMENT,251.123
ample_16,35,35,200,OK,PENDING_PAYMENT,245.698
ample_16,36,36,200,OK,PENDING_PAYMENT,256.259
ample_16,37,37,200,OK,PENDING_PAYMENT,255.719
ample_16,38,38,200,OK,PENDING_PAYMENT,242.268
ample_16,39,39,200,OK,PENDING_PAYMENT,241.735
ample_16,40,40,200,OK,PENDING_PAYMENT,250.054
ample_16,42,42,200,OK,PENDING_PAYMENT,230.442
ample_16,41,41,200,OK,PENDING_PAYMENT,259.905
ample_16,43,43,200,OK,PENDING_PAYMENT,248.078
ample_16,45,45,200,OK,PENDING_PAYMENT,233.855
ample_16,44,44,200,OK,PENDING_PAYMENT,260.109
ample_16,46,46,200,OK,PENDING_PAYMENT,250.828
ample_16,47,47,200,OK,PENDING_PAYMENT,250.017
ample_16,48,48,200,OK,PENDING_PAYMENT,258.674
ample_16,49,49,200,OK,PENDING_PAYMENT,256.338
ample_16,50,50,200,OK,PENDING_PAYMENT,265.821
ample_16,51,51,200,OK,PENDING_PAYMENT,267.863
ample_16,52,52,200,OK,PENDING_PAYMENT,254.227
ample_16,53,53,200,OK,PENDING_PAYMENT,250.382
ample_16,54,54,200,OK,PENDING_PAYMENT,265.510
ample_16,55,55,200,OK,PENDING_PAYMENT,260.822
ample_16,56,56,200,OK,PENDING_PAYMENT,261.245
ample_16,57,57,200,OK,PENDING_PAYMENT,266.445
ample_16,58,58,200,OK,PENDING_PAYMENT,269.043
ample_16,59,59,200,OK,PENDING_PAYMENT,279.527
ample_16,60,60,200,OK,PENDING_PAYMENT,293.711
ample_16,61,61,200,OK,PENDING_PAYMENT,288.629
ample_16,62,62,200,OK,PENDING_PAYMENT,293.284
ample_16,63,63,200,OK,PENDING_PAYMENT,286.000
ample_16,64,0,200,OK,PENDING_PAYMENT,286.550
ample_16,65,1,200,OK,PENDING_PAYMENT,275.202
ample_16,66,2,200,OK,PENDING_PAYMENT,279.962
ample_16,67,3,200,OK,PENDING_PAYMENT,280.392
ample_16,68,4,200,OK,PENDING_PAYMENT,280.232
ample_16,69,5,200,OK,PENDING_PAYMENT,288.997
ample_16,70,6,200,OK,PENDING_PAYMENT,283.208
ample_16,71,7,200,OK,PENDING_PAYMENT,288.786
ample_16,72,8,200,OK,PENDING_PAYMENT,282.880
ample_16,73,9,200,OK,PENDING_PAYMENT,279.096
ample_16,74,10,200,OK,PENDING_PAYMENT,273.763
ample_16,75,11,200,OK,PENDING_PAYMENT,262.872
ample_16,76,12,200,OK,PENDING_PAYMENT,251.781
ample_16,77,13,200,OK,PENDING_PAYMENT,261.733
ample_16,78,14,200,OK,PENDING_PAYMENT,265.308
ample_16,79,15,200,OK,PENDING_PAYMENT,265.614
ample_16,81,17,200,OK,PENDING_PAYMENT,257.084
ample_16,80,16,200,OK,PENDING_PAYMENT,280.359
ample_16,82,18,200,OK,PENDING_PAYMENT,261.131
ample_16,83,19,200,OK,PENDING_PAYMENT,263.888
ample_16,84,20,200,OK,PENDING_PAYMENT,260.615
ample_16,85,21,200,OK,PENDING_PAYMENT,263.637
ample_16,86,22,200,OK,PENDING_PAYMENT,259.428
ample_16,87,23,200,OK,PENDING_PAYMENT,259.248
ample_16,88,24,200,OK,PENDING_PAYMENT,259.214
ample_16,89,25,200,OK,PENDING_PAYMENT,270.002
ample_16,90,26,200,OK,PENDING_PAYMENT,269.793
ample_16,91,27,200,OK,PENDING_PAYMENT,269.456
ample_16,92,28,200,OK,PENDING_PAYMENT,261.583
ample_16,93,29,200,OK,PENDING_PAYMENT,252.492
ample_16,94,30,200,OK,PENDING_PAYMENT,248.514
ample_16,95,31,200,OK,PENDING_PAYMENT,251.384
ample_16,96,32,200,OK,PENDING_PAYMENT,243.630
ample_16,97,33,200,OK,PENDING_PAYMENT,244.479
ample_16,98,34,200,OK,PENDING_PAYMENT,252.877
ample_16,100,36,200,OK,PENDING_PAYMENT,232.249
ample_16,99,35,200,OK,PENDING_PAYMENT,255.863
ample_16,101,37,200,OK,PENDING_PAYMENT,242.100
ample_16,102,38,200,OK,PENDING_PAYMENT,242.531
ample_16,103,39,200,OK,PENDING_PAYMENT,239.791
ample_16,104,40,200,OK,PENDING_PAYMENT,240.692
ample_16,105,41,200,OK,PENDING_PAYMENT,237.853
ample_16,106,42,200,OK,PENDING_PAYMENT,236.423
ample_16,107,43,200,OK,PENDING_PAYMENT,224.605
ample_16,108,44,200,OK,PENDING_PAYMENT,241.947
ample_16,109,45,200,OK,PENDING_PAYMENT,234.880
ample_16,110,46,200,OK,PENDING_PAYMENT,244.256
ample_16,111,47,200,OK,PENDING_PAYMENT,232.606
ample_16,112,48,200,OK,PENDING_PAYMENT,241.684
ample_16,113,49,200,OK,PENDING_PAYMENT,232.738
ample_16,114,50,200,OK,PENDING_PAYMENT,229.992
ample_16,115,51,200,OK,PENDING_PAYMENT,234.384
ample_16,116,52,200,OK,PENDING_PAYMENT,234.349
ample_16,117,53,200,OK,PENDING_PAYMENT,228.327
ample_16,118,54,200,OK,PENDING_PAYMENT,231.010
ample_16,119,55,200,OK,PENDING_PAYMENT,233.772
ample_16,120,56,200,OK,PENDING_PAYMENT,246.728
ample_16,121,57,200,OK,PENDING_PAYMENT,261.627
ample_16,122,58,200,OK,PENDING_PAYMENT,261.910
ample_16,123,59,200,OK,PENDING_PAYMENT,269.420
ample_16,125,61,200,OK,PENDING_PAYMENT,262.700
ample_16,124,60,200,OK,PENDING_PAYMENT,277.250
ample_16,126,62,200,OK,PENDING_PAYMENT,258.186
ample_16,127,63,200,OK,PENDING_PAYMENT,264.418
ample_16,128,0,200,OK,PENDING_PAYMENT,264.607
ample_16,129,1,200,OK,PENDING_PAYMENT,274.963
ample_16,130,2,200,OK,PENDING_PAYMENT,277.130
ample_16,131,3,200,OK,PENDING_PAYMENT,271.258
ample_16,132,4,200,OK,PENDING_PAYMENT,270.477
ample_16,133,5,200,OK,PENDING_PAYMENT,275.500
ample_16,134,6,200,OK,PENDING_PAYMENT,273.236
ample_16,135,7,200,OK,PENDING_PAYMENT,281.392
ample_16,136,8,200,OK,PENDING_PAYMENT,263.817
ample_16,137,9,200,OK,PENDING_PAYMENT,251.137
ample_16,138,10,200,OK,PENDING_PAYMENT,257.754
ample_16,139,11,200,OK,PENDING_PAYMENT,258.233
ample_16,140,12,200,OK,PENDING_PAYMENT,254.164
ample_16,141,13,200,OK,PENDING_PAYMENT,260.725
ample_16,142,14,200,OK,PENDING_PAYMENT,264.333
ample_16,143,15,200,OK,PENDING_PAYMENT,269.495
ample_16,144,16,200,OK,PENDING_PAYMENT,265.504
ample_16,145,17,200,OK,PENDING_PAYMENT,265.593
ample_16,146,18,200,OK,PENDING_PAYMENT,270.732
ample_16,147,19,200,OK,PENDING_PAYMENT,278.634
ample_16,148,20,200,OK,PENDING_PAYMENT,269.459
ample_16,149,21,200,OK,PENDING_PAYMENT,271.316
ample_16,150,22,200,OK,PENDING_PAYMENT,273.629
ample_16,151,23,200,OK,PENDING_PAYMENT,260.086
ample_16,152,24,200,OK,PENDING_PAYMENT,265.695
ample_16,153,25,200,OK,PENDING_PAYMENT,257.152
ample_16,154,26,200,OK,PENDING_PAYMENT,246.338
ample_16,155,27,200,OK,PENDING_PAYMENT,247.496
ample_16,156,28,200,OK,PENDING_PAYMENT,242.154
ample_16,157,29,200,OK,PENDING_PAYMENT,246.472
ample_16,158,30,200,OK,PENDING_PAYMENT,243.503
ample_16,159,31,200,OK,PENDING_PAYMENT,243.380
ample_16,160,32,200,OK,PENDING_PAYMENT,245.225
ample_16,161,33,200,OK,PENDING_PAYMENT,238.937
ample_16,162,34,200,OK,PENDING_PAYMENT,242.593
ample_16,163,35,200,OK,PENDING_PAYMENT,241.261
ample_16,164,36,200,OK,PENDING_PAYMENT,247.322
ample_16,165,37,200,OK,PENDING_PAYMENT,245.557
ample_16,166,38,200,OK,PENDING_PAYMENT,242.538
ample_16,167,39,200,OK,PENDING_PAYMENT,241.318
ample_16,168,40,200,OK,PENDING_PAYMENT,244.318
ample_16,169,41,200,OK,PENDING_PAYMENT,247.605
ample_16,170,42,200,OK,PENDING_PAYMENT,250.953
ample_16,171,43,200,OK,PENDING_PAYMENT,254.042
ample_16,172,44,200,OK,PENDING_PAYMENT,252.896
ample_16,173,45,200,OK,PENDING_PAYMENT,253.884
ample_16,174,46,200,OK,PENDING_PAYMENT,253.627
ample_16,175,47,200,OK,PENDING_PAYMENT,247.001
ample_16,176,48,200,OK,PENDING_PAYMENT,252.511
ample_16,177,49,200,OK,PENDING_PAYMENT,245.884
ample_16,178,50,200,OK,PENDING_PAYMENT,234.873
ample_16,179,51,200,OK,PENDING_PAYMENT,235.349
ample_16,180,52,200,OK,PENDING_PAYMENT,240.468
ample_16,181,53,200,OK,PENDING_PAYMENT,233.022
ample_16,182,54,200,OK,PENDING_PAYMENT,239.320
ample_16,183,55,200,OK,PENDING_PAYMENT,254.154
ample_16,184,56,200,OK,PENDING_PAYMENT,259.987
ample_16,185,57,200,OK,PENDING_PAYMENT,274.104
ample_16,186,58,200,OK,PENDING_PAYMENT,272.615
ample_16,187,59,200,OK,PENDING_PAYMENT,275.501
ample_16,188,60,200,OK,PENDING_PAYMENT,270.604
ample_16,189,61,200,OK,PENDING_PAYMENT,274.057
ample_16,190,62,200,OK,PENDING_PAYMENT,273.513
ample_16,191,63,200,OK,PENDING_PAYMENT,277.912
ample_16,192,0,200,OK,PENDING_PAYMENT,272.117
ample_16,193,1,200,OK,PENDING_PAYMENT,287.827
ample_16,194,2,200,OK,PENDING_PAYMENT,287.230
ample_16,195,3,200,OK,PENDING_PAYMENT,286.841
ample_16,196,4,200,OK,PENDING_PAYMENT,281.058
ample_16,197,5,200,OK,PENDING_PAYMENT,285.066
ample_16,198,6,200,OK,PENDING_PAYMENT,288.163
ample_16,199,7,200,OK,PENDING_PAYMENT,283.645
ample_16,200,8,200,OK,PENDING_PAYMENT,280.114
ample_16,201,9,200,OK,PENDING_PAYMENT,263.644
ample_16,202,10,200,OK,PENDING_PAYMENT,261.846
ample_16,203,11,200,OK,PENDING_PAYMENT,259.937
ample_16,204,12,200,OK,PENDING_PAYMENT,270.517
ample_16,205,13,200,OK,PENDING_PAYMENT,271.718
ample_16,206,14,200,OK,PENDING_PAYMENT,263.130
ample_16,207,15,200,OK,PENDING_PAYMENT,259.430
ample_16,208,16,200,OK,PENDING_PAYMENT,259.845
ample_16,209,17,200,OK,PENDING_PAYMENT,262.555
ample_16,210,18,200,OK,PENDING_PAYMENT,262.533
ample_16,211,19,200,OK,PENDING_PAYMENT,262.822
ample_16,212,20,200,OK,PENDING_PAYMENT,271.303
ample_16,213,21,200,OK,PENDING_PAYMENT,277.266
ample_16,214,22,200,OK,PENDING_PAYMENT,276.326
ample_16,215,23,200,OK,PENDING_PAYMENT,266.763
ample_16,216,24,200,OK,PENDING_PAYMENT,258.647
ample_16,217,25,200,OK,PENDING_PAYMENT,261.379
ample_16,218,26,200,OK,PENDING_PAYMENT,255.039
ample_16,219,27,200,OK,PENDING_PAYMENT,249.077
ample_16,220,28,200,OK,PENDING_PAYMENT,247.475
ample_16,221,29,200,OK,PENDING_PAYMENT,243.021
ample_16,222,30,200,OK,PENDING_PAYMENT,251.713
ample_16,223,31,200,OK,PENDING_PAYMENT,257.134
ample_16,224,32,200,OK,PENDING_PAYMENT,257.094
ample_16,225,33,200,OK,PENDING_PAYMENT,254.757
ample_16,226,34,200,OK,PENDING_PAYMENT,257.095
ample_16,227,35,200,OK,PENDING_PAYMENT,257.121
ample_16,228,36,200,OK,PENDING_PAYMENT,253.232
ample_16,229,37,200,OK,PENDING_PAYMENT,244.082
ample_16,230,38,200,OK,PENDING_PAYMENT,242.174
ample_16,231,39,200,OK,PENDING_PAYMENT,251.156
ample_16,232,40,200,OK,PENDING_PAYMENT,245.153
ample_16,233,41,200,OK,PENDING_PAYMENT,248.256
ample_16,234,42,200,OK,PENDING_PAYMENT,247.994
ample_16,235,43,200,OK,PENDING_PAYMENT,247.467
ample_16,236,44,200,OK,PENDING_PAYMENT,246.361
ample_16,237,45,200,OK,PENDING_PAYMENT,242.762
ample_16,238,46,200,OK,PENDING_PAYMENT,237.853
ample_16,239,47,200,OK,PENDING_PAYMENT,237.495
ample_16,240,48,200,OK,PENDING_PAYMENT,238.041
ample_16,241,49,200,OK,PENDING_PAYMENT,230.595
ample_16,242,50,200,OK,PENDING_PAYMENT,229.166
ample_16,243,51,200,OK,PENDING_PAYMENT,233.275
ample_16,244,52,200,OK,PENDING_PAYMENT,238.493
ample_16,245,53,200,OK,PENDING_PAYMENT,261.972
ample_16,246,54,200,OK,PENDING_PAYMENT,268.729
ample_16,247,55,200,OK,PENDING_PAYMENT,259.159
ample_16,248,56,200,OK,PENDING_PAYMENT,275.524
ample_16,249,57,200,OK,PENDING_PAYMENT,280.864
ample_16,250,58,200,OK,PENDING_PAYMENT,292.393
ample_16,251,59,200,OK,PENDING_PAYMENT,295.614
ample_16,252,60,200,OK,PENDING_PAYMENT,294.829
ample_16,253,61,200,OK,PENDING_PAYMENT,297.404
ample_16,254,62,200,OK,PENDING_PAYMENT,311.253
ample_16,255,63,200,OK,PENDING_PAYMENT,306.212
ample_16,256,0,200,OK,PENDING_PAYMENT,308.522
ample_16,257,1,200,OK,PENDING_PAYMENT,308.355
ample_16,258,2,200,OK,PENDING_PAYMENT,306.472
ample_16,259,3,200,OK,PENDING_PAYMENT,313.175
ample_16,260,4,200,OK,PENDING_PAYMENT,306.759
ample_16,261,5,200,OK,PENDING_PAYMENT,292.326
ample_16,262,6,200,OK,PENDING_PAYMENT,279.933
ample_16,263,7,200,OK,PENDING_PAYMENT,284.014
ample_16,264,8,200,OK,PENDING_PAYMENT,281.705
ample_16,265,9,200,OK,PENDING_PAYMENT,274.054
ample_16,266,10,200,OK,PENDING_PAYMENT,279.095
ample_16,267,11,200,OK,PENDING_PAYMENT,271.598
ample_16,268,12,200,OK,PENDING_PAYMENT,271.681
ample_16,269,13,200,OK,PENDING_PAYMENT,274.506
ample_16,270,14,200,OK,PENDING_PAYMENT,276.895
ample_16,271,15,200,OK,PENDING_PAYMENT,282.941
ample_16,272,16,200,OK,PENDING_PAYMENT,287.474
ample_16,273,17,200,OK,PENDING_PAYMENT,290.227
ample_16,274,18,200,OK,PENDING_PAYMENT,289.067
ample_16,275,19,200,OK,PENDING_PAYMENT,289.391
ample_16,276,20,200,OK,PENDING_PAYMENT,291.483
ample_16,277,21,200,OK,PENDING_PAYMENT,291.686
ample_16,278,22,200,OK,PENDING_PAYMENT,295.674
ample_16,279,23,200,OK,PENDING_PAYMENT,297.692
ample_16,280,24,200,OK,PENDING_PAYMENT,298.911
ample_16,281,25,200,OK,PENDING_PAYMENT,308.908
ample_16,282,26,200,OK,PENDING_PAYMENT,300.478
ample_16,283,27,200,OK,PENDING_PAYMENT,298.877
ample_16,284,28,200,OK,PENDING_PAYMENT,308.795
ample_16,285,29,200,OK,PENDING_PAYMENT,309.365
ample_16,286,30,200,OK,PENDING_PAYMENT,288.781
ample_16,287,31,200,OK,PENDING_PAYMENT,286.558
ample_16,288,32,200,OK,PENDING_PAYMENT,270.897
ample_16,289,33,200,OK,PENDING_PAYMENT,269.117
ample_16,290,34,200,OK,PENDING_PAYMENT,277.481
ample_16,291,35,200,OK,PENDING_PAYMENT,268.295
ample_16,292,36,200,OK,PENDING_PAYMENT,273.076
ample_16,293,37,200,OK,PENDING_PAYMENT,267.939
ample_16,294,38,200,OK,PENDING_PAYMENT,258.821
ample_16,295,39,200,OK,PENDING_PAYMENT,261.076
ample_16,296,40,200,OK,PENDING_PAYMENT,243.589
ample_16,297,41,200,OK,PENDING_PAYMENT,232.638
ample_16,299,43,200,OK,PENDING_PAYMENT,229.270
ample_16,298,42,200,OK,PENDING_PAYMENT,255.950
ample_16,300,44,200,OK,PENDING_PAYMENT,241.860
ample_16,301,45,200,OK,PENDING_PAYMENT,242.257
ample_16,303,47,200,OK,PENDING_PAYMENT,261.659
ample_16,302,46,200,OK,PENDING_PAYMENT,291.889
ample_16,304,48,200,OK,PENDING_PAYMENT,267.757
ample_16,305,49,200,OK,PENDING_PAYMENT,279.247
ample_16,306,50,200,OK,PENDING_PAYMENT,268.597
ample_16,307,51,200,OK,PENDING_PAYMENT,269.597
ample_16,308,52,200,OK,PENDING_PAYMENT,259.927
ample_16,309,53,200,OK,PENDING_PAYMENT,260.760
ample_16,310,54,200,OK,PENDING_PAYMENT,268.145
ample_16,311,55,200,OK,PENDING_PAYMENT,263.260
ample_16,312,56,200,OK,PENDING_PAYMENT,277.848
ample_16,313,57,200,OK,PENDING_PAYMENT,283.601
ample_16,314,58,200,OK,PENDING_PAYMENT,280.552
ample_16,315,59,200,OK,PENDING_PAYMENT,277.068
ample_16,316,60,200,OK,PENDING_PAYMENT,273.722
ample_16,317,61,200,OK,PENDING_PAYMENT,264.115
ample_16,320,0,200,OK,PENDING_PAYMENT,224.630
ample_16,318,62,200,OK,PENDING_PAYMENT,253.926
ample_16,319,63,200,OK,PENDING_PAYMENT,250.789
ample_16,321,1,200,OK,PENDING_PAYMENT,244.895
ample_16,322,2,200,OK,PENDING_PAYMENT,245.647
ample_16,323,3,200,OK,PENDING_PAYMENT,262.490
ample_16,324,4,200,OK,PENDING_PAYMENT,255.694
ample_16,325,5,200,OK,PENDING_PAYMENT,259.376
ample_16,326,6,200,OK,PENDING_PAYMENT,260.097
ample_16,327,7,200,OK,PENDING_PAYMENT,266.301
ample_16,328,8,200,OK,PENDING_PAYMENT,266.766
ample_16,329,9,200,OK,PENDING_PAYMENT,267.275
ample_16,330,10,200,OK,PENDING_PAYMENT,270.797
ample_16,331,11,200,OK,PENDING_PAYMENT,280.945
ample_16,332,12,200,OK,PENDING_PAYMENT,289.701
ample_16,333,13,200,OK,PENDING_PAYMENT,303.825
ample_16,334,14,200,OK,PENDING_PAYMENT,304.648
ample_16,336,16,200,OK,PENDING_PAYMENT,301.899
ample_16,335,15,200,OK,PENDING_PAYMENT,320.126
ample_16,337,17,200,OK,PENDING_PAYMENT,303.443
ample_16,338,18,200,OK,PENDING_PAYMENT,307.185
ample_16,339,19,200,OK,PENDING_PAYMENT,288.126
ample_16,340,20,200,OK,PENDING_PAYMENT,301.167
ample_16,341,21,200,OK,PENDING_PAYMENT,291.095
ample_16,342,22,200,OK,PENDING_PAYMENT,290.504
ample_16,343,23,200,OK,PENDING_PAYMENT,284.736
ample_16,344,24,200,OK,PENDING_PAYMENT,282.646
ample_16,345,25,200,OK,PENDING_PAYMENT,278.990
ample_16,346,26,200,OK,PENDING_PAYMENT,266.788
ample_16,347,27,200,OK,PENDING_PAYMENT,259.400
ample_16,348,28,200,OK,PENDING_PAYMENT,252.570
ample_16,349,29,200,OK,PENDING_PAYMENT,241.947
ample_16,350,30,200,OK,PENDING_PAYMENT,232.298
ample_16,351,31,200,OK,PENDING_PAYMENT,228.973
ample_16,352,32,200,OK,PENDING_PAYMENT,241.742
ample_16,353,33,200,OK,PENDING_PAYMENT,241.625
ample_16,354,34,200,OK,PENDING_PAYMENT,241.096
ample_16,355,35,200,OK,PENDING_PAYMENT,245.910
ample_16,356,36,200,OK,PENDING_PAYMENT,235.980
ample_16,357,37,200,OK,PENDING_PAYMENT,243.078
ample_16,358,38,200,OK,PENDING_PAYMENT,239.367
ample_16,359,39,200,OK,PENDING_PAYMENT,235.854
ample_16,360,40,200,OK,PENDING_PAYMENT,234.307
ample_16,361,41,200,OK,PENDING_PAYMENT,225.251
ample_16,362,42,200,OK,PENDING_PAYMENT,245.197
ample_16,363,43,200,OK,PENDING_PAYMENT,253.986
ample_16,364,44,200,OK,PENDING_PAYMENT,266.402
ample_16,365,45,200,OK,PENDING_PAYMENT,265.733
ample_16,366,46,200,OK,PENDING_PAYMENT,275.485
ample_16,367,47,200,OK,PENDING_PAYMENT,265.218
ample_16,368,48,200,OK,PENDING_PAYMENT,258.084
ample_16,369,49,200,OK,PENDING_PAYMENT,260.260
ample_16,370,50,200,OK,PENDING_PAYMENT,266.195
ample_16,371,51,200,OK,PENDING_PAYMENT,263.530
ample_16,372,52,200,OK,PENDING_PAYMENT,270.789
ample_16,373,53,200,OK,PENDING_PAYMENT,265.165
ample_16,374,54,200,OK,PENDING_PAYMENT,279.658
ample_16,375,55,200,OK,PENDING_PAYMENT,282.392
ample_16,377,57,200,OK,PENDING_PAYMENT,270.507
ample_16,376,56,200,OK,PENDING_PAYMENT,295.556
ample_16,378,58,200,OK,PENDING_PAYMENT,271.840
ample_16,379,59,200,OK,PENDING_PAYMENT,263.619
ample_16,380,60,200,OK,PENDING_PAYMENT,258.001
ample_16,381,61,200,OK,PENDING_PAYMENT,285.900
ample_16,382,62,200,OK,PENDING_PAYMENT,302.926
ample_16,383,63,200,OK,PENDING_PAYMENT,299.769
ample_16,384,0,200,OK,PENDING_PAYMENT,309.155
ample_16,385,1,200,OK,PENDING_PAYMENT,314.607
ample_16,386,2,200,OK,PENDING_PAYMENT,323.757
ample_16,387,3,200,OK,PENDING_PAYMENT,311.062
ample_16,389,5,200,OK,PENDING_PAYMENT,319.704
ample_16,388,4,200,OK,PENDING_PAYMENT,354.619
ample_16,390,6,200,OK,PENDING_PAYMENT,328.189
ample_16,391,7,200,OK,PENDING_PAYMENT,331.918
ample_16,392,8,200,OK,PENDING_PAYMENT,327.863
ample_16,393,9,200,OK,PENDING_PAYMENT,324.637
ample_16,394,10,200,OK,PENDING_PAYMENT,336.276
ample_16,395,11,200,OK,PENDING_PAYMENT,328.090
ample_16,396,12,200,OK,PENDING_PAYMENT,321.261
ample_16,397,13,200,OK,PENDING_PAYMENT,287.844
ample_16,399,15,200,OK,PENDING_PAYMENT,265.084
ample_16,398,14,200,OK,PENDING_PAYMENT,284.272
ample_16,400,16,200,OK,PENDING_PAYMENT,274.187
ample_16,401,17,200,OK,PENDING_PAYMENT,267.114
ample_16,403,19,200,OK,PENDING_PAYMENT,251.806
ample_16,402,18,200,OK,PENDING_PAYMENT,271.418
ample_16,404,20,200,OK,PENDING_PAYMENT,250.336
ample_16,405,21,200,OK,PENDING_PAYMENT,242.440
ample_16,406,22,200,OK,PENDING_PAYMENT,247.068
ample_16,407,23,200,OK,PENDING_PAYMENT,247.214
ample_16,408,24,200,OK,PENDING_PAYMENT,256.175
ample_16,409,25,200,OK,PENDING_PAYMENT,257.266
ample_16,410,26,200,OK,PENDING_PAYMENT,255.080
ample_16,411,27,200,OK,PENDING_PAYMENT,256.910
ample_16,413,29,200,OK,PENDING_PAYMENT,246.961
ample_16,412,28,200,OK,PENDING_PAYMENT,276.364
ample_16,414,30,200,OK,PENDING_PAYMENT,269.534
ample_16,415,31,200,OK,PENDING_PAYMENT,264.170
ample_16,416,32,200,OK,PENDING_PAYMENT,260.006
ample_16,417,33,200,OK,PENDING_PAYMENT,253.869
ample_16,418,34,200,OK,PENDING_PAYMENT,251.414
ample_16,419,35,200,OK,PENDING_PAYMENT,254.055
ample_16,420,36,200,OK,PENDING_PAYMENT,269.504
ample_16,421,37,200,OK,PENDING_PAYMENT,264.740
ample_16,422,38,200,OK,PENDING_PAYMENT,280.189
ample_16,423,39,200,OK,PENDING_PAYMENT,281.170
ample_16,424,40,200,OK,PENDING_PAYMENT,276.004
ample_16,425,41,200,OK,PENDING_PAYMENT,276.305
ample_16,426,42,200,OK,PENDING_PAYMENT,266.961
ample_16,427,43,200,OK,PENDING_PAYMENT,267.018
ample_16,428,44,200,OK,PENDING_PAYMENT,269.707
ample_16,429,45,200,OK,PENDING_PAYMENT,266.886
ample_16,430,46,200,OK,PENDING_PAYMENT,263.903
ample_16,431,47,200,OK,PENDING_PAYMENT,263.772
ample_16,432,48,200,OK,PENDING_PAYMENT,266.959
ample_16,433,49,200,OK,PENDING_PAYMENT,269.617
ample_16,434,50,200,OK,PENDING_PAYMENT,275.790
ample_16,435,51,200,OK,PENDING_PAYMENT,272.842
ample_16,436,52,200,OK,PENDING_PAYMENT,257.578
ample_16,437,53,200,OK,PENDING_PAYMENT,258.392
ample_16,438,54,200,OK,PENDING_PAYMENT,243.436
ample_16,439,55,200,OK,PENDING_PAYMENT,242.319
ample_16,440,56,200,OK,PENDING_PAYMENT,244.405
ample_16,441,57,200,OK,PENDING_PAYMENT,247.134
ample_16,442,58,200,OK,PENDING_PAYMENT,252.716
ample_16,443,59,200,OK,PENDING_PAYMENT,255.519
ample_16,444,60,200,OK,PENDING_PAYMENT,252.348
ample_16,445,61,200,OK,PENDING_PAYMENT,250.904
ample_16,446,62,200,OK,PENDING_PAYMENT,245.473
ample_16,447,63,200,OK,PENDING_PAYMENT,250.759
ample_16,448,0,200,OK,PENDING_PAYMENT,248.443
ample_16,449,1,200,OK,PENDING_PAYMENT,251.415
ample_16,450,2,200,OK,PENDING_PAYMENT,244.822
ample_16,451,3,200,OK,PENDING_PAYMENT,242.028
ample_16,452,4,200,OK,PENDING_PAYMENT,242.793
ample_16,453,5,200,OK,PENDING_PAYMENT,242.947
ample_16,454,6,200,OK,PENDING_PAYMENT,242.411
ample_16,455,7,200,OK,PENDING_PAYMENT,236.238
ample_16,456,8,200,OK,PENDING_PAYMENT,242.720
ample_16,457,9,200,OK,PENDING_PAYMENT,239.783
ample_16,458,10,200,OK,PENDING_PAYMENT,239.370
ample_16,459,11,200,OK,PENDING_PAYMENT,239.929
ample_16,460,12,200,OK,PENDING_PAYMENT,240.481
ample_16,461,13,200,OK,PENDING_PAYMENT,240.913
ample_16,462,14,200,OK,PENDING_PAYMENT,243.595
ample_16,463,15,200,OK,PENDING_PAYMENT,258.386
ample_16,464,16,200,OK,PENDING_PAYMENT,261.366
ample_16,465,17,200,OK,PENDING_PAYMENT,253.438
ample_16,466,18,200,OK,PENDING_PAYMENT,252.927
ample_16,467,19,200,OK,PENDING_PAYMENT,255.052
ample_16,468,20,200,OK,PENDING_PAYMENT,249.206
ample_16,469,21,200,OK,PENDING_PAYMENT,252.054
ample_16,470,22,200,OK,PENDING_PAYMENT,252.503
ample_16,471,23,200,OK,PENDING_PAYMENT,251.887
ample_16,472,24,200,OK,PENDING_PAYMENT,248.568
ample_16,473,25,200,OK,PENDING_PAYMENT,248.001
ample_16,474,26,200,OK,PENDING_PAYMENT,253.862
ample_16,475,27,200,OK,PENDING_PAYMENT,250.463
ample_16,476,28,200,OK,PENDING_PAYMENT,250.883
ample_16,477,29,200,OK,PENDING_PAYMENT,248.589
ample_16,478,30,200,OK,PENDING_PAYMENT,257.820
ample_16,479,31,200,OK,PENDING_PAYMENT,240.261
ample_16,480,32,200,OK,PENDING_PAYMENT,242.852
ample_16,481,33,200,OK,PENDING_PAYMENT,244.682
ample_16,482,34,200,OK,PENDING_PAYMENT,254.475
ample_16,483,35,200,OK,PENDING_PAYMENT,263.527
ample_16,484,36,200,OK,PENDING_PAYMENT,277.361
ample_16,485,37,200,OK,PENDING_PAYMENT,293.262
ample_16,486,38,200,OK,PENDING_PAYMENT,283.700
ample_16,487,39,200,OK,PENDING_PAYMENT,295.243
ample_16,488,40,200,OK,PENDING_PAYMENT,301.123
ample_16,489,41,200,OK,PENDING_PAYMENT,310.181
ample_16,490,42,200,OK,PENDING_PAYMENT,300.947
ample_16,491,43,200,OK,PENDING_PAYMENT,301.135
ample_16,492,44,200,OK,PENDING_PAYMENT,300.893
ample_16,493,45,200,OK,PENDING_PAYMENT,300.482
ample_16,494,46,200,OK,PENDING_PAYMENT,293.035
ample_16,495,47,200,OK,PENDING_PAYMENT,299.412
ample_16,496,48,200,OK,PENDING_PAYMENT,285.109
ample_16,497,49,200,OK,PENDING_PAYMENT,291.638
ample_16,498,50,200,OK,PENDING_PAYMENT,287.734
ample_16,499,51,200,OK,PENDING_PAYMENT,283.104
ample_16,500,52,200,OK,PENDING_PAYMENT,275.020
ample_16,501,53,200,OK,PENDING_PAYMENT,256.380
ample_16,502,54,200,OK,PENDING_PAYMENT,265.989
ample_16,503,55,200,OK,PENDING_PAYMENT,254.625
ample_16,504,56,200,OK,PENDING_PAYMENT,249.158
ample_16,505,57,200,OK,PENDING_PAYMENT,240.350
ample_16,506,58,200,OK,PENDING_PAYMENT,237.902
ample_16,507,59,200,OK,PENDING_PAYMENT,237.814
ample_16,508,60,200,OK,PENDING_PAYMENT,237.607
ample_16,509,61,200,OK,PENDING_PAYMENT,243.084
ample_16,510,62,200,OK,PENDING_PAYMENT,241.460
ample_16,512,0,200,OK,PENDING_PAYMENT,233.577
ample_16,511,63,200,OK,PENDING_PAYMENT,253.897
ample_16,513,1,200,OK,PENDING_PAYMENT,249.933
ample_16,514,2,200,OK,PENDING_PAYMENT,248.022
ample_16,515,3,200,OK,PENDING_PAYMENT,243.519
ample_16,516,4,200,OK,PENDING_PAYMENT,240.739
ample_16,517,5,200,OK,PENDING_PAYMENT,245.925
ample_16,518,6,200,OK,PENDING_PAYMENT,242.599
ample_16,519,7,200,OK,PENDING_PAYMENT,251.877
ample_16,520,8,200,OK,PENDING_PAYMENT,251.693
ample_16,521,9,200,OK,PENDING_PAYMENT,243.090
ample_16,522,10,200,OK,PENDING_PAYMENT,251.994
ample_16,523,11,200,OK,PENDING_PAYMENT,246.540
ample_16,524,12,200,OK,PENDING_PAYMENT,252.453
ample_16,525,13,200,OK,PENDING_PAYMENT,243.770
ample_16,526,14,200,OK,PENDING_PAYMENT,244.594
ample_16,527,15,200,OK,PENDING_PAYMENT,235.449
ample_16,528,16,200,OK,PENDING_PAYMENT,241.319
ample_16,529,17,200,OK,PENDING_PAYMENT,239.955
ample_16,530,18,200,OK,PENDING_PAYMENT,240.754
ample_16,531,19,200,OK,PENDING_PAYMENT,240.562
ample_16,532,20,200,OK,PENDING_PAYMENT,238.672
ample_16,534,22,200,OK,PENDING_PAYMENT,223.375
ample_16,533,21,200,OK,PENDING_PAYMENT,253.023
ample_16,535,23,200,OK,PENDING_PAYMENT,233.741
ample_16,537,25,200,OK,PENDING_PAYMENT,226.048
ample_16,536,24,200,OK,PENDING_PAYMENT,246.060
ample_16,538,26,200,OK,PENDING_PAYMENT,238.373
ample_16,539,27,200,OK,PENDING_PAYMENT,250.118
ample_16,540,28,200,OK,PENDING_PAYMENT,240.417
ample_16,541,29,200,OK,PENDING_PAYMENT,247.134
ample_16,542,30,200,OK,PENDING_PAYMENT,247.272
ample_16,543,31,200,OK,PENDING_PAYMENT,256.731
ample_16,544,32,200,OK,PENDING_PAYMENT,250.606
ample_16,545,33,200,OK,PENDING_PAYMENT,254.061
ample_16,546,34,200,OK,PENDING_PAYMENT,249.436
ample_16,547,35,200,OK,PENDING_PAYMENT,336.740
ample_16,548,36,200,OK,PENDING_PAYMENT,352.529
ample_16,549,37,200,OK,PENDING_PAYMENT,351.326
ample_16,550,38,200,OK,PENDING_PAYMENT,353.333
ample_16,551,39,200,OK,PENDING_PAYMENT,344.696
ample_16,552,40,200,OK,PENDING_PAYMENT,345.498
ample_16,553,41,200,OK,PENDING_PAYMENT,351.164
ample_16,554,42,200,OK,PENDING_PAYMENT,344.944
ample_16,555,43,200,OK,PENDING_PAYMENT,342.363
ample_16,556,44,200,OK,PENDING_PAYMENT,346.619
ample_16,557,45,200,OK,PENDING_PAYMENT,350.638
ample_16,558,46,200,OK,PENDING_PAYMENT,353.358
ample_16,559,47,200,OK,PENDING_PAYMENT,349.532
ample_16,560,48,200,OK,PENDING_PAYMENT,349.562
ample_16,561,49,200,OK,PENDING_PAYMENT,347.091
ample_16,562,50,200,OK,PENDING_PAYMENT,350.439
ample_16,563,51,200,OK,PENDING_PAYMENT,270.077
ample_16,564,52,200,OK,PENDING_PAYMENT,256.190
ample_16,565,53,200,OK,PENDING_PAYMENT,248.422
ample_16,566,54,200,OK,PENDING_PAYMENT,247.429
ample_16,567,55,200,OK,PENDING_PAYMENT,247.840
ample_16,568,56,200,OK,PENDING_PAYMENT,247.298
ample_16,569,57,200,OK,PENDING_PAYMENT,249.797
ample_16,570,58,200,OK,PENDING_PAYMENT,250.355
ample_16,571,59,200,OK,PENDING_PAYMENT,249.846
ample_16,572,60,200,OK,PENDING_PAYMENT,251.467
ample_16,573,61,200,OK,PENDING_PAYMENT,243.991
ample_16,574,62,200,OK,PENDING_PAYMENT,242.651
ample_16,575,63,200,OK,PENDING_PAYMENT,247.196
ample_16,576,0,200,OK,PENDING_PAYMENT,256.126
ample_16,577,1,200,OK,PENDING_PAYMENT,252.692
ample_16,578,2,200,OK,PENDING_PAYMENT,243.820
ample_16,579,3,200,OK,PENDING_PAYMENT,237.794
ample_16,580,4,200,OK,PENDING_PAYMENT,229.305
ample_16,581,5,200,OK,PENDING_PAYMENT,244.447
ample_16,582,6,200,OK,PENDING_PAYMENT,247.475
ample_16,583,7,200,OK,PENDING_PAYMENT,250.206
ample_16,584,8,200,OK,PENDING_PAYMENT,247.394
ample_16,585,9,200,OK,PENDING_PAYMENT,244.901
ample_16,586,10,200,OK,PENDING_PAYMENT,249.098
ample_16,587,11,200,OK,PENDING_PAYMENT,246.046
ample_16,588,12,200,OK,PENDING_PAYMENT,247.508
ample_16,589,13,200,OK,PENDING_PAYMENT,249.626
ample_16,590,14,200,OK,PENDING_PAYMENT,244.153
ample_16,591,15,200,OK,PENDING_PAYMENT,248.336
ample_16,592,16,200,OK,PENDING_PAYMENT,241.614
ample_16,593,17,200,OK,PENDING_PAYMENT,242.859
ample_16,594,18,200,OK,PENDING_PAYMENT,248.632
ample_16,595,19,200,OK,PENDING_PAYMENT,250.336
ample_16,596,20,200,OK,PENDING_PAYMENT,259.264
ample_16,597,21,200,OK,PENDING_PAYMENT,252.995
ample_16,598,22,200,OK,PENDING_PAYMENT,244.625
ample_16,599,23,200,OK,PENDING_PAYMENT,247.718
ample_16,600,24,200,OK,PENDING_PAYMENT,257.517
ample_16,601,25,200,OK,PENDING_PAYMENT,263.030
ample_16,602,26,200,OK,PENDING_PAYMENT,265.748
ample_16,603,27,200,OK,PENDING_PAYMENT,278.072
ample_16,604,28,200,OK,PENDING_PAYMENT,293.785
ample_16,605,29,200,OK,PENDING_PAYMENT,290.627
ample_16,606,30,200,OK,PENDING_PAYMENT,307.591
ample_16,607,31,200,OK,PENDING_PAYMENT,293.879
ample_16,608,32,200,OK,PENDING_PAYMENT,292.103
ample_16,609,33,200,OK,PENDING_PAYMENT,290.560
ample_16,610,34,200,OK,PENDING_PAYMENT,299.482
ample_16,611,35,200,OK,PENDING_PAYMENT,294.853
ample_16,612,36,200,OK,PENDING_PAYMENT,297.650
ample_16,613,37,200,OK,PENDING_PAYMENT,286.867
ample_16,614,38,200,OK,PENDING_PAYMENT,297.180
ample_16,615,39,200,OK,PENDING_PAYMENT,294.526
ample_16,616,40,200,OK,PENDING_PAYMENT,284.390
ample_16,618,42,200,OK,PENDING_PAYMENT,253.611
ample_16,617,41,200,OK,PENDING_PAYMENT,289.766
ample_16,619,43,200,OK,PENDING_PAYMENT,263.649
ample_16,620,44,200,OK,PENDING_PAYMENT,243.865
ample_16,621,45,200,OK,PENDING_PAYMENT,244.873
ample_16,622,46,200,OK,PENDING_PAYMENT,231.070
ample_16,623,47,200,OK,PENDING_PAYMENT,236.609
ample_16,624,48,200,OK,PENDING_PAYMENT,239.486
ample_16,625,49,200,OK,PENDING_PAYMENT,242.998
ample_16,626,50,200,OK,PENDING_PAYMENT,239.814
ample_16,627,51,200,OK,PENDING_PAYMENT,244.984
ample_16,628,52,200,OK,PENDING_PAYMENT,244.761
ample_16,629,53,200,OK,PENDING_PAYMENT,252.090
ample_16,630,54,200,OK,PENDING_PAYMENT,242.005
ample_16,631,55,200,OK,PENDING_PAYMENT,247.410
ample_16,632,56,200,OK,PENDING_PAYMENT,253.527
ample_16,633,57,200,OK,PENDING_PAYMENT,259.809
ample_16,634,58,200,OK,PENDING_PAYMENT,250.358
ample_16,635,59,200,OK,PENDING_PAYMENT,254.868
ample_16,636,60,200,OK,PENDING_PAYMENT,242.840
ample_16,637,61,200,OK,PENDING_PAYMENT,244.600
ample_16,638,62,200,OK,PENDING_PAYMENT,239.271
ample_16,639,63,200,OK,PENDING_PAYMENT,244.846
ample_16,640,0,200,OK,PENDING_PAYMENT,258.991
ample_16,641,1,200,OK,PENDING_PAYMENT,250.259
ample_16,642,2,200,OK,PENDING_PAYMENT,254.514
ample_16,643,3,200,OK,PENDING_PAYMENT,261.275
ample_16,644,4,200,OK,PENDING_PAYMENT,245.647
ample_16,645,5,200,OK,PENDING_PAYMENT,249.230
ample_16,646,6,200,OK,PENDING_PAYMENT,242.527
ample_16,647,7,200,OK,PENDING_PAYMENT,249.360
ample_16,648,8,200,OK,PENDING_PAYMENT,245.485
ample_16,649,9,200,OK,PENDING_PAYMENT,241.743
ample_16,650,10,200,OK,PENDING_PAYMENT,253.487
ample_16,651,11,200,OK,PENDING_PAYMENT,251.879
ample_16,652,12,200,OK,PENDING_PAYMENT,263.778
ample_16,653,13,200,OK,PENDING_PAYMENT,255.848
ample_16,654,14,200,OK,PENDING_PAYMENT,261.848
ample_16,655,15,200,OK,PENDING_PAYMENT,259.201
ample_16,656,16,200,OK,PENDING_PAYMENT,244.811
ample_16,657,17,200,OK,PENDING_PAYMENT,250.832
ample_16,658,18,200,OK,PENDING_PAYMENT,244.123
ample_16,659,19,200,OK,PENDING_PAYMENT,234.971
ample_16,660,20,200,OK,PENDING_PAYMENT,247.271
ample_16,662,22,200,OK,PENDING_PAYMENT,238.307
ample_16,661,21,200,OK,PENDING_PAYMENT,264.152
ample_16,663,23,200,OK,PENDING_PAYMENT,250.703
ample_16,664,24,200,OK,PENDING_PAYMENT,251.835
ample_16,665,25,200,OK,PENDING_PAYMENT,266.911
ample_16,666,26,200,OK,PENDING_PAYMENT,271.761
ample_16,667,27,200,OK,PENDING_PAYMENT,280.306
ample_16,668,28,200,OK,PENDING_PAYMENT,288.931
ample_16,669,29,200,OK,PENDING_PAYMENT,297.547
ample_16,670,30,200,OK,PENDING_PAYMENT,297.359
ample_16,671,31,200,OK,PENDING_PAYMENT,294.484
ample_16,672,32,200,OK,PENDING_PAYMENT,294.531
ample_16,673,33,200,OK,PENDING_PAYMENT,291.138
ample_16,674,34,200,OK,PENDING_PAYMENT,290.970
ample_16,675,35,200,OK,PENDING_PAYMENT,291.107
ample_16,676,36,200,OK,PENDING_PAYMENT,288.990
ample_16,677,37,200,OK,PENDING_PAYMENT,294.424
ample_16,678,38,200,OK,PENDING_PAYMENT,287.312
ample_16,679,39,200,OK,PENDING_PAYMENT,287.484
ample_16,680,40,200,OK,PENDING_PAYMENT,284.014
ample_16,681,41,200,OK,PENDING_PAYMENT,266.240
ample_16,682,42,200,OK,PENDING_PAYMENT,258.962
ample_16,683,43,200,OK,PENDING_PAYMENT,247.386
ample_16,684,44,200,OK,PENDING_PAYMENT,235.522
ample_16,685,45,200,OK,PENDING_PAYMENT,235.619
ample_16,686,46,200,OK,PENDING_PAYMENT,242.480
ample_16,687,47,200,OK,PENDING_PAYMENT,260.131
ample_16,688,48,200,OK,PENDING_PAYMENT,253.667
ample_16,689,49,200,OK,PENDING_PAYMENT,254.490
ample_16,690,50,200,OK,PENDING_PAYMENT,257.856
ample_16,691,51,200,OK,PENDING_PAYMENT,260.782
ample_16,692,52,200,OK,PENDING_PAYMENT,259.774
ample_16,693,53,200,OK,PENDING_PAYMENT,254.017
ample_16,694,54,200,OK,PENDING_PAYMENT,257.891
ample_16,695,55,200,OK,PENDING_PAYMENT,258.037
ample_16,696,56,200,OK,PENDING_PAYMENT,265.068
ample_16,697,57,200,OK,PENDING_PAYMENT,267.678
ample_16,698,58,200,OK,PENDING_PAYMENT,263.849
ample_16,699,59,200,OK,PENDING_PAYMENT,264.582
ample_16,700,60,200,OK,PENDING_PAYMENT,268.103
ample_16,701,61,200,OK,PENDING_PAYMENT,264.799
ample_16,702,62,200,OK,PENDING_PAYMENT,257.845
ample_16,703,63,200,OK,PENDING_PAYMENT,252.211
ample_16,704,0,200,OK,PENDING_PAYMENT,261.159
ample_16,705,1,200,OK,PENDING_PAYMENT,266.355
ample_16,706,2,200,OK,PENDING_PAYMENT,266.358
ample_16,707,3,200,OK,PENDING_PAYMENT,266.391
ample_16,708,4,200,OK,PENDING_PAYMENT,268.516
ample_16,709,5,200,OK,PENDING_PAYMENT,272.028
ample_16,710,6,200,OK,PENDING_PAYMENT,274.158
ample_16,711,7,200,OK,PENDING_PAYMENT,271.014
ample_16,712,8,200,OK,PENDING_PAYMENT,264.163
ample_16,713,9,200,OK,PENDING_PAYMENT,268.820
ample_16,714,10,200,OK,PENDING_PAYMENT,271.258
ample_16,715,11,200,OK,PENDING_PAYMENT,270.560
ample_16,716,12,200,OK,PENDING_PAYMENT,276.832
ample_16,717,13,200,OK,PENDING_PAYMENT,271.379
ample_16,718,14,200,OK,PENDING_PAYMENT,282.681
ample_16,719,15,200,OK,PENDING_PAYMENT,261.245
ample_16,720,16,200,OK,PENDING_PAYMENT,262.298
ample_16,721,17,200,OK,PENDING_PAYMENT,266.169
ample_16,722,18,200,OK,PENDING_PAYMENT,256.723
ample_16,723,19,200,OK,PENDING_PAYMENT,254.795
ample_16,724,20,200,OK,PENDING_PAYMENT,254.328
ample_16,725,21,200,OK,PENDING_PAYMENT,262.621
ample_16,726,22,200,OK,PENDING_PAYMENT,271.338
ample_16,727,23,200,OK,PENDING_PAYMENT,273.985
ample_16,728,24,200,OK,PENDING_PAYMENT,279.492
ample_16,730,26,200,OK,PENDING_PAYMENT,261.516
ample_16,729,25,200,OK,PENDING_PAYMENT,288.809
ample_16,731,27,200,OK,PENDING_PAYMENT,268.545
ample_16,732,28,200,OK,PENDING_PAYMENT,261.810
ample_16,733,29,200,OK,PENDING_PAYMENT,271.150
ample_16,734,30,200,OK,PENDING_PAYMENT,259.222
ample_16,735,31,200,OK,PENDING_PAYMENT,268.528
ample_16,736,32,200,OK,PENDING_PAYMENT,272.408
ample_16,738,34,200,OK,PENDING_PAYMENT,259.340
ample_16,737,33,200,OK,PENDING_PAYMENT,272.385
ample_16,739,35,200,OK,PENDING_PAYMENT,261.299
ample_16,740,36,200,OK,PENDING_PAYMENT,254.198
ample_16,741,37,200,OK,PENDING_PAYMENT,250.202
ample_16,742,38,200,OK,PENDING_PAYMENT,231.571
ample_16,743,39,200,OK,PENDING_PAYMENT,237.219
ample_16,744,40,200,OK,PENDING_PAYMENT,231.512
ample_16,745,41,200,OK,PENDING_PAYMENT,230.655
ample_16,746,42,200,OK,PENDING_PAYMENT,233.823
ample_16,747,43,200,OK,PENDING_PAYMENT,233.174
ample_16,748,44,200,OK,PENDING_PAYMENT,236.808
ample_16,749,45,200,OK,PENDING_PAYMENT,236.718
ample_16,750,46,200,OK,PENDING_PAYMENT,236.726
ample_16,751,47,200,OK,PENDING_PAYMENT,242.179
ample_16,752,48,200,OK,PENDING_PAYMENT,244.062
ample_16,754,50,200,OK,PENDING_PAYMENT,225.451
ample_16,753,49,200,OK,PENDING_PAYMENT,247.906
ample_16,756,52,200,OK,PENDING_PAYMENT,237.699
ample_16,755,51,200,OK,PENDING_PAYMENT,258.340
ample_16,758,54,200,OK,PENDING_PAYMENT,241.577
ample_16,757,53,200,OK,PENDING_PAYMENT,268.968
ample_16,759,55,200,OK,PENDING_PAYMENT,261.195
ample_16,760,56,200,OK,PENDING_PAYMENT,267.146
ample_16,761,57,200,OK,PENDING_PAYMENT,273.096
ample_16,762,58,200,OK,PENDING_PAYMENT,281.408
ample_16,763,59,200,OK,PENDING_PAYMENT,280.849
ample_16,764,60,200,OK,PENDING_PAYMENT,275.170
ample_16,765,61,200,OK,PENDING_PAYMENT,275.085
ample_16,766,62,200,OK,PENDING_PAYMENT,271.684
ample_16,767,63,200,OK,PENDING_PAYMENT,272.878
ample_16,769,1,200,OK,PENDING_PAYMENT,256.561
ample_16,768,0,200,OK,PENDING_PAYMENT,276.736
ample_16,770,2,200,OK,PENDING_PAYMENT,272.076
ample_16,771,3,200,OK,PENDING_PAYMENT,275.185
ample_16,772,4,200,OK,PENDING_PAYMENT,295.176
ample_16,773,5,200,OK,PENDING_PAYMENT,282.511
ample_16,774,6,200,OK,PENDING_PAYMENT,279.245
ample_16,775,7,200,OK,PENDING_PAYMENT,274.389
ample_16,776,8,200,OK,PENDING_PAYMENT,280.085
ample_16,777,9,200,OK,PENDING_PAYMENT,274.312
ample_16,778,10,200,OK,PENDING_PAYMENT,268.949
ample_16,779,11,200,OK,PENDING_PAYMENT,263.635
ample_16,780,12,200,OK,PENDING_PAYMENT,264.002
ample_16,781,13,200,OK,PENDING_PAYMENT,263.376
ample_16,782,14,200,OK,PENDING_PAYMENT,267.481
ample_16,783,15,200,OK,PENDING_PAYMENT,264.451
ample_16,784,16,200,OK,PENDING_PAYMENT,267.092
ample_16,785,17,200,OK,PENDING_PAYMENT,264.282
ample_16,786,18,200,OK,PENDING_PAYMENT,278.701
ample_16,787,19,200,OK,PENDING_PAYMENT,284.451
ample_16,788,20,200,OK,PENDING_PAYMENT,271.466
ample_16,789,21,200,OK,PENDING_PAYMENT,289.589
ample_16,790,22,200,OK,PENDING_PAYMENT,290.048
ample_16,791,23,200,OK,PENDING_PAYMENT,296.519
ample_16,792,24,200,OK,PENDING_PAYMENT,290.806
ample_16,793,25,200,OK,PENDING_PAYMENT,290.016
ample_16,794,26,200,OK,PENDING_PAYMENT,293.047
ample_16,795,27,200,OK,PENDING_PAYMENT,298.775
ample_16,796,28,200,OK,PENDING_PAYMENT,306.606
ample_16,797,29,200,OK,PENDING_PAYMENT,310.886
ample_16,798,30,200,OK,PENDING_PAYMENT,312.886
ample_16,799,31,200,OK,PENDING_PAYMENT,308.932
ample_16,800,32,200,OK,PENDING_PAYMENT,309.297
ample_16,801,33,200,OK,PENDING_PAYMENT,312.487
ample_16,802,34,200,OK,PENDING_PAYMENT,301.875
ample_16,803,35,200,OK,PENDING_PAYMENT,291.895
ample_16,804,36,200,OK,PENDING_PAYMENT,284.179
ample_16,805,37,200,OK,PENDING_PAYMENT,278.226
ample_16,806,38,200,OK,PENDING_PAYMENT,274.252
ample_16,807,39,200,OK,PENDING_PAYMENT,263.899
ample_16,808,40,200,OK,PENDING_PAYMENT,270.739
ample_16,809,41,200,OK,PENDING_PAYMENT,271.353
ample_16,810,42,200,OK,PENDING_PAYMENT,261.590
ample_16,811,43,200,OK,PENDING_PAYMENT,267.682
ample_16,812,44,200,OK,PENDING_PAYMENT,259.246
ample_16,813,45,200,OK,PENDING_PAYMENT,255.869
ample_16,814,46,200,OK,PENDING_PAYMENT,249.795
ample_16,815,47,200,OK,PENDING_PAYMENT,253.441
ample_16,816,48,200,OK,PENDING_PAYMENT,253.536
ample_16,817,49,200,OK,PENDING_PAYMENT,252.946
ample_16,818,50,200,OK,PENDING_PAYMENT,252.228
ample_16,819,51,200,OK,PENDING_PAYMENT,250.427
ample_16,820,52,200,OK,PENDING_PAYMENT,253.202
ample_16,821,53,200,OK,PENDING_PAYMENT,250.421
ample_16,822,54,200,OK,PENDING_PAYMENT,253.825
ample_16,823,55,200,OK,PENDING_PAYMENT,253.609
ample_16,824,56,200,OK,PENDING_PAYMENT,247.849
ample_16,825,57,200,OK,PENDING_PAYMENT,244.134
ample_16,826,58,200,OK,PENDING_PAYMENT,248.417
ample_16,827,59,200,OK,PENDING_PAYMENT,242.879
ample_16,828,60,200,OK,PENDING_PAYMENT,245.929
ample_16,829,61,200,OK,PENDING_PAYMENT,253.351
ample_16,830,62,200,OK,PENDING_PAYMENT,253.804
ample_16,831,63,200,OK,PENDING_PAYMENT,250.714
ample_16,832,0,200,OK,PENDING_PAYMENT,248.135
ample_16,833,1,200,OK,PENDING_PAYMENT,250.118
ample_16,834,2,200,OK,PENDING_PAYMENT,248.256
ample_16,835,3,200,OK,PENDING_PAYMENT,253.840
ample_16,836,4,200,OK,PENDING_PAYMENT,244.850
ample_16,837,5,200,OK,PENDING_PAYMENT,244.566
ample_16,838,6,200,OK,PENDING_PAYMENT,241.305
ample_16,839,7,200,OK,PENDING_PAYMENT,244.507
ample_16,840,8,200,OK,PENDING_PAYMENT,240.322
ample_16,841,9,200,OK,PENDING_PAYMENT,244.062
ample_16,842,10,200,OK,PENDING_PAYMENT,253.101
ample_16,843,11,200,OK,PENDING_PAYMENT,255.661
ample_16,844,12,200,OK,PENDING_PAYMENT,253.165
ample_16,845,13,200,OK,PENDING_PAYMENT,250.510
ample_16,846,14,200,OK,PENDING_PAYMENT,259.861
ample_16,847,15,200,OK,PENDING_PAYMENT,280.242
ample_16,848,16,200,OK,PENDING_PAYMENT,291.476
ample_16,849,17,200,OK,PENDING_PAYMENT,288.395
ample_16,850,18,200,OK,PENDING_PAYMENT,285.178
ample_16,851,19,200,OK,PENDING_PAYMENT,279.751
ample_16,852,20,200,OK,PENDING_PAYMENT,288.478
ample_16,853,21,200,OK,PENDING_PAYMENT,288.859
ample_16,854,22,200,OK,PENDING_PAYMENT,291.974
ample_16,855,23,200,OK,PENDING_PAYMENT,292.239
ample_16,856,24,200,OK,PENDING_PAYMENT,289.285
ample_16,857,25,200,OK,PENDING_PAYMENT,289.701
ample_16,858,26,200,OK,PENDING_PAYMENT,277.342
ample_16,859,27,200,OK,PENDING_PAYMENT,283.350
ample_16,860,28,200,OK,PENDING_PAYMENT,294.759
ample_16,861,29,200,OK,PENDING_PAYMENT,280.349
ample_16,862,30,200,OK,PENDING_PAYMENT,275.060
ample_16,863,31,200,OK,PENDING_PAYMENT,248.718
ample_16,864,32,200,OK,PENDING_PAYMENT,243.127
ample_16,865,33,200,OK,PENDING_PAYMENT,237.672
ample_16,866,34,200,OK,PENDING_PAYMENT,239.397
ample_16,867,35,200,OK,PENDING_PAYMENT,242.147
ample_16,868,36,200,OK,PENDING_PAYMENT,242.413
ample_16,869,37,200,OK,PENDING_PAYMENT,248.305
ample_16,870,38,200,OK,PENDING_PAYMENT,247.793
ample_16,871,39,200,OK,PENDING_PAYMENT,248.517
ample_16,872,40,200,OK,PENDING_PAYMENT,251.370
ample_16,874,42,200,OK,PENDING_PAYMENT,238.476
ample_16,873,41,200,OK,PENDING_PAYMENT,263.151
ample_16,875,43,200,OK,PENDING_PAYMENT,245.554
ample_16,876,44,200,OK,PENDING_PAYMENT,235.144
ample_16,877,45,200,OK,PENDING_PAYMENT,247.516
ample_16,878,46,200,OK,PENDING_PAYMENT,250.219
ample_16,879,47,200,OK,PENDING_PAYMENT,262.944
ample_16,880,48,200,OK,PENDING_PAYMENT,259.129
ample_16,881,49,200,OK,PENDING_PAYMENT,266.389
ample_16,882,50,200,OK,PENDING_PAYMENT,266.454
ample_16,883,51,200,OK,PENDING_PAYMENT,262.843
ample_16,884,52,200,OK,PENDING_PAYMENT,266.455
ample_16,885,53,200,OK,PENDING_PAYMENT,270.109
ample_16,886,54,200,OK,PENDING_PAYMENT,261.791
ample_16,887,55,200,OK,PENDING_PAYMENT,267.520
ample_16,888,56,200,OK,PENDING_PAYMENT,261.870
ample_16,889,57,200,OK,PENDING_PAYMENT,264.611
ample_16,890,58,200,OK,PENDING_PAYMENT,261.463
ample_16,891,59,200,OK,PENDING_PAYMENT,266.689
ample_16,892,60,200,OK,PENDING_PAYMENT,255.351
ample_16,893,61,200,OK,PENDING_PAYMENT,257.960
ample_16,894,62,200,OK,PENDING_PAYMENT,253.811
ample_16,895,63,200,OK,PENDING_PAYMENT,250.132
ample_16,896,0,200,OK,PENDING_PAYMENT,251.096
ample_16,897,1,200,OK,PENDING_PAYMENT,249.058
ample_16,899,3,200,OK,PENDING_PAYMENT,232.117
ample_16,898,2,200,OK,PENDING_PAYMENT,268.726
ample_16,900,4,200,OK,PENDING_PAYMENT,256.332
ample_16,902,6,200,OK,PENDING_PAYMENT,236.804
ample_16,901,5,200,OK,PENDING_PAYMENT,259.337
ample_16,903,7,200,OK,PENDING_PAYMENT,243.023
ample_16,904,8,200,OK,PENDING_PAYMENT,255.976
ample_16,905,9,200,OK,PENDING_PAYMENT,253.268
ample_16,906,10,200,OK,PENDING_PAYMENT,255.382
ample_16,907,11,200,OK,PENDING_PAYMENT,260.879
ample_16,908,12,200,OK,PENDING_PAYMENT,271.623
ample_16,909,13,200,OK,PENDING_PAYMENT,284.098
ample_16,910,14,200,OK,PENDING_PAYMENT,296.758
ample_16,911,15,200,OK,PENDING_PAYMENT,293.692
ample_16,912,16,200,OK,PENDING_PAYMENT,284.099
ample_16,913,17,200,OK,PENDING_PAYMENT,291.142
ample_16,914,18,200,OK,PENDING_PAYMENT,296.514
ample_16,915,19,200,OK,PENDING_PAYMENT,288.326
ample_16,916,20,200,OK,PENDING_PAYMENT,282.114
ample_16,917,21,200,OK,PENDING_PAYMENT,285.649
ample_16,919,23,200,OK,PENDING_PAYMENT,275.635
ample_16,918,22,200,OK,PENDING_PAYMENT,297.885
ample_16,920,24,200,OK,PENDING_PAYMENT,280.569
ample_16,921,25,200,OK,PENDING_PAYMENT,280.839
ample_16,922,26,200,OK,PENDING_PAYMENT,285.337
ample_16,923,27,200,OK,PENDING_PAYMENT,273.829
ample_16,924,28,200,OK,PENDING_PAYMENT,278.777
ample_16,925,29,200,OK,PENDING_PAYMENT,258.498
ample_16,926,30,200,OK,PENDING_PAYMENT,243.779
ample_16,927,31,200,OK,PENDING_PAYMENT,247.125
ample_16,928,32,200,OK,PENDING_PAYMENT,247.753
ample_16,929,33,200,OK,PENDING_PAYMENT,244.090
ample_16,930,34,200,OK,PENDING_PAYMENT,238.562
ample_16,931,35,200,OK,PENDING_PAYMENT,237.842
ample_16,932,36,200,OK,PENDING_PAYMENT,243.990
ample_16,933,37,200,OK,PENDING_PAYMENT,240.012
ample_16,934,38,200,OK,PENDING_PAYMENT,234.928
ample_16,935,39,200,OK,PENDING_PAYMENT,237.549
ample_16,936,40,200,OK,PENDING_PAYMENT,233.405
ample_16,937,41,200,OK,PENDING_PAYMENT,229.349
ample_16,938,42,200,OK,PENDING_PAYMENT,231.023
ample_16,939,43,200,OK,PENDING_PAYMENT,237.404
ample_16,940,44,200,OK,PENDING_PAYMENT,234.005
ample_16,941,45,200,OK,PENDING_PAYMENT,233.403
ample_16,942,46,200,OK,PENDING_PAYMENT,230.598
ample_16,943,47,200,OK,PENDING_PAYMENT,239.432
ample_16,944,48,200,OK,PENDING_PAYMENT,241.569
ample_16,945,49,200,OK,PENDING_PAYMENT,242.256
ample_16,946,50,200,OK,PENDING_PAYMENT,241.908
ample_16,947,51,200,OK,PENDING_PAYMENT,242.148
ample_16,948,52,200,OK,PENDING_PAYMENT,241.683
ample_16,949,53,200,OK,PENDING_PAYMENT,253.812
ample_16,950,54,200,OK,PENDING_PAYMENT,246.767
ample_16,951,55,200,OK,PENDING_PAYMENT,252.633
ample_16,952,56,200,OK,PENDING_PAYMENT,257.850
ample_16,953,57,200,OK,PENDING_PAYMENT,261.580
ample_16,954,58,200,OK,PENDING_PAYMENT,253.725
ample_16,955,59,200,OK,PENDING_PAYMENT,247.445
ample_16,956,60,200,OK,PENDING_PAYMENT,238.380
ample_16,957,61,200,OK,PENDING_PAYMENT,244.380
ample_16,958,62,200,OK,PENDING_PAYMENT,252.867
ample_16,959,63,200,OK,PENDING_PAYMENT,238.114
ample_16,960,0,200,OK,PENDING_PAYMENT,247.317
ample_16,961,1,200,OK,PENDING_PAYMENT,234.685
ample_16,962,2,200,OK,PENDING_PAYMENT,241.475
ample_16,963,3,200,OK,PENDING_PAYMENT,241.334
ample_16,964,4,200,OK,PENDING_PAYMENT,242.181
ample_16,965,5,200,OK,PENDING_PAYMENT,242.533
ample_16,966,6,200,OK,PENDING_PAYMENT,239.907
ample_16,967,7,200,OK,PENDING_PAYMENT,234.963
ample_16,968,8,200,OK,PENDING_PAYMENT,228.640
ample_16,969,9,200,OK,PENDING_PAYMENT,225.405
ample_16,970,10,200,OK,PENDING_PAYMENT,228.771
ample_16,971,11,200,OK,PENDING_PAYMENT,237.541
ample_16,972,12,200,OK,PENDING_PAYMENT,252.278
ample_16,973,13,200,OK,PENDING_PAYMENT,259.860
ample_16,974,14,200,OK,PENDING_PAYMENT,265.338
ample_16,975,15,200,OK,PENDING_PAYMENT,262.622
ample_16,977,17,200,OK,PENDING_PAYMENT,254.739
ample_16,976,16,200,OK,PENDING_PAYMENT,267.818
ample_16,978,18,200,OK,PENDING_PAYMENT,258.161
ample_16,979,19,200,OK,PENDING_PAYMENT,249.078
ample_16,980,20,200,OK,PENDING_PAYMENT,241.867
ample_16,981,21,200,OK,PENDING_PAYMENT,235.291
ample_16,982,22,200,OK,PENDING_PAYMENT,248.321
ample_16,983,23,200,OK,PENDING_PAYMENT,256.384
ample_16,984,24,200,OK,PENDING_PAYMENT,262.433
ample_16,985,25,200,OK,PENDING_PAYMENT,267.623
ample_16,986,26,200,OK,PENDING_PAYMENT,271.408
ample_16,987,27,200,OK,PENDING_PAYMENT,262.964
ample_16,988,28,200,OK,PENDING_PAYMENT,254.161
ample_16,989,29,200,OK,PENDING_PAYMENT,243.062
ample_16,990,30,200,OK,PENDING_PAYMENT,225.300
ample_16,991,31,200,OK,PENDING_PAYMENT,231.261
ample_16,993,33,200,OK,PENDING_PAYMENT,213.777
ample_16,992,32,200,OK,PENDING_PAYMENT,238.301
ample_16,994,34,200,OK,PENDING_PAYMENT,225.579
ample_16,995,35,200,OK,PENDING_PAYMENT,235.332
ample_16,996,36,200,OK,PENDING_PAYMENT,230.255
ample_16,997,37,200,OK,PENDING_PAYMENT,225.432
ample_16,998,38,200,OK,PENDING_PAYMENT,225.983
ample_16,999,39,200,OK,PENDING_PAYMENT,214.602
ample_32,6,6,200,OK,PENDING_PAYMENT,149.732
ample_32,14,14,200,OK,PENDING_PAYMENT,174.705
ample_32,4,4,200,OK,PENDING_PAYMENT,206.182
ample_32,2,2,200,OK,PENDING_PAYMENT,206.353
ample_32,13,13,200,OK,PENDING_PAYMENT,206.067
ample_32,16,16,200,OK,PENDING_PAYMENT,224.568
ample_32,11,11,200,OK,PENDING_PAYMENT,233.899
ample_32,17,17,200,OK,PENDING_PAYMENT,249.461
ample_32,1,1,200,OK,PENDING_PAYMENT,265.824
ample_32,9,9,200,OK,PENDING_PAYMENT,281.254
ample_32,3,3,200,OK,PENDING_PAYMENT,303.006
ample_32,29,29,200,OK,PENDING_PAYMENT,357.074
ample_32,0,0,200,OK,PENDING_PAYMENT,378.538
ample_32,7,7,200,OK,PENDING_PAYMENT,378.218
ample_32,31,31,200,OK,PENDING_PAYMENT,385.929
ample_32,10,10,200,OK,PENDING_PAYMENT,405.346
ample_32,21,21,200,OK,PENDING_PAYMENT,415.374
ample_32,19,19,200,OK,PENDING_PAYMENT,439.420
ample_32,23,23,200,OK,PENDING_PAYMENT,458.454
ample_32,8,8,200,OK,PENDING_PAYMENT,464.918
ample_32,15,15,200,OK,PENDING_PAYMENT,484.842
ample_32,20,20,200,OK,PENDING_PAYMENT,494.488
ample_32,5,5,200,OK,PENDING_PAYMENT,522.429
ample_32,28,28,200,OK,PENDING_PAYMENT,524.276
ample_32,24,24,200,OK,PENDING_PAYMENT,543.146
ample_32,30,30,200,OK,PENDING_PAYMENT,555.320
ample_32,18,18,200,OK,PENDING_PAYMENT,569.032
ample_32,25,25,200,OK,PENDING_PAYMENT,581.546
ample_32,12,12,200,OK,PENDING_PAYMENT,597.790
ample_32,27,27,200,OK,PENDING_PAYMENT,609.900
ample_32,26,26,200,OK,PENDING_PAYMENT,625.635
ample_32,22,22,200,OK,PENDING_PAYMENT,642.521
ample_32,32,32,200,OK,PENDING_PAYMENT,508.077
ample_32,33,33,200,OK,PENDING_PAYMENT,499.292
ample_32,36,36,200,OK,PENDING_PAYMENT,483.352
ample_32,35,35,200,OK,PENDING_PAYMENT,495.927
ample_32,34,34,200,OK,PENDING_PAYMENT,509.287
ample_32,38,38,200,OK,PENDING_PAYMENT,494.238
ample_32,37,37,200,OK,PENDING_PAYMENT,525.009
ample_32,39,39,200,OK,PENDING_PAYMENT,522.212
ample_32,40,40,200,OK,PENDING_PAYMENT,512.803
ample_32,41,41,200,OK,PENDING_PAYMENT,513.441
ample_32,42,42,200,OK,PENDING_PAYMENT,498.544
ample_32,43,43,200,OK,PENDING_PAYMENT,458.871
ample_32,46,46,200,OK,PENDING_PAYMENT,435.889
ample_32,45,45,200,OK,PENDING_PAYMENT,460.987
ample_32,44,44,200,OK,PENDING_PAYMENT,473.559
ample_32,48,48,200,OK,PENDING_PAYMENT,452.255
ample_32,47,47,200,OK,PENDING_PAYMENT,481.356
ample_32,49,49,200,OK,PENDING_PAYMENT,467.312
ample_32,51,51,200,OK,PENDING_PAYMENT,451.034
ample_32,50,50,200,OK,PENDING_PAYMENT,472.499
ample_32,52,52,200,OK,PENDING_PAYMENT,459.070
ample_32,53,53,200,OK,PENDING_PAYMENT,464.952
ample_32,54,54,200,OK,PENDING_PAYMENT,446.808
ample_32,55,55,200,OK,PENDING_PAYMENT,456.794
ample_32,56,56,200,OK,PENDING_PAYMENT,453.842
ample_32,57,57,200,OK,PENDING_PAYMENT,457.117
ample_32,58,58,200,OK,PENDING_PAYMENT,460.359
ample_32,59,59,200,OK,PENDING_PAYMENT,463.051
ample_32,60,60,200,OK,PENDING_PAYMENT,474.217
ample_32,61,61,200,OK,PENDING_PAYMENT,482.483
ample_32,62,62,200,OK,PENDING_PAYMENT,470.311
ample_32,63,63,200,OK,PENDING_PAYMENT,470.348
ample_32,64,0,200,OK,PENDING_PAYMENT,462.531
ample_32,65,1,200,OK,PENDING_PAYMENT,464.424
ample_32,66,2,200,OK,PENDING_PAYMENT,455.456
ample_32,67,3,200,OK,PENDING_PAYMENT,460.217
ample_32,69,5,200,OK,PENDING_PAYMENT,440.322
ample_32,68,4,200,OK,PENDING_PAYMENT,469.738
ample_32,70,6,200,OK,PENDING_PAYMENT,453.093
ample_32,72,8,200,OK,PENDING_PAYMENT,440.847
ample_32,71,7,200,OK,PENDING_PAYMENT,468.740
ample_32,73,9,200,OK,PENDING_PAYMENT,463.925
ample_32,74,10,200,OK,PENDING_PAYMENT,463.944
ample_32,75,11,200,OK,PENDING_PAYMENT,465.137
ample_32,76,12,200,OK,PENDING_PAYMENT,465.728
ample_32,77,13,200,OK,PENDING_PAYMENT,474.982
ample_32,78,14,200,OK,PENDING_PAYMENT,469.201
ample_32,79,15,200,OK,PENDING_PAYMENT,480.817
ample_32,80,16,200,OK,PENDING_PAYMENT,482.768
ample_32,81,17,200,OK,PENDING_PAYMENT,468.656
ample_32,82,18,200,OK,PENDING_PAYMENT,476.210
ample_32,83,19,200,OK,PENDING_PAYMENT,467.831
ample_32,84,20,200,OK,PENDING_PAYMENT,471.277
ample_32,85,21,200,OK,PENDING_PAYMENT,465.044
ample_32,86,22,200,OK,PENDING_PAYMENT,465.259
ample_32,87,23,200,OK,PENDING_PAYMENT,471.472
ample_32,88,24,200,OK,PENDING_PAYMENT,462.223
ample_32,89,25,200,OK,PENDING_PAYMENT,459.116
ample_32,90,26,200,OK,PENDING_PAYMENT,468.537
ample_32,91,27,200,OK,PENDING_PAYMENT,468.268
ample_32,92,28,200,OK,PENDING_PAYMENT,457.511
ample_32,94,30,200,OK,PENDING_PAYMENT,447.974
ample_32,93,29,200,OK,PENDING_PAYMENT,467.238
ample_32,95,31,200,OK,PENDING_PAYMENT,463.528
ample_32,96,32,200,OK,PENDING_PAYMENT,471.813
ample_32,97,33,200,OK,PENDING_PAYMENT,469.482
ample_32,98,34,200,OK,PENDING_PAYMENT,478.526
ample_32,100,36,200,OK,PENDING_PAYMENT,467.515
ample_32,99,35,200,OK,PENDING_PAYMENT,486.703
ample_32,101,37,200,OK,PENDING_PAYMENT,485.156
ample_32,102,38,200,OK,PENDING_PAYMENT,483.485
ample_32,103,39,200,OK,PENDING_PAYMENT,476.557
ample_32,104,40,200,OK,PENDING_PAYMENT,468.818
ample_32,106,42,200,OK,PENDING_PAYMENT,463.852
ample_32,105,41,200,OK,PENDING_PAYMENT,488.469
ample_32,107,43,200,OK,PENDING_PAYMENT,485.935
ample_32,108,44,200,OK,PENDING_PAYMENT,494.784
ample_32,109,45,200,OK,PENDING_PAYMENT,482.291
ample_32,110,46,200,OK,PENDING_PAYMENT,494.416
ample_32,111,47,200,OK,PENDING_PAYMENT,482.856
ample_32,112,48,200,OK,PENDING_PAYMENT,481.003
ample_32,113,49,200,OK,PENDING_PAYMENT,493.579
ample_32,114,50,200,OK,PENDING_PAYMENT,498.925
ample_32,115,51,200,OK,PENDING_PAYMENT,501.030
ample_32,116,52,200,OK,PENDING_PAYMENT,504.440
ample_32,117,53,200,OK,PENDING_PAYMENT,501.998
ample_32,118,54,200,OK,PENDING_PAYMENT,507.038
ample_32,119,55,200,OK,PENDING_PAYMENT,507.370
ample_32,120,56,200,OK,PENDING_PAYMENT,507.787
ample_32,121,57,200,OK,PENDING_PAYMENT,517.221
ample_32,122,58,200,OK,PENDING_PAYMENT,514.234
ample_32,123,59,200,OK,PENDING_PAYMENT,513.899
ample_32,124,60,200,OK,PENDING_PAYMENT,510.939
ample_32,125,61,200,OK,PENDING_PAYMENT,519.241
ample_32,126,62,200,OK,PENDING_PAYMENT,517.750
ample_32,127,63,200,OK,PENDING_PAYMENT,517.501
ample_32,128,0,200,OK,PENDING_PAYMENT,514.840
ample_32,129,1,200,OK,PENDING_PAYMENT,515.143
ample_32,130,2,200,OK,PENDING_PAYMENT,512.349
ample_32,131,3,200,OK,PENDING_PAYMENT,517.999
ample_32,132,4,200,OK,PENDING_PAYMENT,517.885
ample_32,133,5,200,OK,PENDING_PAYMENT,509.062
ample_32,134,6,200,OK,PENDING_PAYMENT,509.534
ample_32,135,7,200,OK,PENDING_PAYMENT,525.083
ample_32,136,8,200,OK,PENDING_PAYMENT,520.519
ample_32,137,9,200,OK,PENDING_PAYMENT,513.612
ample_32,138,10,200,OK,PENDING_PAYMENT,514.588
ample_32,139,11,200,OK,PENDING_PAYMENT,511.598
ample_32,140,12,200,OK,PENDING_PAYMENT,511.765
ample_32,141,13,200,OK,PENDING_PAYMENT,507.325
ample_32,142,14,200,OK,PENDING_PAYMENT,509.676
ample_32,143,15,200,OK,PENDING_PAYMENT,522.228
ample_32,144,16,200,OK,PENDING_PAYMENT,524.696
ample_32,145,17,200,OK,PENDING_PAYMENT,516.636
ample_32,146,18,200,OK,PENDING_PAYMENT,513.221
ample_32,147,19,200,OK,PENDING_PAYMENT,544.745
ample_32,148,20,200,OK,PENDING_PAYMENT,540.803
ample_32,149,21,200,OK,PENDING_PAYMENT,540.685
ample_32,150,22,200,OK,PENDING_PAYMENT,544.976
ample_32,152,24,200,OK,PENDING_PAYMENT,525.420
ample_32,151,23,200,OK,PENDING_PAYMENT,544.431
ample_32,153,25,200,OK,PENDING_PAYMENT,528.213
ample_32,154,26,200,OK,PENDING_PAYMENT,530.707
ample_32,155,27,200,OK,PENDING_PAYMENT,537.213
ample_32,156,28,200,OK,PENDING_PAYMENT,533.398
ample_32,157,29,200,OK,PENDING_PAYMENT,525.805
ample_32,158,30,200,OK,PENDING_PAYMENT,520.839
ample_32,159,31,200,OK,PENDING_PAYMENT,518.281
ample_32,160,32,200,OK,PENDING_PAYMENT,524.544
ample_32,161,33,200,OK,PENDING_PAYMENT,523.883
ample_32,162,34,200,OK,PENDING_PAYMENT,519.437
ample_32,163,35,200,OK,PENDING_PAYMENT,521.939
ample_32,164,36,200,OK,PENDING_PAYMENT,534.955
ample_32,165,37,200,OK,PENDING_PAYMENT,533.027
ample_32,166,38,200,OK,PENDING_PAYMENT,534.697
ample_32,167,39,200,OK,PENDING_PAYMENT,521.999
ample_32,168,40,200,OK,PENDING_PAYMENT,520.711
ample_32,169,41,200,OK,PENDING_PAYMENT,525.706
ample_32,170,42,200,OK,PENDING_PAYMENT,522.330
ample_32,171,43,200,OK,PENDING_PAYMENT,519.381
ample_32,173,45,200,OK,PENDING_PAYMENT,513.939
ample_32,172,44,200,OK,PENDING_PAYMENT,534.180
ample_32,174,46,200,OK,PENDING_PAYMENT,517.643
ample_32,175,47,200,OK,PENDING_PAYMENT,503.920
ample_32,176,48,200,OK,PENDING_PAYMENT,502.335
ample_32,178,50,200,OK,PENDING_PAYMENT,491.930
ample_32,177,49,200,OK,PENDING_PAYMENT,525.416
ample_32,179,51,200,OK,PENDING_PAYMENT,479.330
ample_32,180,52,200,OK,PENDING_PAYMENT,476.745
ample_32,181,53,200,OK,PENDING_PAYMENT,488.723
ample_32,182,54,200,OK,PENDING_PAYMENT,482.586
ample_32,183,55,200,OK,PENDING_PAYMENT,488.340
ample_32,185,57,200,OK,PENDING_PAYMENT,485.196
ample_32,184,56,200,OK,PENDING_PAYMENT,514.082
ample_32,186,58,200,OK,PENDING_PAYMENT,485.855
ample_32,187,59,200,OK,PENDING_PAYMENT,485.789
ample_32,188,60,200,OK,PENDING_PAYMENT,483.486
ample_32,189,61,200,OK,PENDING_PAYMENT,484.940
ample_32,190,62,200,OK,PENDING_PAYMENT,495.080
ample_32,191,63,200,OK,PENDING_PAYMENT,504.430
ample_32,192,0,200,OK,PENDING_PAYMENT,494.788
ample_32,194,2,200,OK,PENDING_PAYMENT,486.489
ample_32,193,1,200,OK,PENDING_PAYMENT,513.238
ample_32,195,3,200,OK,PENDING_PAYMENT,506.372
ample_32,196,4,200,OK,PENDING_PAYMENT,506.950
ample_32,197,5,200,OK,PENDING_PAYMENT,499.676
ample_32,198,6,200,OK,PENDING_PAYMENT,506.177
ample_32,199,7,200,OK,PENDING_PAYMENT,501.544
ample_32,200,8,200,OK,PENDING_PAYMENT,515.189
ample_32,201,9,200,OK,PENDING_PAYMENT,503.484
ample_32,202,10,200,OK,PENDING_PAYMENT,516.097
ample_32,203,11,200,OK,PENDING_PAYMENT,519.622
ample_32,204,12,200,OK,PENDING_PAYMENT,525.215
ample_32,205,13,200,OK,PENDING_PAYMENT,534.594
ample_32,206,14,200,OK,PENDING_PAYMENT,537.554
ample_32,207,15,200,OK,PENDING_PAYMENT,547.226
ample_32,208,16,200,OK,PENDING_PAYMENT,542.796
ample_32,209,17,200,OK,PENDING_PAYMENT,545.534
ample_32,210,18,200,OK,PENDING_PAYMENT,543.340
ample_32,211,19,200,OK,PENDING_PAYMENT,543.251
ample_32,212,20,200,OK,PENDING_PAYMENT,548.972
ample_32,213,21,200,OK,PENDING_PAYMENT,544.977
ample_32,214,22,200,OK,PENDING_PAYMENT,544.765
ample_32,215,23,200,OK,PENDING_PAYMENT,554.526
ample_32,216,24,200,OK,PENDING_PAYMENT,548.015
ample_32,217,25,200,OK,PENDING_PAYMENT,541.295
ample_32,218,26,200,OK,PENDING_PAYMENT,547.834
ample_32,219,27,200,OK,PENDING_PAYMENT,538.648
ample_32,220,28,200,OK,PENDING_PAYMENT,553.609
ample_32,221,29,200,OK,PENDING_PAYMENT,549.443
ample_32,222,30,200,OK,PENDING_PAYMENT,545.341
ample_32,223,31,200,OK,PENDING_PAYMENT,539.512
ample_32,224,32,200,OK,PENDING_PAYMENT,543.207
ample_32,225,33,200,OK,PENDING_PAYMENT,543.886
ample_32,226,34,200,OK,PENDING_PAYMENT,540.783
ample_32,227,35,200,OK,PENDING_PAYMENT,534.876
ample_32,228,36,200,OK,PENDING_PAYMENT,523.702
ample_32,229,37,200,OK,PENDING_PAYMENT,533.597
ample_32,230,38,200,OK,PENDING_PAYMENT,525.941
ample_32,231,39,200,OK,PENDING_PAYMENT,545.479
ample_32,233,41,200,OK,PENDING_PAYMENT,559.818
ample_32,232,40,200,OK,PENDING_PAYMENT,578.499
ample_32,234,42,200,OK,PENDING_PAYMENT,566.754
ample_32,235,43,200,OK,PENDING_PAYMENT,563.882
ample_32,236,44,200,OK,PENDING_PAYMENT,552.721
ample_32,237,45,200,OK,PENDING_PAYMENT,543.087
ample_32,238,46,200,OK,PENDING_PAYMENT,548.427
ample_32,239,47,200,OK,PENDING_PAYMENT,526.661
ample_32,240,48,200,OK,PENDING_PAYMENT,524.461
ample_32,241,49,200,OK,PENDING_PAYMENT,518.594
ample_32,242,50,200,OK,PENDING_PAYMENT,521.948
ample_32,243,51,200,OK,PENDING_PAYMENT,528.602
ample_32,244,52,200,OK,PENDING_PAYMENT,519.764
ample_32,245,53,200,OK,PENDING_PAYMENT,521.272
ample_32,246,54,200,OK,PENDING_PAYMENT,527.284
ample_32,247,55,200,OK,PENDING_PAYMENT,511.563
ample_32,248,56,200,OK,PENDING_PAYMENT,509.448
ample_32,249,57,200,OK,PENDING_PAYMENT,515.939
ample_32,250,58,200,OK,PENDING_PAYMENT,517.051
ample_32,251,59,200,OK,PENDING_PAYMENT,517.420
ample_32,252,60,200,OK,PENDING_PAYMENT,512.596
ample_32,253,61,200,OK,PENDING_PAYMENT,517.305
ample_32,254,62,200,OK,PENDING_PAYMENT,514.639
ample_32,255,63,200,OK,PENDING_PAYMENT,514.374
ample_32,256,0,200,OK,PENDING_PAYMENT,517.134
ample_32,257,1,200,OK,PENDING_PAYMENT,523.225
ample_32,258,2,200,OK,PENDING_PAYMENT,523.857
ample_32,259,3,200,OK,PENDING_PAYMENT,523.634
ample_32,260,4,200,OK,PENDING_PAYMENT,516.293
ample_32,261,5,200,OK,PENDING_PAYMENT,516.559
ample_32,262,6,200,OK,PENDING_PAYMENT,515.367
ample_32,263,7,200,OK,PENDING_PAYMENT,501.293
ample_32,264,8,200,OK,PENDING_PAYMENT,474.878
ample_32,265,9,200,OK,PENDING_PAYMENT,478.620
ample_32,266,10,200,OK,PENDING_PAYMENT,463.243
ample_32,267,11,200,OK,PENDING_PAYMENT,473.542
ample_32,268,12,200,OK,PENDING_PAYMENT,494.495
ample_32,269,13,200,OK,PENDING_PAYMENT,490.839
ample_32,270,14,200,OK,PENDING_PAYMENT,493.141
ample_32,271,15,200,OK,PENDING_PAYMENT,493.686
ample_32,272,16,200,OK,PENDING_PAYMENT,496.130
ample_32,273,17,200,OK,PENDING_PAYMENT,496.402
ample_32,274,18,200,OK,PENDING_PAYMENT,495.974
ample_32,275,19,200,OK,PENDING_PAYMENT,498.386
ample_32,276,20,200,OK,PENDING_PAYMENT,501.018
ample_32,277,21,200,OK,PENDING_PAYMENT,495.085
ample_32,278,22,200,OK,PENDING_PAYMENT,492.773
ample_32,279,23,200,OK,PENDING_PAYMENT,497.278
ample_32,280,24,200,OK,PENDING_PAYMENT,497.226
ample_32,281,25,200,OK,PENDING_PAYMENT,494.368
ample_32,282,26,200,OK,PENDING_PAYMENT,490.528
ample_32,283,27,200,OK,PENDING_PAYMENT,489.439
ample_32,284,28,200,OK,PENDING_PAYMENT,486.992
ample_32,285,29,200,OK,PENDING_PAYMENT,485.170
ample_32,286,30,200,OK,PENDING_PAYMENT,478.893
ample_32,287,31,200,OK,PENDING_PAYMENT,479.120
ample_32,288,32,200,OK,PENDING_PAYMENT,484.555
ample_32,289,33,200,OK,PENDING_PAYMENT,492.008
ample_32,290,34,200,OK,PENDING_PAYMENT,491.021
ample_32,291,35,200,OK,PENDING_PAYMENT,490.429
ample_32,292,36,200,OK,PENDING_PAYMENT,501.420
ample_32,293,37,200,OK,PENDING_PAYMENT,503.678
ample_32,294,38,200,OK,PENDING_PAYMENT,500.892
ample_32,295,39,200,OK,PENDING_PAYMENT,502.691
ample_32,296,40,200,OK,PENDING_PAYMENT,506.445
ample_32,298,42,200,OK,PENDING_PAYMENT,495.703
ample_32,297,41,200,OK,PENDING_PAYMENT,518.303
ample_32,299,43,200,OK,PENDING_PAYMENT,500.469
ample_32,300,44,200,OK,PENDING_PAYMENT,485.723
ample_32,301,45,200,OK,PENDING_PAYMENT,495.966
ample_32,302,46,200,OK,PENDING_PAYMENT,477.007
ample_32,303,47,200,OK,PENDING_PAYMENT,489.360
ample_32,304,48,200,OK,PENDING_PAYMENT,481.176
ample_32,305,49,200,OK,PENDING_PAYMENT,479.676
ample_32,306,50,200,OK,PENDING_PAYMENT,479.542
ample_32,307,51,200,OK,PENDING_PAYMENT,469.739
ample_32,308,52,200,OK,PENDING_PAYMENT,472.339
ample_32,309,53,200,OK,PENDING_PAYMENT,474.627
ample_32,310,54,200,OK,PENDING_PAYMENT,476.846
ample_32,311,55,200,OK,PENDING_PAYMENT,484.375
ample_32,312,56,200,OK,PENDING_PAYMENT,485.986
ample_32,313,57,200,OK,PENDING_PAYMENT,486.013
ample_32,314,58,200,OK,PENDING_PAYMENT,491.181
ample_32,315,59,200,OK,PENDING_PAYMENT,497.896
ample_32,316,60,200,OK,PENDING_PAYMENT,501.876
ample_32,317,61,200,OK,PENDING_PAYMENT,496.705
ample_32,318,62,200,OK,PENDING_PAYMENT,508.103
ample_32,319,63,200,OK,PENDING_PAYMENT,498.410
ample_32,320,0,200,OK,PENDING_PAYMENT,516.827
ample_32,321,1,200,OK,PENDING_PAYMENT,515.342
ample_32,322,2,200,OK,PENDING_PAYMENT,521.841
ample_32,323,3,200,OK,PENDING_PAYMENT,519.172
ample_32,324,4,200,OK,PENDING_PAYMENT,515.705
ample_32,325,5,200,OK,PENDING_PAYMENT,513.439
ample_32,326,6,200,OK,PENDING_PAYMENT,515.671
ample_32,327,7,200,OK,PENDING_PAYMENT,516.642
ample_32,328,8,200,OK,PENDING_PAYMENT,522.155
ample_32,329,9,200,OK,PENDING_PAYMENT,540.231
ample_32,330,10,200,OK,PENDING_PAYMENT,541.462
ample_32,331,11,200,OK,PENDING_PAYMENT,540.314
ample_32,332,12,200,OK,PENDING_PAYMENT,546.225
ample_32,333,13,200,OK,PENDING_PAYMENT,539.620
ample_32,334,14,200,OK,PENDING_PAYMENT,548.760
ample_32,335,15,200,OK,PENDING_PAYMENT,555.138
ample_32,336,16,200,OK,PENDING_PAYMENT,572.084
ample_32,337,17,200,OK,PENDING_PAYMENT,561.640
ample_32,338,18,200,OK,PENDING_PAYMENT,559.094
ample_32,339,19,200,OK,PENDING_PAYMENT,557.525
ample_32,340,20,200,OK,PENDING_PAYMENT,557.456
ample_32,341,21,200,OK,PENDING_PAYMENT,557.224
ample_32,342,22,200,OK,PENDING_PAYMENT,557.046
ample_32,343,23,200,OK,PENDING_PAYMENT,554.879
ample_32,344,24,200,OK,PENDING_PAYMENT,554.021
ample_32,345,25,200,OK,PENDING_PAYMENT,553.615
ample_32,346,26,200,OK,PENDING_PAYMENT,551.991
ample_32,347,27,200,OK,PENDING_PAYMENT,546.307
ample_32,348,28,200,OK,PENDING_PAYMENT,546.254
ample_32,349,29,200,OK,PENDING_PAYMENT,550.780
ample_32,350,30,200,OK,PENDING_PAYMENT,552.549
ample_32,351,31,200,OK,PENDING_PAYMENT,560.395
ample_32,352,32,200,OK,PENDING_PAYMENT,536.514
ample_32,353,33,200,OK,PENDING_PAYMENT,520.851
ample_32,354,34,200,OK,PENDING_PAYMENT,515.372
ample_32,355,35,200,OK,PENDING_PAYMENT,518.723
ample_32,356,36,200,OK,PENDING_PAYMENT,522.779
ample_32,357,37,200,OK,PENDING_PAYMENT,524.354
ample_32,358,38,200,OK,PENDING_PAYMENT,525.384
ample_32,359,39,200,OK,PENDING_PAYMENT,531.178
ample_32,360,40,200,OK,PENDING_PAYMENT,522.108
ample_32,361,41,200,OK,PENDING_PAYMENT,504.345
ample_32,362,42,200,OK,PENDING_PAYMENT,504.049
ample_32,363,43,200,OK,PENDING_PAYMENT,508.354
ample_32,364,44,200,OK,PENDING_PAYMENT,496.107
ample_32,365,45,200,OK,PENDING_PAYMENT,502.710
ample_32,366,46,200,OK,PENDING_PAYMENT,505.712
ample_32,367,47,200,OK,PENDING_PAYMENT,498.466
ample_32,368,48,200,OK,PENDING_PAYMENT,490.890
ample_32,369,49,200,OK,PENDING_PAYMENT,498.706
ample_32,370,50,200,OK,PENDING_PAYMENT,504.146
ample_32,371,51,200,OK,PENDING_PAYMENT,512.744
ample_32,372,52,200,OK,PENDING_PAYMENT,513.830
ample_32,373,53,200,OK,PENDING_PAYMENT,520.966
ample_32,374,54,200,OK,PENDING_PAYMENT,527.988
ample_32,375,55,200,OK,PENDING_PAYMENT,517.710
ample_32,376,56,200,OK,PENDING_PAYMENT,519.944
ample_32,377,57,200,OK,PENDING_PAYMENT,521.075
ample_32,378,58,200,OK,PENDING_PAYMENT,527.825
ample_32,379,59,200,OK,PENDING_PAYMENT,529.524
ample_32,380,60,200,OK,PENDING_PAYMENT,522.105
ample_32,381,61,200,OK,PENDING_PAYMENT,525.954
ample_32,382,62,200,OK,PENDING_PAYMENT,518.287
ample_32,383,63,200,OK,PENDING_PAYMENT,528.568
ample_32,384,0,200,OK,PENDING_PAYMENT,516.314
ample_32,385,1,200,OK,PENDING_PAYMENT,519.828
ample_32,386,2,200,OK,PENDING_PAYMENT,525.993
ample_32,387,3,200,OK,PENDING_PAYMENT,534.820
ample_32,388,4,200,OK,PENDING_PAYMENT,521.983
ample_32,389,5,200,OK,PENDING_PAYMENT,523.456
ample_32,390,6,200,OK,PENDING_PAYMENT,519.450
ample_32,391,7,200,OK,PENDING_PAYMENT,519.390
ample_32,392,8,200,OK,PENDING_PAYMENT,530.125
ample_32,393,9,200,OK,PENDING_PAYMENT,538.676
ample_32,394,10,200,OK,PENDING_PAYMENT,527.849
ample_32,395,11,200,OK,PENDING_PAYMENT,525.876
ample_32,396,12,200,OK,PENDING_PAYMENT,522.885
ample_32,397,13,200,OK,PENDING_PAYMENT,523.675
ample_32,398,14,200,OK,PENDING_PAYMENT,516.450
ample_32,399,15,200,OK,PENDING_PAYMENT,514.241
ample_32,400,16,200,OK,PENDING_PAYMENT,516.232
ample_32,401,17,200,OK,PENDING_PAYMENT,517.033
ample_32,402,18,200,OK,PENDING_PAYMENT,526.379
ample_32,403,19,200,OK,PENDING_PAYMENT,526.761
ample_32,404,20,200,OK,PENDING_PAYMENT,516.687
ample_32,405,21,200,OK,PENDING_PAYMENT,513.067
ample_32,406,22,200,OK,PENDING_PAYMENT,494.330
ample_32,407,23,200,OK,PENDING_PAYMENT,510.156
ample_32,408,24,200,OK,PENDING_PAYMENT,509.096
ample_32,409,25,200,OK,PENDING_PAYMENT,511.493
ample_32,410,26,200,OK,PENDING_PAYMENT,500.936
ample_32,411,27,200,OK,PENDING_PAYMENT,507.630
ample_32,412,28,200,OK,PENDING_PAYMENT,515.949
ample_32,413,29,200,OK,PENDING_PAYMENT,503.007
ample_32,414,30,200,OK,PENDING_PAYMENT,510.565
ample_32,415,31,200,OK,PENDING_PAYMENT,492.520
ample_32,417,33,200,OK,PENDING_PAYMENT,485.776
ample_32,416,32,200,OK,PENDING_PAYMENT,517.880
ample_32,418,34,200,OK,PENDING_PAYMENT,496.920
ample_32,419,35,200,OK,PENDING_PAYMENT,487.836
ample_32,420,36,200,OK,PENDING_PAYMENT,488.036
ample_32,421,37,200,OK,PENDING_PAYMENT,488.328
ample_32,423,39,200,OK,PENDING_PAYMENT,461.422
ample_32,422,38,200,OK,PENDING_PAYMENT,498.830
ample_32,424,40,200,OK,PENDING_PAYMENT,468.692
ample_32,426,42,200,OK,PENDING_PAYMENT,469.798
ample_32,425,41,200,OK,PENDING_PAYMENT,496.905
ample_32,427,43,200,OK,PENDING_PAYMENT,483.867
ample_32,428,44,200,OK,PENDING_PAYMENT,496.519
ample_32,429,45,200,OK,PENDING_PAYMENT,495.739
ample_32,430,46,200,OK,PENDING_PAYMENT,499.577
ample_32,431,47,200,OK,PENDING_PAYMENT,502.298
ample_32,433,49,200,OK,PENDING_PAYMENT,486.079
ample_32,432,48,200,OK,PENDING_PAYMENT,510.742
ample_32,434,50,200,OK,PENDING_PAYMENT,486.457
ample_32,435,51,200,OK,PENDING_PAYMENT,482.575
ample_32,436,52,200,OK,PENDING_PAYMENT,489.093
ample_32,437,53,200,OK,PENDING_PAYMENT,486.492
ample_32,438,54,200,OK,PENDING_PAYMENT,496.679
ample_32,439,55,200,OK,PENDING_PAYMENT,492.581
ample_32,440,56,200,OK,PENDING_PAYMENT,492.994
ample_32,442,58,200,OK,PENDING_PAYMENT,473.663
ample_32,441,57,200,OK,PENDING_PAYMENT,503.281
ample_32,443,59,200,OK,PENDING_PAYMENT,478.397
ample_32,444,60,200,OK,PENDING_PAYMENT,471.716
ample_32,445,61,200,OK,PENDING_PAYMENT,477.594
ample_32,446,62,200,OK,PENDING_PAYMENT,473.701
ample_32,447,63,200,OK,PENDING_PAYMENT,479.288
ample_32,448,0,200,OK,PENDING_PAYMENT,485.164
ample_32,449,1,200,OK,PENDING_PAYMENT,488.496
ample_32,450,2,200,OK,PENDING_PAYMENT,480.731
ample_32,451,3,200,OK,PENDING_PAYMENT,478.644
ample_32,452,4,200,OK,PENDING_PAYMENT,478.730
ample_32,453,5,200,OK,PENDING_PAYMENT,477.967
ample_32,454,6,200,OK,PENDING_PAYMENT,483.678
ample_32,455,7,200,OK,PENDING_PAYMENT,487.226
ample_32,456,8,200,OK,PENDING_PAYMENT,487.526
ample_32,457,9,200,OK,PENDING_PAYMENT,483.547
ample_32,458,10,200,OK,PENDING_PAYMENT,478.015
ample_32,459,11,200,OK,PENDING_PAYMENT,481.222
ample_32,460,12,200,OK,PENDING_PAYMENT,480.119
ample_32,461,13,200,OK,PENDING_PAYMENT,473.850
ample_32,462,14,200,OK,PENDING_PAYMENT,476.388
ample_32,463,15,200,OK,PENDING_PAYMENT,485.883
ample_32,464,16,200,OK,PENDING_PAYMENT,494.761
ample_32,465,17,200,OK,PENDING_PAYMENT,494.990
ample_32,466,18,200,OK,PENDING_PAYMENT,495.060
ample_32,467,19,200,OK,PENDING_PAYMENT,491.709
ample_32,468,20,200,OK,PENDING_PAYMENT,506.517
ample_32,469,21,200,OK,PENDING_PAYMENT,506.574
ample_32,470,22,200,OK,PENDING_PAYMENT,498.862
ample_32,471,23,200,OK,PENDING_PAYMENT,502.886
ample_32,472,24,200,OK,PENDING_PAYMENT,493.457
ample_32,473,25,200,OK,PENDING_PAYMENT,502.898
ample_32,474,26,200,OK,PENDING_PAYMENT,502.145
ample_32,475,27,200,OK,PENDING_PAYMENT,501.959
ample_32,476,28,200,OK,PENDING_PAYMENT,505.873
ample_32,477,29,200,OK,PENDING_PAYMENT,503.560
ample_32,479,31,200,OK,PENDING_PAYMENT,496.284
ample_32,478,30,200,OK,PENDING_PAYMENT,525.425
ample_32,480,32,200,OK,PENDING_PAYMENT,515.211
ample_32,481,33,200,OK,PENDING_PAYMENT,511.643
ample_32,482,34,200,OK,PENDING_PAYMENT,523.498
ample_32,484,36,200,OK,PENDING_PAYMENT,518.573
ample_32,483,35,200,OK,PENDING_PAYMENT,537.862
ample_32,485,37,200,OK,PENDING_PAYMENT,539.158
ample_32,486,38,200,OK,PENDING_PAYMENT,541.909
ample_32,488,40,200,OK,PENDING_PAYMENT,513.717
ample_32,487,39,200,OK,PENDING_PAYMENT,545.377
ample_32,489,41,200,OK,PENDING_PAYMENT,515.411
ample_32,490,42,200,OK,PENDING_PAYMENT,522.042
ample_32,491,43,200,OK,PENDING_PAYMENT,536.004
ample_32,492,44,200,OK,PENDING_PAYMENT,536.599
ample_32,493,45,200,OK,PENDING_PAYMENT,536.291
ample_32,494,46,200,OK,PENDING_PAYMENT,533.312
ample_32,495,47,200,OK,PENDING_PAYMENT,527.125
ample_32,496,48,200,OK,PENDING_PAYMENT,520.256
ample_32,497,49,200,OK,PENDING_PAYMENT,519.985
ample_32,498,50,200,OK,PENDING_PAYMENT,522.430
ample_32,499,51,200,OK,PENDING_PAYMENT,522.961
ample_32,500,52,200,OK,PENDING_PAYMENT,508.334
ample_32,501,53,200,OK,PENDING_PAYMENT,514.190
ample_32,502,54,200,OK,PENDING_PAYMENT,522.943
ample_32,503,55,200,OK,PENDING_PAYMENT,516.802
ample_32,504,56,200,OK,PENDING_PAYMENT,528.905
ample_32,505,57,200,OK,PENDING_PAYMENT,534.269
ample_32,506,58,200,OK,PENDING_PAYMENT,530.479
ample_32,507,59,200,OK,PENDING_PAYMENT,543.520
ample_32,508,60,200,OK,PENDING_PAYMENT,542.518
ample_32,509,61,200,OK,PENDING_PAYMENT,541.970
ample_32,510,62,200,OK,PENDING_PAYMENT,540.380
ample_32,511,63,200,OK,PENDING_PAYMENT,542.899
ample_32,512,0,200,OK,PENDING_PAYMENT,528.166
ample_32,513,1,200,OK,PENDING_PAYMENT,534.185
ample_32,514,2,200,OK,PENDING_PAYMENT,518.981
ample_32,516,4,200,OK,PENDING_PAYMENT,509.727
ample_32,515,3,200,OK,PENDING_PAYMENT,554.978
ample_32,517,5,200,OK,PENDING_PAYMENT,532.822
ample_32,518,6,200,OK,PENDING_PAYMENT,536.170
ample_32,519,7,200,OK,PENDING_PAYMENT,545.578
ample_32,520,8,200,OK,PENDING_PAYMENT,538.761
ample_32,521,9,200,OK,PENDING_PAYMENT,545.642
ample_32,522,10,200,OK,PENDING_PAYMENT,526.149
ample_32,523,11,200,OK,PENDING_PAYMENT,526.943
ample_32,524,12,200,OK,PENDING_PAYMENT,520.936
ample_32,525,13,200,OK,PENDING_PAYMENT,515.951
ample_32,526,14,200,OK,PENDING_PAYMENT,519.864
ample_32,527,15,200,OK,PENDING_PAYMENT,507.050
ample_32,528,16,200,OK,PENDING_PAYMENT,508.818
ample_32,529,17,200,OK,PENDING_PAYMENT,515.136
ample_32,530,18,200,OK,PENDING_PAYMENT,511.457
ample_32,531,19,200,OK,PENDING_PAYMENT,514.392
ample_32,532,20,200,OK,PENDING_PAYMENT,520.695
ample_32,533,21,200,OK,PENDING_PAYMENT,520.931
ample_32,534,22,200,OK,PENDING_PAYMENT,512.628
ample_32,535,23,200,OK,PENDING_PAYMENT,515.204
ample_32,536,24,200,OK,PENDING_PAYMENT,503.422
ample_32,537,25,200,OK,PENDING_PAYMENT,495.282
ample_32,538,26,200,OK,PENDING_PAYMENT,495.570
ample_32,539,27,200,OK,PENDING_PAYMENT,495.320
ample_32,541,29,200,OK,PENDING_PAYMENT,489.696
ample_32,540,28,200,OK,PENDING_PAYMENT,505.732
ample_32,542,30,200,OK,PENDING_PAYMENT,495.404
ample_32,543,31,200,OK,PENDING_PAYMENT,483.445
ample_32,544,32,200,OK,PENDING_PAYMENT,498.503
ample_32,545,33,200,OK,PENDING_PAYMENT,479.862
ample_32,546,34,200,OK,PENDING_PAYMENT,486.308
ample_32,547,35,200,OK,PENDING_PAYMENT,485.715
ample_32,548,36,200,OK,PENDING_PAYMENT,466.117
ample_32,549,37,200,OK,PENDING_PAYMENT,474.177
ample_32,550,38,200,OK,PENDING_PAYMENT,472.093
ample_32,551,39,200,OK,PENDING_PAYMENT,468.570
ample_32,552,40,200,OK,PENDING_PAYMENT,483.540
ample_32,553,41,200,OK,PENDING_PAYMENT,488.307
ample_32,554,42,200,OK,PENDING_PAYMENT,506.857
ample_32,555,43,200,OK,PENDING_PAYMENT,482.768
ample_32,556,44,200,OK,PENDING_PAYMENT,489.923
ample_32,557,45,200,OK,PENDING_PAYMENT,485.763
ample_32,558,46,200,OK,PENDING_PAYMENT,482.125
ample_32,559,47,200,OK,PENDING_PAYMENT,497.336
ample_32,560,48,200,OK,PENDING_PAYMENT,494.207
ample_32,561,49,200,OK,PENDING_PAYMENT,490.924
ample_32,562,50,200,OK,PENDING_PAYMENT,492.485
ample_32,563,51,200,OK,PENDING_PAYMENT,492.093
ample_32,564,52,200,OK,PENDING_PAYMENT,491.872
ample_32,565,53,200,OK,PENDING_PAYMENT,494.036
ample_32,566,54,200,OK,PENDING_PAYMENT,487.920
ample_32,567,55,200,OK,PENDING_PAYMENT,489.032
ample_32,568,56,200,OK,PENDING_PAYMENT,488.435
ample_32,570,58,200,OK,PENDING_PAYMENT,476.479
ample_32,569,57,200,OK,PENDING_PAYMENT,498.194
ample_32,571,59,200,OK,PENDING_PAYMENT,480.072
ample_32,573,61,200,OK,PENDING_PAYMENT,460.823
ample_32,572,60,200,OK,PENDING_PAYMENT,485.837
ample_32,574,62,200,OK,PENDING_PAYMENT,479.759
ample_32,575,63,200,OK,PENDING_PAYMENT,484.551
ample_32,576,0,200,OK,PENDING_PAYMENT,480.095
ample_32,577,1,200,OK,PENDING_PAYMENT,493.062
ample_32,578,2,200,OK,PENDING_PAYMENT,495.932
ample_32,579,3,200,OK,PENDING_PAYMENT,484.126
ample_32,580,4,200,OK,PENDING_PAYMENT,487.460
ample_32,581,5,200,OK,PENDING_PAYMENT,471.587
ample_32,582,6,200,OK,PENDING_PAYMENT,474.530
ample_32,583,7,200,OK,PENDING_PAYMENT,483.463
ample_32,584,8,200,OK,PENDING_PAYMENT,474.385
ample_32,585,9,200,OK,PENDING_PAYMENT,469.926
ample_32,586,10,200,OK,PENDING_PAYMENT,464.089
ample_32,587,11,200,OK,PENDING_PAYMENT,476.526
ample_32,589,13,200,OK,PENDING_PAYMENT,460.140
ample_32,588,12,200,OK,PENDING_PAYMENT,488.475
ample_32,590,14,200,OK,PENDING_PAYMENT,488.113
ample_32,591,15,200,OK,PENDING_PAYMENT,476.296
ample_32,592,16,200,OK,PENDING_PAYMENT,474.677
ample_32,593,17,200,OK,PENDING_PAYMENT,474.036
ample_32,594,18,200,OK,PENDING_PAYMENT,480.153
ample_32,595,19,200,OK,PENDING_PAYMENT,476.982
ample_32,596,20,200,OK,PENDING_PAYMENT,473.879
ample_32,597,21,200,OK,PENDING_PAYMENT,467.655
ample_32,598,22,200,OK,PENDING_PAYMENT,480.332
ample_32,600,24,200,OK,PENDING_PAYMENT,479.182
ample_32,599,23,200,OK,PENDING_PAYMENT,500.543
ample_32,601,25,200,OK,PENDING_PAYMENT,484.370
ample_32,602,26,200,OK,PENDING_PAYMENT,495.003
ample_32,603,27,200,OK,PENDING_PAYMENT,481.530
ample_32,604,28,200,OK,PENDING_PAYMENT,496.284
ample_32,605,29,200,OK,PENDING_PAYMENT,493.142
ample_32,606,30,200,OK,PENDING_PAYMENT,487.264
ample_32,607,31,200,OK,PENDING_PAYMENT,491.423
ample_32,608,32,200,OK,PENDING_PAYMENT,493.389
ample_32,609,33,200,OK,PENDING_PAYMENT,489.561
ample_32,611,35,200,OK,PENDING_PAYMENT,483.589
ample_32,610,34,200,OK,PENDING_PAYMENT,508.986
ample_32,612,36,200,OK,PENDING_PAYMENT,498.721
ample_32,613,37,200,OK,PENDING_PAYMENT,508.141
ample_32,614,38,200,OK,PENDING_PAYMENT,501.443
ample_32,615,39,200,OK,PENDING_PAYMENT,489.497
ample_32,616,40,200,OK,PENDING_PAYMENT,495.813
ample_32,617,41,200,OK,PENDING_PAYMENT,488.269
ample_32,618,42,200,OK,PENDING_PAYMENT,485.334
ample_32,619,43,200,OK,PENDING_PAYMENT,485.365
ample_32,620,44,200,OK,PENDING_PAYMENT,488.772
ample_32,621,45,200,OK,PENDING_PAYMENT,475.452
ample_32,622,46,200,OK,PENDING_PAYMENT,472.529
ample_32,623,47,200,OK,PENDING_PAYMENT,484.553
ample_32,624,48,200,OK,PENDING_PAYMENT,492.692
ample_32,625,49,200,OK,PENDING_PAYMENT,487.766
ample_32,626,50,200,OK,PENDING_PAYMENT,485.135
ample_32,627,51,200,OK,PENDING_PAYMENT,479.416
ample_32,628,52,200,OK,PENDING_PAYMENT,485.841
ample_32,630,54,200,OK,PENDING_PAYMENT,461.153
ample_32,629,53,200,OK,PENDING_PAYMENT,495.310
ample_32,631,55,200,OK,PENDING_PAYMENT,473.516
ample_32,632,56,200,OK,PENDING_PAYMENT,470.549
ample_32,633,57,200,OK,PENDING_PAYMENT,479.819
ample_32,634,58,200,OK,PENDING_PAYMENT,473.934
ample_32,635,59,200,OK,PENDING_PAYMENT,491.898
ample_32,636,60,200,OK,PENDING_PAYMENT,482.812
ample_32,637,61,200,OK,PENDING_PAYMENT,482.983
ample_32,638,62,200,OK,PENDING_PAYMENT,486.104
ample_32,639,63,200,OK,PENDING_PAYMENT,479.216
ample_32,640,0,200,OK,PENDING_PAYMENT,480.059
ample_32,641,1,200,OK,PENDING_PAYMENT,471.045
ample_32,642,2,200,OK,PENDING_PAYMENT,468.324
ample_32,643,3,200,OK,PENDING_PAYMENT,464.448
ample_32,644,4,200,OK,PENDING_PAYMENT,464.388
ample_32,645,5,200,OK,PENDING_PAYMENT,461.054
ample_32,646,6,200,OK,PENDING_PAYMENT,463.791
ample_32,647,7,200,OK,PENDING_PAYMENT,476.032
ample_32,648,8,200,OK,PENDING_PAYMENT,466.650
ample_32,649,9,200,OK,PENDING_PAYMENT,489.155
ample_32,650,10,200,OK,PENDING_PAYMENT,482.906
ample_32,651,11,200,OK,PENDING_PAYMENT,483.017
ample_32,652,12,200,OK,PENDING_PAYMENT,489.467
ample_32,653,13,200,OK,PENDING_PAYMENT,496.470
ample_32,654,14,200,OK,PENDING_PAYMENT,499.255
ample_32,655,15,200,OK,PENDING_PAYMENT,496.141
ample_32,656,16,200,OK,PENDING_PAYMENT,492.940
ample_32,657,17,200,OK,PENDING_PAYMENT,502.744
ample_32,658,18,200,OK,PENDING_PAYMENT,498.111
ample_32,659,19,200,OK,PENDING_PAYMENT,508.402
ample_32,660,20,200,OK,PENDING_PAYMENT,498.228
ample_32,661,21,200,OK,PENDING_PAYMENT,508.540
ample_32,662,22,200,OK,PENDING_PAYMENT,505.508
ample_32,663,23,200,OK,PENDING_PAYMENT,505.696
ample_32,664,24,200,OK,PENDING_PAYMENT,507.308
ample_32,665,25,200,OK,PENDING_PAYMENT,511.902
ample_32,666,26,200,OK,PENDING_PAYMENT,517.102
ample_32,667,27,200,OK,PENDING_PAYMENT,506.028
ample_32,668,28,200,OK,PENDING_PAYMENT,512.117
ample_32,669,29,200,OK,PENDING_PAYMENT,508.595
ample_32,670,30,200,OK,PENDING_PAYMENT,515.888
ample_32,671,31,200,OK,PENDING_PAYMENT,526.262
ample_32,672,32,200,OK,PENDING_PAYMENT,512.752
ample_32,673,33,200,OK,PENDING_PAYMENT,525.664
ample_32,674,34,200,OK,PENDING_PAYMENT,521.783
ample_32,675,35,200,OK,PENDING_PAYMENT,526.478
ample_32,676,36,200,OK,PENDING_PAYMENT,523.325
ample_32,677,37,200,OK,PENDING_PAYMENT,523.005
ample_32,678,38,200,OK,PENDING_PAYMENT,523.988
ample_32,680,40,200,OK,PENDING_PAYMENT,511.560
ample_32,679,39,200,OK,PENDING_PAYMENT,536.570
ample_32,681,41,200,OK,PENDING_PAYMENT,499.247
ample_32,682,42,200,OK,PENDING_PAYMENT,505.420
ample_32,683,43,200,OK,PENDING_PAYMENT,502.100
ample_32,684,44,200,OK,PENDING_PAYMENT,499.216
ample_32,685,45,200,OK,PENDING_PAYMENT,498.695
ample_32,686,46,200,OK,PENDING_PAYMENT,495.700
ample_32,687,47,200,OK,PENDING_PAYMENT,499.805
ample_32,688,48,200,OK,PENDING_PAYMENT,496.486
ample_32,689,49,200,OK,PENDING_PAYMENT,486.527
ample_32,690,50,200,OK,PENDING_PAYMENT,487.901
ample_32,691,51,200,OK,PENDING_PAYMENT,479.882
ample_32,693,53,200,OK,PENDING_PAYMENT,476.028
ample_32,692,52,200,OK,PENDING_PAYMENT,493.313
ample_32,694,54,200,OK,PENDING_PAYMENT,480.657
ample_32,695,55,200,OK,PENDING_PAYMENT,464.549
ample_32,696,56,200,OK,PENDING_PAYMENT,469.520
ample_32,697,57,200,OK,PENDING_PAYMENT,458.445
ample_32,698,58,200,OK,PENDING_PAYMENT,459.236
ample_32,699,59,200,OK,PENDING_PAYMENT,459.704
ample_32,700,60,200,OK,PENDING_PAYMENT,461.926
ample_32,701,61,200,OK,PENDING_PAYMENT,453.666
ample_32,702,62,200,OK,PENDING_PAYMENT,442.403
ample_32,703,63,200,OK,PENDING_PAYMENT,437.721
ample_32,704,0,200,OK,PENDING_PAYMENT,444.672
ample_32,705,1,200,OK,PENDING_PAYMENT,443.994
ample_32,706,2,200,OK,PENDING_PAYMENT,446.935
ample_32,707,3,200,OK,PENDING_PAYMENT,448.638
ample_32,708,4,200,OK,PENDING_PAYMENT,461.888
ample_32,709,5,200,OK,PENDING_PAYMENT,464.880
ample_32,710,6,200,OK,PENDING_PAYMENT,454.525
ample_32,711,7,200,OK,PENDING_PAYMENT,452.438
ample_32,712,8,200,OK,PENDING_PAYMENT,441.751
ample_32,713,9,200,OK,PENDING_PAYMENT,453.469
ample_32,714,10,200,OK,PENDING_PAYMENT,458.643
ample_32,715,11,200,OK,PENDING_PAYMENT,470.059
ample_32,716,12,200,OK,PENDING_PAYMENT,477.916
ample_32,717,13,200,OK,PENDING_PAYMENT,486.395
ample_32,718,14,200,OK,PENDING_PAYMENT,495.161
ample_32,719,15,200,OK,PENDING_PAYMENT,481.639
ample_32,720,16,200,OK,PENDING_PAYMENT,496.417
ample_32,721,17,200,OK,PENDING_PAYMENT,493.111
ample_32,723,19,200,OK,PENDING_PAYMENT,486.255
ample_32,722,18,200,OK,PENDING_PAYMENT,513.557
ample_32,724,20,200,OK,PENDING_PAYMENT,494.930
ample_32,725,21,200,OK,PENDING_PAYMENT,512.644
ample_32,726,22,200,OK,PENDING_PAYMENT,510.826
ample_32,727,23,200,OK,PENDING_PAYMENT,520.444
ample_32,728,24,200,OK,PENDING_PAYMENT,514.254
ample_32,729,25,200,OK,PENDING_PAYMENT,526.244
ample_32,730,26,200,OK,PENDING_PAYMENT,522.091
ample_32,731,27,200,OK,PENDING_PAYMENT,524.219
ample_32,732,28,200,OK,PENDING_PAYMENT,522.873
ample_32,733,29,200,OK,PENDING_PAYMENT,534.481
ample_32,734,30,200,OK,PENDING_PAYMENT,534.970
ample_32,735,31,200,OK,PENDING_PAYMENT,544.062
ample_32,736,32,200,OK,PENDING_PAYMENT,549.947
ample_32,738,34,200,OK,PENDING_PAYMENT,611.668
ample_32,739,35,200,OK,PENDING_PAYMENT,602.933
ample_32,740,36,200,OK,PENDING_PAYMENT,589.831
ample_32,743,39,200,OK,PENDING_PAYMENT,548.693
ample_32,741,37,200,OK,PENDING_PAYMENT,574.400
ample_32,737,33,200,OK,PENDING_PAYMENT,646.521
ample_32,742,38,200,OK,PENDING_PAYMENT,568.267
ample_32,744,40,200,OK,PENDING_PAYMENT,580.519
ample_32,745,41,200,OK,PENDING_PAYMENT,569.597
ample_32,746,42,200,OK,PENDING_PAYMENT,568.013
ample_32,747,43,200,OK,PENDING_PAYMENT,550.400
ample_32,748,44,200,OK,PENDING_PAYMENT,542.673
ample_32,749,45,200,OK,PENDING_PAYMENT,527.724
ample_32,751,47,200,OK,PENDING_PAYMENT,510.776
ample_32,750,46,200,OK,PENDING_PAYMENT,534.847
ample_32,752,48,200,OK,PENDING_PAYMENT,514.693
ample_32,753,49,200,OK,PENDING_PAYMENT,524.627
ample_32,754,50,200,OK,PENDING_PAYMENT,522.606
ample_32,755,51,200,OK,PENDING_PAYMENT,522.097
ample_32,756,52,200,OK,PENDING_PAYMENT,528.292
ample_32,757,53,200,OK,PENDING_PAYMENT,514.479
ample_32,758,54,200,OK,PENDING_PAYMENT,510.216
ample_32,759,55,200,OK,PENDING_PAYMENT,507.613
ample_32,760,56,200,OK,PENDING_PAYMENT,512.130
ample_32,761,57,200,OK,PENDING_PAYMENT,497.026
ample_32,762,58,200,OK,PENDING_PAYMENT,506.296
ample_32,763,59,200,OK,PENDING_PAYMENT,509.647
ample_32,764,60,200,OK,PENDING_PAYMENT,497.407
ample_32,765,61,200,OK,PENDING_PAYMENT,498.270
ample_32,766,62,200,OK,PENDING_PAYMENT,492.328
ample_32,767,63,200,OK,PENDING_PAYMENT,487.703
ample_32,768,0,200,OK,PENDING_PAYMENT,480.643
ample_32,769,1,200,OK,PENDING_PAYMENT,410.600
ample_32,770,2,200,OK,PENDING_PAYMENT,410.502
ample_32,774,6,200,OK,PENDING_PAYMENT,413.284
ample_32,773,5,200,OK,PENDING_PAYMENT,429.573
ample_32,771,3,200,OK,PENDING_PAYMENT,445.114
ample_32,775,7,200,OK,PENDING_PAYMENT,463.431
ample_32,772,4,200,OK,PENDING_PAYMENT,481.665
ample_32,776,8,200,OK,PENDING_PAYMENT,473.122
ample_32,777,9,200,OK,PENDING_PAYMENT,483.119
ample_32,778,10,200,OK,PENDING_PAYMENT,491.485
ample_32,779,11,200,OK,PENDING_PAYMENT,505.390
ample_32,780,12,200,OK,PENDING_PAYMENT,513.322
ample_32,781,13,200,OK,PENDING_PAYMENT,531.515
ample_32,782,14,200,OK,PENDING_PAYMENT,521.908
ample_32,783,15,200,OK,PENDING_PAYMENT,522.342
ample_32,784,16,200,OK,PENDING_PAYMENT,512.595
ample_32,785,17,200,OK,PENDING_PAYMENT,518.258
ample_32,786,18,200,OK,PENDING_PAYMENT,526.132
ample_32,787,19,200,OK,PENDING_PAYMENT,520.018
ample_32,789,21,200,OK,PENDING_PAYMENT,510.291
ample_32,788,20,200,OK,PENDING_PAYMENT,527.017
ample_32,790,22,200,OK,PENDING_PAYMENT,525.065
ample_32,791,23,200,OK,PENDING_PAYMENT,530.921
ample_32,792,24,200,OK,PENDING_PAYMENT,566.561
ample_32,793,25,200,OK,PENDING_PAYMENT,572.424
ample_32,794,26,200,OK,PENDING_PAYMENT,562.595
ample_32,795,27,200,OK,PENDING_PAYMENT,567.802
ample_32,796,28,200,OK,PENDING_PAYMENT,582.109
ample_32,797,29,200,OK,PENDING_PAYMENT,578.126
ample_32,798,30,200,OK,PENDING_PAYMENT,586.622
ample_32,799,31,200,OK,PENDING_PAYMENT,579.715
ample_32,800,32,200,OK,PENDING_PAYMENT,589.411
ample_32,801,33,200,OK,PENDING_PAYMENT,586.174
ample_32,802,34,200,OK,PENDING_PAYMENT,590.460
ample_32,803,35,200,OK,PENDING_PAYMENT,602.650
ample_32,804,36,200,OK,PENDING_PAYMENT,599.018
ample_32,805,37,200,OK,PENDING_PAYMENT,596.352
ample_32,806,38,200,OK,PENDING_PAYMENT,593.721
ample_32,807,39,200,OK,PENDING_PAYMENT,588.641
ample_32,808,40,200,OK,PENDING_PAYMENT,579.105
ample_32,809,41,200,OK,PENDING_PAYMENT,577.164
ample_32,810,42,200,OK,PENDING_PAYMENT,570.773
ample_32,811,43,200,OK,PENDING_PAYMENT,569.269
ample_32,812,44,200,OK,PENDING_PAYMENT,564.389
ample_32,813,45,200,OK,PENDING_PAYMENT,540.675
ample_32,814,46,200,OK,PENDING_PAYMENT,553.496
ample_32,816,48,200,OK,PENDING_PAYMENT,534.912
ample_32,815,47,200,OK,PENDING_PAYMENT,558.324
ample_32,817,49,200,OK,PENDING_PAYMENT,538.941
ample_32,818,50,200,OK,PENDING_PAYMENT,533.358
ample_32,819,51,200,OK,PENDING_PAYMENT,536.201
ample_32,820,52,200,OK,PENDING_PAYMENT,541.599
ample_32,821,53,200,OK,PENDING_PAYMENT,544.075
ample_32,822,54,200,OK,PENDING_PAYMENT,541.026
ample_32,823,55,200,OK,PENDING_PAYMENT,543.711
ample_32,824,56,200,OK,PENDING_PAYMENT,518.612
ample_32,825,57,200,OK,PENDING_PAYMENT,514.831
ample_32,826,58,200,OK,PENDING_PAYMENT,519.254
ample_32,827,59,200,OK,PENDING_PAYMENT,510.482
ample_32,828,60,200,OK,PENDING_PAYMENT,517.407
ample_32,829,61,200,OK,PENDING_PAYMENT,529.367
ample_32,830,62,200,OK,PENDING_PAYMENT,521.384
ample_32,831,63,200,OK,PENDING_PAYMENT,521.286
ample_32,832,0,200,OK,PENDING_PAYMENT,512.231
ample_32,833,1,200,OK,PENDING_PAYMENT,524.021
ample_32,834,2,200,OK,PENDING_PAYMENT,528.358
ample_32,835,3,200,OK,PENDING_PAYMENT,522.478
ample_32,836,4,200,OK,PENDING_PAYMENT,536.857
ample_32,837,5,200,OK,PENDING_PAYMENT,554.233
ample_32,838,6,200,OK,PENDING_PAYMENT,544.534
ample_32,839,7,200,OK,PENDING_PAYMENT,556.458
ample_32,840,8,200,OK,PENDING_PAYMENT,543.938
ample_32,841,9,200,OK,PENDING_PAYMENT,546.676
ample_32,842,10,200,OK,PENDING_PAYMENT,540.407
ample_32,843,11,200,OK,PENDING_PAYMENT,537.915
ample_32,844,12,200,OK,PENDING_PAYMENT,536.744
ample_32,845,13,200,OK,PENDING_PAYMENT,549.602
ample_32,847,15,200,OK,PENDING_PAYMENT,545.366
ample_32,846,14,200,OK,PENDING_PAYMENT,561.321
ample_32,848,16,200,OK,PENDING_PAYMENT,562.319
ample_32,849,17,200,OK,PENDING_PAYMENT,562.564
ample_32,850,18,200,OK,PENDING_PAYMENT,559.343
ample_32,851,19,200,OK,PENDING_PAYMENT,556.846
ample_32,852,20,200,OK,PENDING_PAYMENT,551.044
ample_32,853,21,200,OK,PENDING_PAYMENT,548.759
ample_32,854,22,200,OK,PENDING_PAYMENT,551.837
ample_32,855,23,200,OK,PENDING_PAYMENT,549.126
ample_32,857,25,200,OK,PENDING_PAYMENT,530.247
ample_32,856,24,200,OK,PENDING_PAYMENT,573.105
ample_32,858,26,200,OK,PENDING_PAYMENT,551.107
ample_32,859,27,200,OK,PENDING_PAYMENT,573.411
ample_32,860,28,200,OK,PENDING_PAYMENT,554.116
ample_32,861,29,200,OK,PENDING_PAYMENT,552.362
ample_32,862,30,200,OK,PENDING_PAYMENT,564.071
ample_32,863,31,200,OK,PENDING_PAYMENT,557.974
ample_32,864,32,200,OK,PENDING_PAYMENT,558.561
ample_32,865,33,200,OK,PENDING_PAYMENT,546.266
ample_32,868,36,200,OK,PENDING_PAYMENT,491.643
ample_32,869,37,200,OK,PENDING_PAYMENT,477.238
ample_32,866,34,200,OK,PENDING_PAYMENT,566.001
ample_32,870,38,200,OK,PENDING_PAYMENT,499.697
ample_32,867,35,200,OK,PENDING_PAYMENT,584.533
ample_32,871,39,200,OK,PENDING_PAYMENT,518.407
ample_32,872,40,200,OK,PENDING_PAYMENT,527.548
ample_32,873,41,200,OK,PENDING_PAYMENT,519.204
ample_32,874,42,200,OK,PENDING_PAYMENT,532.063
ample_32,875,43,200,OK,PENDING_PAYMENT,519.326
ample_32,876,44,200,OK,PENDING_PAYMENT,514.116
ample_32,877,45,200,OK,PENDING_PAYMENT,509.517
ample_32,878,46,200,OK,PENDING_PAYMENT,504.343
ample_32,879,47,200,OK,PENDING_PAYMENT,513.338
ample_32,880,48,200,OK,PENDING_PAYMENT,507.572
ample_32,881,49,200,OK,PENDING_PAYMENT,514.292
ample_32,882,50,200,OK,PENDING_PAYMENT,511.981
ample_32,883,51,200,OK,PENDING_PAYMENT,516.052
ample_32,884,52,200,OK,PENDING_PAYMENT,513.114
ample_32,885,53,200,OK,PENDING_PAYMENT,518.788
ample_32,886,54,200,OK,PENDING_PAYMENT,515.680
ample_32,887,55,200,OK,PENDING_PAYMENT,512.535
ample_32,888,56,200,OK,PENDING_PAYMENT,514.432
ample_32,889,57,200,OK,PENDING_PAYMENT,498.603
ample_32,890,58,200,OK,PENDING_PAYMENT,505.423
ample_32,891,59,200,OK,PENDING_PAYMENT,484.032
ample_32,892,60,200,OK,PENDING_PAYMENT,490.770
ample_32,893,61,200,OK,PENDING_PAYMENT,480.662
ample_32,894,62,200,OK,PENDING_PAYMENT,477.375
ample_32,895,63,200,OK,PENDING_PAYMENT,504.168
ample_32,896,0,200,OK,PENDING_PAYMENT,499.948
ample_32,897,1,200,OK,PENDING_PAYMENT,505.899
ample_32,898,2,200,OK,PENDING_PAYMENT,511.850
ample_32,899,3,200,OK,PENDING_PAYMENT,523.307
ample_32,900,4,200,OK,PENDING_PAYMENT,532.326
ample_32,901,5,200,OK,PENDING_PAYMENT,523.383
ample_32,902,6,200,OK,PENDING_PAYMENT,517.921
ample_32,903,7,200,OK,PENDING_PAYMENT,505.139
ample_32,904,8,200,OK,PENDING_PAYMENT,505.496
ample_32,905,9,200,OK,PENDING_PAYMENT,511.422
ample_32,906,10,200,OK,PENDING_PAYMENT,492.697
ample_32,907,11,200,OK,PENDING_PAYMENT,508.508
ample_32,908,12,200,OK,PENDING_PAYMENT,517.328
ample_32,909,13,200,OK,PENDING_PAYMENT,511.767
ample_32,910,14,200,OK,PENDING_PAYMENT,515.729
ample_32,911,15,200,OK,PENDING_PAYMENT,518.426
ample_32,912,16,200,OK,PENDING_PAYMENT,514.842
ample_32,913,17,200,OK,PENDING_PAYMENT,509.533
ample_32,914,18,200,OK,PENDING_PAYMENT,514.017
ample_32,915,19,200,OK,PENDING_PAYMENT,513.131
ample_32,916,20,200,OK,PENDING_PAYMENT,509.800
ample_32,917,21,200,OK,PENDING_PAYMENT,509.590
ample_32,918,22,200,OK,PENDING_PAYMENT,504.143
ample_32,919,23,200,OK,PENDING_PAYMENT,507.212
ample_32,920,24,200,OK,PENDING_PAYMENT,503.357
ample_32,921,25,200,OK,PENDING_PAYMENT,500.750
ample_32,922,26,200,OK,PENDING_PAYMENT,500.609
ample_32,923,27,200,OK,PENDING_PAYMENT,503.601
ample_32,925,29,200,OK,PENDING_PAYMENT,491.033
ample_32,924,28,200,OK,PENDING_PAYMENT,519.763
ample_32,926,30,200,OK,PENDING_PAYMENT,509.110
ample_32,927,31,200,OK,PENDING_PAYMENT,497.579
ample_32,928,32,200,OK,PENDING_PAYMENT,505.982
ample_32,929,33,200,OK,PENDING_PAYMENT,497.326
ample_32,930,34,200,OK,PENDING_PAYMENT,494.605
ample_32,931,35,200,OK,PENDING_PAYMENT,483.694
ample_32,932,36,200,OK,PENDING_PAYMENT,477.315
ample_32,933,37,200,OK,PENDING_PAYMENT,477.222
ample_32,934,38,200,OK,PENDING_PAYMENT,483.550
ample_32,935,39,200,OK,PENDING_PAYMENT,480.344
ample_32,936,40,200,OK,PENDING_PAYMENT,481.341
ample_32,937,41,200,OK,PENDING_PAYMENT,484.487
ample_32,938,42,200,OK,PENDING_PAYMENT,497.326
ample_32,939,43,200,OK,PENDING_PAYMENT,494.394
ample_32,940,44,200,OK,PENDING_PAYMENT,477.678
ample_32,941,45,200,OK,PENDING_PAYMENT,480.888
ample_32,942,46,200,OK,PENDING_PAYMENT,473.657
ample_32,943,47,200,OK,PENDING_PAYMENT,472.175
ample_32,944,48,200,OK,PENDING_PAYMENT,467.094
ample_32,945,49,200,OK,PENDING_PAYMENT,472.527
ample_32,946,50,200,OK,PENDING_PAYMENT,466.648
ample_32,947,51,200,OK,PENDING_PAYMENT,467.740
ample_32,948,52,200,OK,PENDING_PAYMENT,474.209
ample_32,949,53,200,OK,PENDING_PAYMENT,474.248
ample_32,950,54,200,OK,PENDING_PAYMENT,485.871
ample_32,951,55,200,OK,PENDING_PAYMENT,485.457
ample_32,952,56,200,OK,PENDING_PAYMENT,495.264
ample_32,953,57,200,OK,PENDING_PAYMENT,502.899
ample_32,954,58,200,OK,PENDING_PAYMENT,496.788
ample_32,955,59,200,OK,PENDING_PAYMENT,493.419
ample_32,956,60,200,OK,PENDING_PAYMENT,493.526
ample_32,957,61,200,OK,PENDING_PAYMENT,496.310
ample_32,958,62,200,OK,PENDING_PAYMENT,499.706
ample_32,959,63,200,OK,PENDING_PAYMENT,505.189
ample_32,960,0,200,OK,PENDING_PAYMENT,509.011
ample_32,961,1,200,OK,PENDING_PAYMENT,513.628
ample_32,962,2,200,OK,PENDING_PAYMENT,525.941
ample_32,963,3,200,OK,PENDING_PAYMENT,527.733
ample_32,964,4,200,OK,PENDING_PAYMENT,519.502
ample_32,965,5,200,OK,PENDING_PAYMENT,530.936
ample_32,966,6,200,OK,PENDING_PAYMENT,515.118
ample_32,967,7,200,OK,PENDING_PAYMENT,527.634
ample_32,968,8,200,OK,PENDING_PAYMENT,527.250
ample_32,969,9,200,OK,PENDING_PAYMENT,523.876
ample_32,970,10,200,OK,PENDING_PAYMENT,520.830
ample_32,971,11,200,OK,PENDING_PAYMENT,513.930
ample_32,972,12,200,OK,PENDING_PAYMENT,521.243
ample_32,973,13,200,OK,PENDING_PAYMENT,515.723
ample_32,974,14,200,OK,PENDING_PAYMENT,524.163
ample_32,976,16,200,OK,PENDING_PAYMENT,504.238
ample_32,975,15,200,OK,PENDING_PAYMENT,526.680
ample_32,977,17,200,OK,PENDING_PAYMENT,509.981
ample_32,978,18,200,OK,PENDING_PAYMENT,512.991
ample_32,979,19,200,OK,PENDING_PAYMENT,509.685
ample_32,980,20,200,OK,PENDING_PAYMENT,506.376
ample_32,981,21,200,OK,PENDING_PAYMENT,501.057
ample_32,982,22,200,OK,PENDING_PAYMENT,493.254
ample_32,983,23,200,OK,PENDING_PAYMENT,491.578
ample_32,984,24,200,OK,PENDING_PAYMENT,475.873
ample_32,986,26,200,OK,PENDING_PAYMENT,465.294
ample_32,985,25,200,OK,PENDING_PAYMENT,474.667
ample_32,987,27,200,OK,PENDING_PAYMENT,475.225
ample_32,988,28,200,OK,PENDING_PAYMENT,468.455
ample_32,989,29,200,OK,PENDING_PAYMENT,464.635
ample_32,990,30,200,OK,PENDING_PAYMENT,450.811
ample_32,991,31,200,OK,PENDING_PAYMENT,443.173
ample_32,992,32,200,OK,PENDING_PAYMENT,428.102
ample_32,993,33,200,OK,PENDING_PAYMENT,428.976
ample_32,994,34,200,OK,PENDING_PAYMENT,417.295
ample_32,995,35,200,OK,PENDING_PAYMENT,402.243
ample_32,996,36,200,OK,PENDING_PAYMENT,412.237
ample_32,998,38,200,OK,PENDING_PAYMENT,393.749
ample_32,997,37,200,OK,PENDING_PAYMENT,415.823
ample_32,999,39,200,OK,PENDING_PAYMENT,396.502
ample_64,10,10,200,OK,PENDING_PAYMENT,295.790
ample_64,7,7,200,OK,PENDING_PAYMENT,335.765
ample_64,4,4,200,OK,PENDING_PAYMENT,336.160
ample_64,9,9,200,OK,PENDING_PAYMENT,336.298
ample_64,1,1,200,OK,PENDING_PAYMENT,356.429
ample_64,16,16,200,OK,PENDING_PAYMENT,357.055
ample_64,18,18,200,OK,PENDING_PAYMENT,357.023
ample_64,19,19,200,OK,PENDING_PAYMENT,357.142
ample_64,6,6,200,OK,PENDING_PAYMENT,361.925
ample_64,21,21,200,OK,PENDING_PAYMENT,368.196
ample_64,2,2,200,OK,PENDING_PAYMENT,373.497
ample_64,5,5,200,OK,PENDING_PAYMENT,378.404
ample_64,28,28,200,OK,PENDING_PAYMENT,387.213
ample_64,15,15,200,OK,PENDING_PAYMENT,388.205
ample_64,8,8,200,OK,PENDING_PAYMENT,408.304
ample_64,3,3,200,OK,PENDING_PAYMENT,423.896
ample_64,34,34,200,OK,PENDING_PAYMENT,422.426
ample_64,37,37,200,OK,PENDING_PAYMENT,441.780
ample_64,53,53,200,OK,PENDING_PAYMENT,444.424
ample_64,46,46,200,OK,PENDING_PAYMENT,463.840
ample_64,42,42,200,OK,PENDING_PAYMENT,470.615
ample_64,59,59,200,OK,PENDING_PAYMENT,482.019
ample_64,13,13,200,OK,PENDING_PAYMENT,498.539
ample_64,39,39,200,OK,PENDING_PAYMENT,507.588
ample_64,23,23,200,OK,PENDING_PAYMENT,526.960
ample_64,31,31,200,OK,PENDING_PAYMENT,547.712
ample_64,36,36,200,OK,PENDING_PAYMENT,568.402
ample_64,26,26,200,OK,PENDING_PAYMENT,585.739
ample_64,17,17,200,OK,PENDING_PAYMENT,604.898
ample_64,14,14,200,OK,PENDING_PAYMENT,617.341
ample_64,12,12,200,OK,PENDING_PAYMENT,629.970
ample_64,50,50,200,OK,PENDING_PAYMENT,644.927
ample_64,38,38,200,OK,PENDING_PAYMENT,658.667
ample_64,63,63,200,OK,PENDING_PAYMENT,668.587
ample_64,48,48,200,OK,PENDING_PAYMENT,689.477
ample_64,0,0,200,OK,PENDING_PAYMENT,710.817
ample_64,61,61,200,OK,PENDING_PAYMENT,716.426
ample_64,11,11,200,OK,PENDING_PAYMENT,733.436
ample_64,25,25,200,OK,PENDING_PAYMENT,739.264
ample_64,41,41,200,OK,PENDING_PAYMENT,754.195
ample_64,24,24,200,OK,PENDING_PAYMENT,765.260
ample_64,40,40,200,OK,PENDING_PAYMENT,779.942
ample_64,49,49,200,OK,PENDING_PAYMENT,791.452
ample_64,35,35,200,OK,PENDING_PAYMENT,805.237
ample_64,43,43,200,OK,PENDING_PAYMENT,819.887
ample_64,60,60,200,OK,PENDING_PAYMENT,833.367
ample_64,55,55,200,OK,PENDING_PAYMENT,851.225
ample_64,33,33,200,OK,PENDING_PAYMENT,865.150
ample_64,51,51,200,OK,PENDING_PAYMENT,882.603
ample_64,54,54,200,OK,PENDING_PAYMENT,904.681
ample_64,45,45,200,OK,PENDING_PAYMENT,908.635
ample_64,62,62,200,OK,PENDING_PAYMENT,923.544
ample_64,47,47,200,OK,PENDING_PAYMENT,931.188
ample_64,52,52,200,OK,PENDING_PAYMENT,948.512
ample_64,56,56,200,OK,PENDING_PAYMENT,957.834
ample_64,22,22,200,OK,PENDING_PAYMENT,975.682
ample_64,30,30,200,OK,PENDING_PAYMENT,987.116
ample_64,27,27,200,OK,PENDING_PAYMENT,1003.360
ample_64,29,29,200,OK,PENDING_PAYMENT,1022.146
ample_64,58,58,200,OK,PENDING_PAYMENT,1032.041
ample_64,32,32,200,OK,PENDING_PAYMENT,1050.392
ample_64,20,20,200,OK,PENDING_PAYMENT,1071.012
ample_64,57,57,200,OK,PENDING_PAYMENT,1078.172
ample_64,44,44,200,OK,PENDING_PAYMENT,1092.318
ample_64,66,2,200,OK,PENDING_PAYMENT,765.924
ample_64,65,1,200,OK,PENDING_PAYMENT,784.096
ample_64,64,0,200,OK,PENDING_PAYMENT,840.463
ample_64,67,3,200,OK,PENDING_PAYMENT,816.212
ample_64,69,5,200,OK,PENDING_PAYMENT,810.751
ample_64,70,6,200,OK,PENDING_PAYMENT,829.902
ample_64,71,7,200,OK,PENDING_PAYMENT,856.963
ample_64,72,8,200,OK,PENDING_PAYMENT,878.662
ample_64,68,4,200,OK,PENDING_PAYMENT,902.055
ample_64,74,10,200,OK,PENDING_PAYMENT,908.808
ample_64,73,9,200,OK,PENDING_PAYMENT,931.471
ample_64,76,12,200,OK,PENDING_PAYMENT,923.714
ample_64,77,13,200,OK,PENDING_PAYMENT,939.230
ample_64,75,11,200,OK,PENDING_PAYMENT,965.679
ample_64,78,14,200,OK,PENDING_PAYMENT,950.672
ample_64,80,16,200,OK,PENDING_PAYMENT,951.234
ample_64,79,15,200,OK,PENDING_PAYMENT,963.530
ample_64,81,17,200,OK,PENDING_PAYMENT,960.312
ample_64,82,18,200,OK,PENDING_PAYMENT,969.010
ample_64,84,20,200,OK,PENDING_PAYMENT,958.686
ample_64,83,19,200,OK,PENDING_PAYMENT,978.303
ample_64,85,21,200,OK,PENDING_PAYMENT,974.360
ample_64,86,22,200,OK,PENDING_PAYMENT,979.802
ample_64,87,23,200,OK,PENDING_PAYMENT,989.207
ample_64,88,24,200,OK,PENDING_PAYMENT,983.850
ample_64,89,25,200,OK,PENDING_PAYMENT,997.528
ample_64,90,26,200,OK,PENDING_PAYMENT,992.212
ample_64,91,27,200,OK,PENDING_PAYMENT,984.505
ample_64,92,28,200,OK,PENDING_PAYMENT,981.540
ample_64,93,29,200,OK,PENDING_PAYMENT,987.314
ample_64,94,30,200,OK,PENDING_PAYMENT,987.385
ample_64,95,31,200,OK,PENDING_PAYMENT,982.443
ample_64,96,32,200,OK,PENDING_PAYMENT,985.600
ample_64,97,33,200,OK,PENDING_PAYMENT,988.424
ample_64,98,34,200,OK,PENDING_PAYMENT,981.456
ample_64,99,35,200,OK,PENDING_PAYMENT,975.699
ample_64,100,36,200,OK,PENDING_PAYMENT,979.079
ample_64,101,37,200,OK,PENDING_PAYMENT,987.979
ample_64,102,38,200,OK,PENDING_PAYMENT,1003.851
ample_64,103,39,200,OK,PENDING_PAYMENT,999.766
ample_64,104,40,200,OK,PENDING_PAYMENT,1002.468
ample_64,105,41,200,OK,PENDING_PAYMENT,999.834
ample_64,106,42,200,OK,PENDING_PAYMENT,999.817
ample_64,107,43,200,OK,PENDING_PAYMENT,1003.140
ample_64,108,44,200,OK,PENDING_PAYMENT,1009.298
ample_64,109,45,200,OK,PENDING_PAYMENT,1000.700
ample_64,110,46,200,OK,PENDING_PAYMENT,999.628
ample_64,111,47,200,OK,PENDING_PAYMENT,999.649
ample_64,112,48,200,OK,PENDING_PAYMENT,1003.546
ample_64,114,50,200,OK,PENDING_PAYMENT,993.252
ample_64,113,49,200,OK,PENDING_PAYMENT,1009.090
ample_64,115,51,200,OK,PENDING_PAYMENT,1004.879
ample_64,116,52,200,OK,PENDING_PAYMENT,1014.887
ample_64,117,53,200,OK,PENDING_PAYMENT,1011.983
ample_64,118,54,200,OK,PENDING_PAYMENT,1014.904
ample_64,119,55,200,OK,PENDING_PAYMENT,1012.374
ample_64,120,56,200,OK,PENDING_PAYMENT,1012.653
ample_64,121,57,200,OK,PENDING_PAYMENT,1009.478
ample_64,122,58,200,OK,PENDING_PAYMENT,1009.622
ample_64,123,59,200,OK,PENDING_PAYMENT,1012.729
ample_64,124,60,200,OK,PENDING_PAYMENT,1003.446
ample_64,125,61,200,OK,PENDING_PAYMENT,1002.243
ample_64,126,62,200,OK,PENDING_PAYMENT,1004.746
ample_64,127,63,200,OK,PENDING_PAYMENT,1007.123
ample_64,128,0,200,OK,PENDING_PAYMENT,1018.946
ample_64,129,1,200,OK,PENDING_PAYMENT,1019.624
ample_64,130,2,200,OK,PENDING_PAYMENT,1009.688
ample_64,131,3,200,OK,PENDING_PAYMENT,1021.605
ample_64,132,4,200,OK,PENDING_PAYMENT,1011.986
ample_64,133,5,200,OK,PENDING_PAYMENT,1017.090
ample_64,134,6,200,OK,PENDING_PAYMENT,1023.400
ample_64,135,7,200,OK,PENDING_PAYMENT,1008.877
ample_64,136,8,200,OK,PENDING_PAYMENT,1022.071
ample_64,137,9,200,OK,PENDING_PAYMENT,1005.974
ample_64,138,10,200,OK,PENDING_PAYMENT,1003.390
ample_64,139,11,200,OK,PENDING_PAYMENT,1018.855
ample_64,140,12,200,OK,PENDING_PAYMENT,1025.255
ample_64,141,13,200,OK,PENDING_PAYMENT,1018.044
ample_64,142,14,200,OK,PENDING_PAYMENT,1018.860
ample_64,143,15,200,OK,PENDING_PAYMENT,1011.951
ample_64,144,16,200,OK,PENDING_PAYMENT,1015.482
ample_64,145,17,200,OK,PENDING_PAYMENT,1014.995
ample_64,146,18,200,OK,PENDING_PAYMENT,1011.981
ample_64,147,19,200,OK,PENDING_PAYMENT,1015.869
ample_64,148,20,200,OK,PENDING_PAYMENT,1009.091
ample_64,149,21,200,OK,PENDING_PAYMENT,1016.004
ample_64,150,22,200,OK,PENDING_PAYMENT,1012.774
ample_64,151,23,200,OK,PENDING_PAYMENT,1001.431
ample_64,152,24,200,OK,PENDING_PAYMENT,1008.371
ample_64,153,25,200,OK,PENDING_PAYMENT,976.156
ample_64,155,27,200,OK,PENDING_PAYMENT,967.798
ample_64,154,26,200,OK,PENDING_PAYMENT,1001.307
ample_64,156,28,200,OK,PENDING_PAYMENT,995.612
ample_64,157,29,200,OK,PENDING_PAYMENT,983.934
ample_64,158,30,200,OK,PENDING_PAYMENT,986.946
ample_64,159,31,200,OK,PENDING_PAYMENT,996.676
ample_64,160,32,200,OK,PENDING_PAYMENT,996.114
ample_64,161,33,200,OK,PENDING_PAYMENT,993.143
ample_64,162,34,200,OK,PENDING_PAYMENT,999.937
ample_64,163,35,200,OK,PENDING_PAYMENT,1005.520
ample_64,164,36,200,OK,PENDING_PAYMENT,1004.793
ample_64,165,37,200,OK,PENDING_PAYMENT,1002.103
ample_64,166,38,200,OK,PENDING_PAYMENT,994.943
ample_64,167,39,200,OK,PENDING_PAYMENT,998.443
ample_64,168,40,200,OK,PENDING_PAYMENT,1000.977
ample_64,170,42,200,OK,PENDING_PAYMENT,994.495
ample_64,169,41,200,OK,PENDING_PAYMENT,1019.804
ample_64,171,43,200,OK,PENDING_PAYMENT,1007.201
ample_64,172,44,200,OK,PENDING_PAYMENT,1003.596
ample_64,173,45,200,OK,PENDING_PAYMENT,1010.029
ample_64,174,46,200,OK,PENDING_PAYMENT,1006.755
ample_64,175,47,200,OK,PENDING_PAYMENT,1013.200
ample_64,176,48,200,OK,PENDING_PAYMENT,1005.934
ample_64,177,49,200,OK,PENDING_PAYMENT,1006.370
ample_64,178,50,200,OK,PENDING_PAYMENT,1009.431
ample_64,179,51,200,OK,PENDING_PAYMENT,1010.078
ample_64,180,52,200,OK,PENDING_PAYMENT,1002.743
ample_64,181,53,200,OK,PENDING_PAYMENT,1005.888
ample_64,182,54,200,OK,PENDING_PAYMENT,1006.478
ample_64,183,55,200,OK,PENDING_PAYMENT,1006.262
ample_64,184,56,200,OK,PENDING_PAYMENT,1015.704
ample_64,185,57,200,OK,PENDING_PAYMENT,1025.401
ample_64,186,58,200,OK,PENDING_PAYMENT,1012.962
ample_64,187,59,200,OK,PENDING_PAYMENT,1019.340
ample_64,188,60,200,OK,PENDING_PAYMENT,1022.082
ample_64,189,61,200,OK,PENDING_PAYMENT,1022.574
ample_64,190,62,200,OK,PENDING_PAYMENT,1016.049
ample_64,191,63,200,OK,PENDING_PAYMENT,1019.341
ample_64,192,0,200,OK,PENDING_PAYMENT,1019.410
ample_64,193,1,200,OK,PENDING_PAYMENT,1010.355
ample_64,194,2,200,OK,PENDING_PAYMENT,1026.293
ample_64,196,4,200,OK,PENDING_PAYMENT,1019.029
ample_64,195,3,200,OK,PENDING_PAYMENT,1030.824
ample_64,197,5,200,OK,PENDING_PAYMENT,1028.011
ample_64,198,6,200,OK,PENDING_PAYMENT,1027.882
ample_64,199,7,200,OK,PENDING_PAYMENT,1040.688
ample_64,200,8,200,OK,PENDING_PAYMENT,1013.628
ample_64,201,9,200,OK,PENDING_PAYMENT,1022.269
ample_64,202,10,200,OK,PENDING_PAYMENT,1016.215
ample_64,203,11,200,OK,PENDING_PAYMENT,1010.956
ample_64,204,12,200,OK,PENDING_PAYMENT,1004.381
ample_64,205,13,200,OK,PENDING_PAYMENT,1011.199
ample_64,207,15,200,OK,PENDING_PAYMENT,1001.785
ample_64,206,14,200,OK,PENDING_PAYMENT,1026.493
ample_64,208,16,200,OK,PENDING_PAYMENT,1018.096
ample_64,209,17,200,OK,PENDING_PAYMENT,1017.300
ample_64,210,18,200,OK,PENDING_PAYMENT,1023.219
ample_64,212,20,200,OK,PENDING_PAYMENT,1010.046
ample_64,211,19,200,OK,PENDING_PAYMENT,1026.837
ample_64,213,21,200,OK,PENDING_PAYMENT,1017.063
ample_64,214,22,200,OK,PENDING_PAYMENT,1021.068
ample_64,215,23,200,OK,PENDING_PAYMENT,1022.117
ample_64,217,25,200,OK,PENDING_PAYMENT,1012.835
ample_64,216,24,200,OK,PENDING_PAYMENT,1025.563
ample_64,218,26,200,OK,PENDING_PAYMENT,1016.362
ample_64,219,27,200,OK,PENDING_PAYMENT,1004.420
ample_64,221,29,200,OK,PENDING_PAYMENT,994.583
ample_64,220,28,200,OK,PENDING_PAYMENT,1020.229
ample_64,222,30,200,OK,PENDING_PAYMENT,1011.224
ample_64,223,31,200,OK,PENDING_PAYMENT,1013.713
ample_64,224,32,200,OK,PENDING_PAYMENT,1014.167
ample_64,225,33,200,OK,PENDING_PAYMENT,1014.000
ample_64,226,34,200,OK,PENDING_PAYMENT,1008.899
ample_64,227,35,200,OK,PENDING_PAYMENT,1014.720
ample_64,228,36,200,OK,PENDING_PAYMENT,1022.821
ample_64,229,37,200,OK,PENDING_PAYMENT,1021.717
ample_64,230,38,200,OK,PENDING_PAYMENT,1028.321
ample_64,231,39,200,OK,PENDING_PAYMENT,1028.032
ample_64,232,40,200,OK,PENDING_PAYMENT,1032.237
ample_64,233,41,200,OK,PENDING_PAYMENT,1029.102
ample_64,234,42,200,OK,PENDING_PAYMENT,1032.795
ample_64,235,43,200,OK,PENDING_PAYMENT,1033.409
ample_64,236,44,200,OK,PENDING_PAYMENT,1031.235
ample_64,237,45,200,OK,PENDING_PAYMENT,1031.363
ample_64,238,46,200,OK,PENDING_PAYMENT,1031.205
ample_64,239,47,200,OK,PENDING_PAYMENT,1028.171
ample_64,240,48,200,OK,PENDING_PAYMENT,1031.282
ample_64,241,49,200,OK,PENDING_PAYMENT,1025.019
ample_64,242,50,200,OK,PENDING_PAYMENT,1022.836
ample_64,243,51,200,OK,PENDING_PAYMENT,1023.008
ample_64,244,52,200,OK,PENDING_PAYMENT,1041.356
ample_64,245,53,200,OK,PENDING_PAYMENT,1047.653
ample_64,246,54,200,OK,PENDING_PAYMENT,1043.301
ample_64,247,55,200,OK,PENDING_PAYMENT,1046.425
ample_64,248,56,200,OK,PENDING_PAYMENT,1031.007
ample_64,249,57,200,OK,PENDING_PAYMENT,1026.812
ample_64,250,58,200,OK,PENDING_PAYMENT,1042.860
ample_64,251,59,200,OK,PENDING_PAYMENT,1036.226
ample_64,252,60,200,OK,PENDING_PAYMENT,1036.286
ample_64,254,62,200,OK,PENDING_PAYMENT,1027.908
ample_64,253,61,200,OK,PENDING_PAYMENT,1043.439
ample_64,255,63,200,OK,PENDING_PAYMENT,1030.852
ample_64,257,1,200,OK,PENDING_PAYMENT,1018.382
ample_64,256,0,200,OK,PENDING_PAYMENT,1052.863
ample_64,258,2,200,OK,PENDING_PAYMENT,1049.892
ample_64,259,3,200,OK,PENDING_PAYMENT,1059.183
ample_64,261,5,200,OK,PENDING_PAYMENT,1043.397
ample_64,260,4,200,OK,PENDING_PAYMENT,1079.952
ample_64,262,6,200,OK,PENDING_PAYMENT,1043.919
ample_64,263,7,200,OK,PENDING_PAYMENT,1022.832
ample_64,264,8,200,OK,PENDING_PAYMENT,1034.487
ample_64,265,9,200,OK,PENDING_PAYMENT,1033.715
ample_64,266,10,200,OK,PENDING_PAYMENT,1042.963
ample_64,267,11,200,OK,PENDING_PAYMENT,1033.265
ample_64,269,13,200,OK,PENDING_PAYMENT,1020.436
ample_64,268,12,200,OK,PENDING_PAYMENT,1052.055
ample_64,270,14,200,OK,PENDING_PAYMENT,1039.494
ample_64,271,15,200,OK,PENDING_PAYMENT,1049.189
ample_64,272,16,200,OK,PENDING_PAYMENT,1038.746
ample_64,273,17,200,OK,PENDING_PAYMENT,1046.769
ample_64,274,18,200,OK,PENDING_PAYMENT,1039.814
ample_64,275,19,200,OK,PENDING_PAYMENT,1040.651
ample_64,276,20,200,OK,PENDING_PAYMENT,1037.225
ample_64,277,21,200,OK,PENDING_PAYMENT,1037.257
ample_64,278,22,200,OK,PENDING_PAYMENT,1034.323
ample_64,279,23,200,OK,PENDING_PAYMENT,1039.592
ample_64,280,24,200,OK,PENDING_PAYMENT,1046.861
ample_64,281,25,200,OK,PENDING_PAYMENT,1049.836
ample_64,282,26,200,OK,PENDING_PAYMENT,1055.452
ample_64,283,27,200,OK,PENDING_PAYMENT,1055.570
ample_64,284,28,200,OK,PENDING_PAYMENT,1061.277
ample_64,285,29,200,OK,PENDING_PAYMENT,1054.669
ample_64,286,30,200,OK,PENDING_PAYMENT,1056.907
ample_64,287,31,200,OK,PENDING_PAYMENT,1051.600
ample_64,288,32,200,OK,PENDING_PAYMENT,1054.228
ample_64,289,33,200,OK,PENDING_PAYMENT,1066.374
ample_64,290,34,200,OK,PENDING_PAYMENT,1077.458
ample_64,291,35,200,OK,PENDING_PAYMENT,1061.701
ample_64,292,36,200,OK,PENDING_PAYMENT,1061.243
ample_64,293,37,200,OK,PENDING_PAYMENT,1049.151
ample_64,294,38,200,OK,PENDING_PAYMENT,1049.887
ample_64,295,39,200,OK,PENDING_PAYMENT,1052.861
ample_64,296,40,200,OK,PENDING_PAYMENT,1037.266
ample_64,297,41,200,OK,PENDING_PAYMENT,1041.630
ample_64,298,42,200,OK,PENDING_PAYMENT,1029.124
ample_64,299,43,200,OK,PENDING_PAYMENT,1026.335
ample_64,300,44,200,OK,PENDING_PAYMENT,1025.726
ample_64,301,45,200,OK,PENDING_PAYMENT,1028.675
ample_64,302,46,200,OK,PENDING_PAYMENT,1028.880
ample_64,303,47,200,OK,PENDING_PAYMENT,1031.393
ample_64,304,48,200,OK,PENDING_PAYMENT,1028.840
ample_64,305,49,200,OK,PENDING_PAYMENT,1034.072
ample_64,306,50,200,OK,PENDING_PAYMENT,1039.793
ample_64,307,51,200,OK,PENDING_PAYMENT,1038.823
ample_64,308,52,200,OK,PENDING_PAYMENT,1030.944
ample_64,309,53,200,OK,PENDING_PAYMENT,1022.254
ample_64,310,54,200,OK,PENDING_PAYMENT,1029.725
ample_64,311,55,200,OK,PENDING_PAYMENT,1032.185
ample_64,312,56,200,OK,PENDING_PAYMENT,1038.115
ample_64,313,57,200,OK,PENDING_PAYMENT,1032.461
ample_64,314,58,200,OK,PENDING_PAYMENT,1025.576
ample_64,315,59,200,OK,PENDING_PAYMENT,1029.451
ample_64,316,60,200,OK,PENDING_PAYMENT,1038.587
ample_64,317,61,200,OK,PENDING_PAYMENT,1031.707
ample_64,318,62,200,OK,PENDING_PAYMENT,1038.582
ample_64,319,63,200,OK,PENDING_PAYMENT,1050.166
ample_64,321,1,200,OK,PENDING_PAYMENT,1039.418
ample_64,320,0,200,OK,PENDING_PAYMENT,1088.096
ample_64,322,2,200,OK,PENDING_PAYMENT,1040.121
ample_64,323,3,200,OK,PENDING_PAYMENT,1033.680
ample_64,324,4,200,OK,PENDING_PAYMENT,1022.323
ample_64,325,5,200,OK,PENDING_PAYMENT,1048.194
ample_64,326,6,200,OK,PENDING_PAYMENT,1047.712
ample_64,327,7,200,OK,PENDING_PAYMENT,1065.843
ample_64,328,8,200,OK,PENDING_PAYMENT,1059.417
ample_64,329,9,200,OK,PENDING_PAYMENT,1062.779
ample_64,330,10,200,OK,PENDING_PAYMENT,1054.094
ample_64,331,11,200,OK,PENDING_PAYMENT,1057.050
ample_64,393,9,202,OK,STOCK_PENDING,47.314
ample_64,332,12,200,OK,PENDING_PAYMENT,1060.570
ample_64,333,13,200,OK,PENDING_PAYMENT,1051.422
ample_64,334,14,200,OK,PENDING_PAYMENT,1048.270
ample_64,336,16,200,OK,PENDING_PAYMENT,1025.781
ample_64,335,15,200,OK,PENDING_PAYMENT,1047.973
ample_64,337,17,200,OK,PENDING_PAYMENT,1035.859
ample_64,339,19,200,OK,PENDING_PAYMENT,1026.039
ample_64,338,18,200,OK,PENDING_PAYMENT,1057.446
ample_64,340,20,200,OK,PENDING_PAYMENT,1059.065
ample_64,341,21,200,OK,PENDING_PAYMENT,1049.969
ample_64,342,22,200,OK,PENDING_PAYMENT,1052.334
ample_64,343,23,200,OK,PENDING_PAYMENT,1050.789
ample_64,344,24,200,OK,PENDING_PAYMENT,1050.932
ample_64,345,25,200,OK,PENDING_PAYMENT,1054.092
ample_64,346,26,200,OK,PENDING_PAYMENT,1050.313
ample_64,347,27,200,OK,PENDING_PAYMENT,1059.896
ample_64,348,28,200,OK,PENDING_PAYMENT,1061.151
ample_64,349,29,200,OK,PENDING_PAYMENT,1057.743
ample_64,350,30,200,OK,PENDING_PAYMENT,1056.009
ample_64,351,31,200,OK,PENDING_PAYMENT,1045.681
ample_64,352,32,200,OK,PENDING_PAYMENT,1046.152
ample_64,353,33,200,OK,PENDING_PAYMENT,1033.734
ample_64,354,34,200,OK,PENDING_PAYMENT,1024.465
ample_64,355,35,200,OK,PENDING_PAYMENT,1028.596
ample_64,357,37,200,OK,PENDING_PAYMENT,1014.855
ample_64,356,36,200,OK,PENDING_PAYMENT,1037.411
ample_64,358,38,200,OK,PENDING_PAYMENT,1023.981
ample_64,360,40,200,OK,PENDING_PAYMENT,1017.930
ample_64,359,39,200,OK,PENDING_PAYMENT,1039.890
ample_64,361,41,200,OK,PENDING_PAYMENT,1031.610
ample_64,362,42,200,OK,PENDING_PAYMENT,1040.761
ample_64,363,43,200,OK,PENDING_PAYMENT,1043.348
ample_64,364,44,200,OK,PENDING_PAYMENT,1042.915
ample_64,365,45,200,OK,PENDING_PAYMENT,1042.629
ample_64,366,46,200,OK,PENDING_PAYMENT,1045.771
ample_64,367,47,200,OK,PENDING_PAYMENT,1043.423
ample_64,368,48,200,OK,PENDING_PAYMENT,1043.304
ample_64,369,49,200,OK,PENDING_PAYMENT,1043.984
ample_64,370,50,200,OK,PENDING_PAYMENT,1037.817
ample_64,371,51,200,OK,PENDING_PAYMENT,1041.813
ample_64,372,52,200,OK,PENDING_PAYMENT,1038.379
ample_64,373,53,200,OK,PENDING_PAYMENT,1078.163
ample_64,374,54,200,OK,PENDING_PAYMENT,1077.688
ample_64,375,55,200,OK,PENDING_PAYMENT,1077.884
ample_64,376,56,200,OK,PENDING_PAYMENT,1078.353
ample_64,377,57,200,OK,PENDING_PAYMENT,1092.671
ample_64,378,58,200,OK,PENDING_PAYMENT,1107.732
ample_64,379,59,200,OK,PENDING_PAYMENT,1111.150
ample_64,380,60,200,OK,PENDING_PAYMENT,1109.850
ample_64,381,61,200,OK,PENDING_PAYMENT,1124.370
ample_64,382,62,200,OK,PENDING_PAYMENT,1132.332
ample_64,383,63,200,OK,PENDING_PAYMENT,1124.160
ample_64,384,0,200,OK,PENDING_PAYMENT,1108.982
ample_64,386,2,200,OK,PENDING_PAYMENT,1092.656
ample_64,385,1,200,OK,PENDING_PAYMENT,1114.606
ample_64,388,4,200,OK,PENDING_PAYMENT,1091.474
ample_64,387,3,200,OK,PENDING_PAYMENT,1110.272
ample_64,389,5,200,OK,PENDING_PAYMENT,1081.806
ample_64,390,6,200,OK,PENDING_PAYMENT,1073.570
ample_64,391,7,200,OK,PENDING_PAYMENT,1067.703
ample_64,392,8,200,OK,PENDING_PAYMENT,1071.022
ample_64,394,10,200,OK,PENDING_PAYMENT,1073.625
ample_64,395,11,200,OK,PENDING_PAYMENT,1074.509
ample_64,396,12,200,OK,PENDING_PAYMENT,1069.510
ample_64,397,13,200,OK,PENDING_PAYMENT,1088.486
ample_64,398,14,200,OK,PENDING_PAYMENT,1093.914
ample_64,399,15,200,OK,PENDING_PAYMENT,1102.904
ample_64,400,16,200,OK,PENDING_PAYMENT,1106.383
ample_64,401,17,200,OK,PENDING_PAYMENT,1105.601
ample_64,402,18,200,OK,PENDING_PAYMENT,1105.224
ample_64,403,19,200,OK,PENDING_PAYMENT,1112.243
ample_64,404,20,200,OK,PENDING_PAYMENT,1115.033
ample_64,405,21,200,OK,PENDING_PAYMENT,1106.195
ample_64,406,22,200,OK,PENDING_PAYMENT,1114.636
ample_64,407,23,200,OK,PENDING_PAYMENT,1110.547
ample_64,408,24,200,OK,PENDING_PAYMENT,1113.235
ample_64,409,25,200,OK,PENDING_PAYMENT,1107.766
ample_64,411,27,200,OK,PENDING_PAYMENT,1095.054
ample_64,410,26,200,OK,PENDING_PAYMENT,1119.856
ample_64,412,28,200,OK,PENDING_PAYMENT,1102.346
ample_64,413,29,200,OK,PENDING_PAYMENT,1094.773
ample_64,414,30,200,OK,PENDING_PAYMENT,1098.385
ample_64,415,31,200,OK,PENDING_PAYMENT,1105.865
ample_64,416,32,200,OK,PENDING_PAYMENT,1121.143
ample_64,417,33,200,OK,PENDING_PAYMENT,1106.203
ample_64,418,34,200,OK,PENDING_PAYMENT,1112.368
ample_64,419,35,200,OK,PENDING_PAYMENT,1109.177
ample_64,420,36,200,OK,PENDING_PAYMENT,1111.683
ample_64,421,37,200,OK,PENDING_PAYMENT,1111.626
ample_64,422,38,200,OK,PENDING_PAYMENT,1108.716
ample_64,423,39,200,OK,PENDING_PAYMENT,1111.947
ample_64,424,40,200,OK,PENDING_PAYMENT,1117.389
ample_64,425,41,200,OK,PENDING_PAYMENT,1102.601
ample_64,426,42,200,OK,PENDING_PAYMENT,1111.236
ample_64,427,43,200,OK,PENDING_PAYMENT,1106.176
ample_64,428,44,200,OK,PENDING_PAYMENT,1105.169
ample_64,429,45,200,OK,PENDING_PAYMENT,1109.912
ample_64,430,46,200,OK,PENDING_PAYMENT,1102.910
ample_64,431,47,200,OK,PENDING_PAYMENT,1099.613
ample_64,432,48,200,OK,PENDING_PAYMENT,1099.435
ample_64,433,49,200,OK,PENDING_PAYMENT,1100.641
ample_64,434,50,200,OK,PENDING_PAYMENT,1096.872
ample_64,435,51,200,OK,PENDING_PAYMENT,1100.060
ample_64,436,52,200,OK,PENDING_PAYMENT,1095.903
ample_64,437,53,200,OK,PENDING_PAYMENT,1092.809
ample_64,438,54,200,OK,PENDING_PAYMENT,1067.492
ample_64,439,55,200,OK,PENDING_PAYMENT,1082.156
ample_64,440,56,200,OK,PENDING_PAYMENT,1078.165
ample_64,441,57,200,OK,PENDING_PAYMENT,1089.309
ample_64,442,58,200,OK,PENDING_PAYMENT,1080.163
ample_64,443,59,200,OK,PENDING_PAYMENT,1092.501
ample_64,444,60,200,OK,PENDING_PAYMENT,1091.736
ample_64,445,61,200,OK,PENDING_PAYMENT,1081.227
ample_64,446,62,200,OK,PENDING_PAYMENT,1075.210
ample_64,447,63,200,OK,PENDING_PAYMENT,1066.695
ample_64,448,0,200,OK,PENDING_PAYMENT,1060.370
ample_64,449,1,200,OK,PENDING_PAYMENT,1060.569
ample_64,450,2,200,OK,PENDING_PAYMENT,1054.257
ample_64,451,3,200,OK,PENDING_PAYMENT,1053.713
ample_64,452,4,200,OK,PENDING_PAYMENT,1047.845
ample_64,453,5,200,OK,PENDING_PAYMENT,1050.926
ample_64,454,6,200,OK,PENDING_PAYMENT,1050.379
ample_64,455,7,200,OK,PENDING_PAYMENT,1053.280
ample_64,456,8,200,OK,PENDING_PAYMENT,1059.269
ample_64,457,9,200,OK,PENDING_PAYMENT,1062.242
ample_64,458,10,200,OK,PENDING_PAYMENT,1037.712
ample_64,459,11,200,OK,PENDING_PAYMENT,1036.724
ample_64,460,12,200,OK,PENDING_PAYMENT,1026.097
ample_64,461,13,200,OK,PENDING_PAYMENT,1025.483
ample_64,462,14,200,OK,PENDING_PAYMENT,1032.348
ample_64,463,15,200,OK,PENDING_PAYMENT,1011.003
ample_64,464,16,200,OK,PENDING_PAYMENT,1012.504
ample_64,465,17,200,OK,PENDING_PAYMENT,1003.996
ample_64,466,18,200,OK,PENDING_PAYMENT,1011.568
ample_64,467,19,200,OK,PENDING_PAYMENT,998.525
ample_64,468,20,200,OK,PENDING_PAYMENT,996.337
ample_64,469,21,200,OK,PENDING_PAYMENT,1001.953
ample_64,470,22,200,OK,PENDING_PAYMENT,993.305
ample_64,471,23,200,OK,PENDING_PAYMENT,991.287
ample_64,472,24,200,OK,PENDING_PAYMENT,988.129
ample_64,473,25,200,OK,PENDING_PAYMENT,985.032
ample_64,474,26,200,OK,PENDING_PAYMENT,982.501
ample_64,475,27,200,OK,PENDING_PAYMENT,988.134
ample_64,476,28,200,OK,PENDING_PAYMENT,993.346
ample_64,477,29,200,OK,PENDING_PAYMENT,987.731
ample_64,478,30,200,OK,PENDING_PAYMENT,987.515
ample_64,479,31,200,OK,PENDING_PAYMENT,988.111
ample_64,480,32,200,OK,PENDING_PAYMENT,983.170
ample_64,481,33,200,OK,PENDING_PAYMENT,990.886
ample_64,482,34,200,OK,PENDING_PAYMENT,992.025
ample_64,483,35,200,OK,PENDING_PAYMENT,1008.779
ample_64,484,36,200,OK,PENDING_PAYMENT,1015.588
ample_64,485,37,200,OK,PENDING_PAYMENT,1019.179
ample_64,486,38,200,OK,PENDING_PAYMENT,1024.483
ample_64,487,39,200,OK,PENDING_PAYMENT,1017.853
ample_64,488,40,200,OK,PENDING_PAYMENT,1012.752
ample_64,489,41,200,OK,PENDING_PAYMENT,1022.398
ample_64,491,43,200,OK,PENDING_PAYMENT,1006.434
ample_64,490,42,200,OK,PENDING_PAYMENT,1033.487
ample_64,492,44,200,OK,PENDING_PAYMENT,1029.336
ample_64,493,45,200,OK,PENDING_PAYMENT,1021.851
ample_64,494,46,200,OK,PENDING_PAYMENT,1029.788
ample_64,495,47,200,OK,PENDING_PAYMENT,1030.106
ample_64,496,48,200,OK,PENDING_PAYMENT,1030.075
ample_64,497,49,200,OK,PENDING_PAYMENT,1027.956
ample_64,498,50,200,OK,PENDING_PAYMENT,1029.043
ample_64,499,51,200,OK,PENDING_PAYMENT,1031.431
ample_64,501,53,200,OK,PENDING_PAYMENT,1028.151
ample_64,500,52,200,OK,PENDING_PAYMENT,1065.068
ample_64,502,54,200,OK,PENDING_PAYMENT,1037.913
ample_64,503,55,200,OK,PENDING_PAYMENT,1025.632
ample_64,504,56,200,OK,PENDING_PAYMENT,1035.199
ample_64,505,57,200,OK,PENDING_PAYMENT,1034.763
ample_64,506,58,200,OK,PENDING_PAYMENT,1037.778
ample_64,507,59,200,OK,PENDING_PAYMENT,1013.195
ample_64,508,60,200,OK,PENDING_PAYMENT,998.646
ample_64,509,61,200,OK,PENDING_PAYMENT,1011.182
ample_64,510,62,200,OK,PENDING_PAYMENT,1005.030
ample_64,511,63,200,OK,PENDING_PAYMENT,1008.972
ample_64,512,0,200,OK,PENDING_PAYMENT,1015.019
ample_64,513,1,200,OK,PENDING_PAYMENT,1008.943
ample_64,514,2,200,OK,PENDING_PAYMENT,1018.669
ample_64,515,3,200,OK,PENDING_PAYMENT,1009.267
ample_64,516,4,200,OK,PENDING_PAYMENT,1009.532
ample_64,518,6,200,OK,PENDING_PAYMENT,1000.397
ample_64,517,5,200,OK,PENDING_PAYMENT,1031.062
ample_64,519,7,200,OK,PENDING_PAYMENT,1006.329
ample_64,520,8,200,OK,PENDING_PAYMENT,1003.458
ample_64,521,9,200,OK,PENDING_PAYMENT,999.900
ample_64,522,10,200,OK,PENDING_PAYMENT,1014.748
ample_64,524,12,200,OK,PENDING_PAYMENT,1008.138
ample_64,523,11,200,OK,PENDING_PAYMENT,1027.246
ample_64,525,13,200,OK,PENDING_PAYMENT,1015.131
ample_64,526,14,200,OK,PENDING_PAYMENT,1012.143
ample_64,527,15,200,OK,PENDING_PAYMENT,1030.518
ample_64,528,16,200,OK,PENDING_PAYMENT,1029.312
ample_64,529,17,200,OK,PENDING_PAYMENT,1035.119
ample_64,530,18,200,OK,PENDING_PAYMENT,1027.162
ample_64,531,19,200,OK,PENDING_PAYMENT,1033.515
ample_64,532,20,200,OK,PENDING_PAYMENT,1027.623
ample_64,533,21,200,OK,PENDING_PAYMENT,1028.265
ample_64,534,22,200,OK,PENDING_PAYMENT,1034.101
ample_64,535,23,200,OK,PENDING_PAYMENT,1043.099
ample_64,536,24,200,OK,PENDING_PAYMENT,1049.530
ample_64,537,25,200,OK,PENDING_PAYMENT,1052.851
ample_64,538,26,200,OK,PENDING_PAYMENT,1049.788
ample_64,539,27,200,OK,PENDING_PAYMENT,1044.898
ample_64,540,28,200,OK,PENDING_PAYMENT,1029.854
ample_64,541,29,200,OK,PENDING_PAYMENT,1035.350
ample_64,542,30,200,OK,PENDING_PAYMENT,1035.717
ample_64,543,31,200,OK,PENDING_PAYMENT,1029.854
ample_64,544,32,200,OK,PENDING_PAYMENT,1023.164
ample_64,545,33,200,OK,PENDING_PAYMENT,1030.553
ample_64,546,34,200,OK,PENDING_PAYMENT,1035.536
ample_64,547,35,200,OK,PENDING_PAYMENT,1024.742
ample_64,548,36,200,OK,PENDING_PAYMENT,1009.556
ample_64,549,37,200,OK,PENDING_PAYMENT,1012.370
ample_64,550,38,200,OK,PENDING_PAYMENT,1001.219
ample_64,551,39,200,OK,PENDING_PAYMENT,1004.449
ample_64,552,40,200,OK,PENDING_PAYMENT,1003.844
ample_64,553,41,200,OK,PENDING_PAYMENT,1006.752
ample_64,554,42,200,OK,PENDING_PAYMENT,1006.619
ample_64,555,43,200,OK,PENDING_PAYMENT,1006.191
ample_64,556,44,200,OK,PENDING_PAYMENT,1009.380
ample_64,557,45,200,OK,PENDING_PAYMENT,1022.917
ample_64,558,46,200,OK,PENDING_PAYMENT,1043.461
ample_64,559,47,200,OK,PENDING_PAYMENT,1052.698
ample_64,560,48,200,OK,PENDING_PAYMENT,1043.777
ample_64,561,49,200,OK,PENDING_PAYMENT,1067.187
ample_64,562,50,200,OK,PENDING_PAYMENT,1066.663
ample_64,563,51,200,OK,PENDING_PAYMENT,1069.664
ample_64,564,52,200,OK,PENDING_PAYMENT,1057.653
ample_64,565,53,200,OK,PENDING_PAYMENT,1045.808
ample_64,566,54,200,OK,PENDING_PAYMENT,1046.148
ample_64,567,55,200,OK,PENDING_PAYMENT,1043.807
ample_64,568,56,200,OK,PENDING_PAYMENT,1032.054
ample_64,569,57,200,OK,PENDING_PAYMENT,1021.382
ample_64,570,58,200,OK,PENDING_PAYMENT,1016.166
ample_64,571,59,200,OK,PENDING_PAYMENT,1010.212
ample_64,572,60,200,OK,PENDING_PAYMENT,1019.296
ample_64,573,61,200,OK,PENDING_PAYMENT,1018.621
ample_64,574,62,200,OK,PENDING_PAYMENT,1019.144
ample_64,575,63,200,OK,PENDING_PAYMENT,1011.967
ample_64,576,0,200,OK,PENDING_PAYMENT,1009.361
ample_64,577,1,200,OK,PENDING_PAYMENT,1024.266
ample_64,578,2,200,OK,PENDING_PAYMENT,1026.878
ample_64,579,3,200,OK,PENDING_PAYMENT,1026.577
ample_64,580,4,200,OK,PENDING_PAYMENT,1032.907
ample_64,581,5,200,OK,PENDING_PAYMENT,1023.083
ample_64,582,6,200,OK,PENDING_PAYMENT,1017.368
ample_64,583,7,200,OK,PENDING_PAYMENT,1029.449
ample_64,584,8,200,OK,PENDING_PAYMENT,1026.369
ample_64,585,9,200,OK,PENDING_PAYMENT,1021.277
ample_64,586,10,200,OK,PENDING_PAYMENT,1015.079
ample_64,587,11,200,OK,PENDING_PAYMENT,1006.423
ample_64,588,12,200,OK,PENDING_PAYMENT,1006.942
ample_64,589,13,200,OK,PENDING_PAYMENT,1009.992
ample_64,590,14,200,OK,PENDING_PAYMENT,1006.677
ample_64,591,15,200,OK,PENDING_PAYMENT,1001.219
ample_64,592,16,200,OK,PENDING_PAYMENT,1001.294
ample_64,593,17,200,OK,PENDING_PAYMENT,1001.646
ample_64,594,18,200,OK,PENDING_PAYMENT,1004.672
ample_64,595,19,200,OK,PENDING_PAYMENT,1008.735
ample_64,596,20,200,OK,PENDING_PAYMENT,1013.925
ample_64,597,21,200,OK,PENDING_PAYMENT,1006.681
ample_64,598,22,200,OK,PENDING_PAYMENT,1013.194
ample_64,599,23,200,OK,PENDING_PAYMENT,1007.669
ample_64,600,24,200,OK,PENDING_PAYMENT,1003.897
ample_64,601,25,200,OK,PENDING_PAYMENT,1004.201
ample_64,602,26,200,OK,PENDING_PAYMENT,1008.092
ample_64,603,27,200,OK,PENDING_PAYMENT,1010.626
ample_64,604,28,200,OK,PENDING_PAYMENT,1017.512
ample_64,605,29,200,OK,PENDING_PAYMENT,1016.372
ample_64,606,30,200,OK,PENDING_PAYMENT,1025.888
ample_64,607,31,200,OK,PENDING_PAYMENT,1019.853
ample_64,608,32,200,OK,PENDING_PAYMENT,1031.319
ample_64,609,33,200,OK,PENDING_PAYMENT,1025.608
ample_64,610,34,200,OK,PENDING_PAYMENT,1017.202
ample_64,611,35,200,OK,PENDING_PAYMENT,1017.163
ample_64,612,36,200,OK,PENDING_PAYMENT,1029.773
ample_64,613,37,200,OK,PENDING_PAYMENT,1029.097
ample_64,614,38,200,OK,PENDING_PAYMENT,1036.872
ample_64,615,39,200,OK,PENDING_PAYMENT,1043.649
ample_64,616,40,200,OK,PENDING_PAYMENT,1044.179
ample_64,617,41,200,OK,PENDING_PAYMENT,1046.706
ample_64,618,42,200,OK,PENDING_PAYMENT,1043.132
ample_64,619,43,200,OK,PENDING_PAYMENT,1043.675
ample_64,620,44,200,OK,PENDING_PAYMENT,1033.633
ample_64,621,45,200,OK,PENDING_PAYMENT,1020.792
ample_64,622,46,200,OK,PENDING_PAYMENT,999.675
ample_64,623,47,200,OK,PENDING_PAYMENT,999.743
ample_64,624,48,200,OK,PENDING_PAYMENT,1019.809
ample_64,625,49,200,OK,PENDING_PAYMENT,986.853
ample_64,626,50,200,OK,PENDING_PAYMENT,1009.793
ample_64,627,51,200,OK,PENDING_PAYMENT,994.406
ample_64,628,52,200,OK,PENDING_PAYMENT,996.800
ample_64,629,53,200,OK,PENDING_PAYMENT,997.286
ample_64,630,54,200,OK,PENDING_PAYMENT,997.070
ample_64,631,55,200,OK,PENDING_PAYMENT,997.396
ample_64,632,56,200,OK,PENDING_PAYMENT,1006.446
ample_64,633,57,200,OK,PENDING_PAYMENT,1017.264
ample_64,634,58,200,OK,PENDING_PAYMENT,1007.495
ample_64,635,59,200,OK,PENDING_PAYMENT,1011.822
ample_64,636,60,200,OK,PENDING_PAYMENT,1002.806
ample_64,637,61,200,OK,PENDING_PAYMENT,999.017
ample_64,638,62,200,OK,PENDING_PAYMENT,1002.166
ample_64,639,63,200,OK,PENDING_PAYMENT,1002.171
ample_64,640,0,200,OK,PENDING_PAYMENT,1005.043
ample_64,641,1,200,OK,PENDING_PAYMENT,993.709
ample_64,642,2,200,OK,PENDING_PAYMENT,990.497
ample_64,643,3,200,OK,PENDING_PAYMENT,1003.749
ample_64,644,4,200,OK,PENDING_PAYMENT,1009.001
ample_64,645,5,200,OK,PENDING_PAYMENT,1014.775
ample_64,646,6,200,OK,PENDING_PAYMENT,1018.173
ample_64,647,7,200,OK,PENDING_PAYMENT,1015.636
ample_64,648,8,200,OK,PENDING_PAYMENT,1015.942
ample_64,649,9,200,OK,PENDING_PAYMENT,1022.152
ample_64,650,10,200,OK,PENDING_PAYMENT,1022.996
ample_64,651,11,200,OK,PENDING_PAYMENT,1030.213
ample_64,652,12,200,OK,PENDING_PAYMENT,1031.601
ample_64,653,13,200,OK,PENDING_PAYMENT,1029.315
ample_64,654,14,200,OK,PENDING_PAYMENT,1035.437
ample_64,655,15,200,OK,PENDING_PAYMENT,1044.144
ample_64,656,16,200,OK,PENDING_PAYMENT,1037.734
ample_64,657,17,200,OK,PENDING_PAYMENT,1044.536
ample_64,658,18,200,OK,PENDING_PAYMENT,1034.598
ample_64,659,19,200,OK,PENDING_PAYMENT,1036.987
ample_64,660,20,200,OK,PENDING_PAYMENT,1027.930
ample_64,661,21,200,OK,PENDING_PAYMENT,1031.823
ample_64,662,22,200,OK,PENDING_PAYMENT,1016.944
ample_64,663,23,200,OK,PENDING_PAYMENT,1017.204
ample_64,664,24,200,OK,PENDING_PAYMENT,1029.827
ample_64,665,25,200,OK,PENDING_PAYMENT,1031.826
ample_64,666,26,200,OK,PENDING_PAYMENT,1025.290
ample_64,667,27,200,OK,PENDING_PAYMENT,1025.230
ample_64,668,28,200,OK,PENDING_PAYMENT,1020.963
ample_64,669,29,200,OK,PENDING_PAYMENT,1019.901
ample_64,670,30,200,OK,PENDING_PAYMENT,1013.756
ample_64,671,31,200,OK,PENDING_PAYMENT,1019.812
ample_64,672,32,200,OK,PENDING_PAYMENT,1011.222
ample_64,673,33,200,OK,PENDING_PAYMENT,1016.346
ample_64,674,34,200,OK,PENDING_PAYMENT,1017.107
ample_64,675,35,200,OK,PENDING_PAYMENT,1020.594
ample_64,676,36,200,OK,PENDING_PAYMENT,1019.691
ample_64,677,37,200,OK,PENDING_PAYMENT,1013.618
ample_64,678,38,200,OK,PENDING_PAYMENT,1011.569
ample_64,679,39,200,OK,PENDING_PAYMENT,1011.506
ample_64,680,40,200,OK,PENDING_PAYMENT,1014.230
ample_64,681,41,200,OK,PENDING_PAYMENT,1002.693
ample_64,682,42,200,OK,PENDING_PAYMENT,1004.518
ample_64,683,43,200,OK,PENDING_PAYMENT,1004.170
ample_64,684,44,200,OK,PENDING_PAYMENT,1004.467
ample_64,685,45,200,OK,PENDING_PAYMENT,1007.149
ample_64,686,46,200,OK,PENDING_PAYMENT,1006.587
ample_64,687,47,200,OK,PENDING_PAYMENT,997.396
ample_64,688,48,200,OK,PENDING_PAYMENT,986.014
ample_64,689,49,200,OK,PENDING_PAYMENT,1001.377
ample_64,690,50,200,OK,PENDING_PAYMENT,993.223
ample_64,691,51,200,OK,PENDING_PAYMENT,996.105
ample_64,693,53,200,OK,PENDING_PAYMENT,1017.297
ample_64,692,52,200,OK,PENDING_PAYMENT,1029.862
ample_64,694,54,200,OK,PENDING_PAYMENT,1013.181
ample_64,695,55,200,OK,PENDING_PAYMENT,1024.882
ample_64,696,56,200,OK,PENDING_PAYMENT,1019.209
ample_64,697,57,200,OK,PENDING_PAYMENT,1010.766
ample_64,698,58,200,OK,PENDING_PAYMENT,1020.428
ample_64,699,59,200,OK,PENDING_PAYMENT,1016.182
ample_64,700,60,200,OK,PENDING_PAYMENT,1024.770
ample_64,701,61,200,OK,PENDING_PAYMENT,1025.810
ample_64,702,62,200,OK,PENDING_PAYMENT,1025.683
ample_64,703,63,200,OK,PENDING_PAYMENT,1025.734
ample_64,704,0,200,OK,PENDING_PAYMENT,1022.638
ample_64,705,1,200,OK,PENDING_PAYMENT,1022.542
ample_64,706,2,200,OK,PENDING_PAYMENT,1021.904
ample_64,707,3,200,OK,PENDING_PAYMENT,1018.468
ample_64,708,4,200,OK,PENDING_PAYMENT,1006.995
ample_64,709,5,200,OK,PENDING_PAYMENT,1013.912
ample_64,710,6,200,OK,PENDING_PAYMENT,1022.501
ample_64,711,7,200,OK,PENDING_PAYMENT,1019.307
ample_64,712,8,200,OK,PENDING_PAYMENT,1019.148
ample_64,713,9,200,OK,PENDING_PAYMENT,1022.069
ample_64,714,10,200,OK,PENDING_PAYMENT,1021.888
ample_64,715,11,200,OK,PENDING_PAYMENT,1020.446
ample_64,717,13,200,OK,PENDING_PAYMENT,1001.739
ample_64,716,12,200,OK,PENDING_PAYMENT,1040.520
ample_64,718,14,200,OK,PENDING_PAYMENT,1029.880
ample_64,719,15,200,OK,PENDING_PAYMENT,1011.395
ample_64,720,16,200,OK,PENDING_PAYMENT,1023.802
ample_64,721,17,200,OK,PENDING_PAYMENT,1010.241
ample_64,722,18,200,OK,PENDING_PAYMENT,1019.914
ample_64,723,19,200,OK,PENDING_PAYMENT,1023.103
ample_64,724,20,200,OK,PENDING_PAYMENT,1022.581
ample_64,725,21,200,OK,PENDING_PAYMENT,1019.703
ample_64,726,22,200,OK,PENDING_PAYMENT,1031.117
ample_64,727,23,200,OK,PENDING_PAYMENT,1030.097
ample_64,728,24,200,OK,PENDING_PAYMENT,1024.235
ample_64,729,25,200,OK,PENDING_PAYMENT,1012.737
ample_64,730,26,200,OK,PENDING_PAYMENT,1027.354
ample_64,731,27,200,OK,PENDING_PAYMENT,1017.705
ample_64,732,28,200,OK,PENDING_PAYMENT,1027.139
ample_64,733,29,200,OK,PENDING_PAYMENT,1029.011
ample_64,734,30,200,OK,PENDING_PAYMENT,1028.808
ample_64,735,31,200,OK,PENDING_PAYMENT,1031.165
ample_64,736,32,200,OK,PENDING_PAYMENT,1028.121
ample_64,737,33,200,OK,PENDING_PAYMENT,1035.187
ample_64,738,34,200,OK,PENDING_PAYMENT,1033.955
ample_64,739,35,200,OK,PENDING_PAYMENT,1026.927
ample_64,740,36,200,OK,PENDING_PAYMENT,1023.946
ample_64,741,37,200,OK,PENDING_PAYMENT,1022.461
ample_64,742,38,200,OK,PENDING_PAYMENT,1022.189
ample_64,743,39,200,OK,PENDING_PAYMENT,1013.065
ample_64,744,40,200,OK,PENDING_PAYMENT,1009.431
ample_64,745,41,200,OK,PENDING_PAYMENT,1018.444
ample_64,746,42,200,OK,PENDING_PAYMENT,1019.718
ample_64,747,43,200,OK,PENDING_PAYMENT,1020.464
ample_64,748,44,200,OK,PENDING_PAYMENT,1026.171
ample_64,749,45,200,OK,PENDING_PAYMENT,1029.400
ample_64,750,46,200,OK,PENDING_PAYMENT,1021.111
ample_64,751,47,200,OK,PENDING_PAYMENT,1032.493
ample_64,752,48,200,OK,PENDING_PAYMENT,1023.526
ample_64,753,49,200,OK,PENDING_PAYMENT,1026.506
ample_64,754,50,200,OK,PENDING_PAYMENT,1020.649
ample_64,755,51,200,OK,PENDING_PAYMENT,1027.561
ample_64,756,52,200,OK,PENDING_PAYMENT,984.803
ample_64,757,53,200,OK,PENDING_PAYMENT,1000.304
ample_64,758,54,200,OK,PENDING_PAYMENT,1007.825
ample_64,759,55,200,OK,PENDING_PAYMENT,995.136
ample_64,760,56,200,OK,PENDING_PAYMENT,992.585
ample_64,761,57,200,OK,PENDING_PAYMENT,998.881
ample_64,762,58,200,OK,PENDING_PAYMENT,1004.659
ample_64,763,59,200,OK,PENDING_PAYMENT,998.344
ample_64,764,60,200,OK,PENDING_PAYMENT,996.939
ample_64,765,61,200,OK,PENDING_PAYMENT,989.508
ample_64,766,62,200,OK,PENDING_PAYMENT,988.696
ample_64,767,63,200,OK,PENDING_PAYMENT,988.013
ample_64,768,0,200,OK,PENDING_PAYMENT,994.105
ample_64,769,1,200,OK,PENDING_PAYMENT,996.559
ample_64,770,2,200,OK,PENDING_PAYMENT,1003.004
ample_64,771,3,200,OK,PENDING_PAYMENT,1002.989
ample_64,772,4,200,OK,PENDING_PAYMENT,1006.004
ample_64,773,5,200,OK,PENDING_PAYMENT,996.978
ample_64,774,6,200,OK,PENDING_PAYMENT,984.755
ample_64,775,7,200,OK,PENDING_PAYMENT,988.280
ample_64,776,8,200,OK,PENDING_PAYMENT,990.827
ample_64,777,9,200,OK,PENDING_PAYMENT,990.638
ample_64,778,10,200,OK,PENDING_PAYMENT,992.957
ample_64,779,11,200,OK,PENDING_PAYMENT,993.880
ample_64,780,12,200,OK,PENDING_PAYMENT,1000.299
ample_64,781,13,200,OK,PENDING_PAYMENT,984.465
ample_64,782,14,200,OK,PENDING_PAYMENT,982.044
ample_64,783,15,200,OK,PENDING_PAYMENT,994.810
ample_64,785,17,200,OK,PENDING_PAYMENT,979.159
ample_64,784,16,200,OK,PENDING_PAYMENT,1000.932
ample_64,786,18,200,OK,PENDING_PAYMENT,988.615
ample_64,787,19,200,OK,PENDING_PAYMENT,981.733
ample_64,788,20,200,OK,PENDING_PAYMENT,994.661
ample_64,789,21,200,OK,PENDING_PAYMENT,993.212
ample_64,790,22,200,OK,PENDING_PAYMENT,991.221
ample_64,791,23,200,OK,PENDING_PAYMENT,994.602
ample_64,792,24,200,OK,PENDING_PAYMENT,985.358
ample_64,793,25,200,OK,PENDING_PAYMENT,997.598
ample_64,794,26,200,OK,PENDING_PAYMENT,994.562
ample_64,795,27,200,OK,PENDING_PAYMENT,1009.958
ample_64,796,28,200,OK,PENDING_PAYMENT,997.326
ample_64,797,29,200,OK,PENDING_PAYMENT,999.752
ample_64,798,30,200,OK,PENDING_PAYMENT,990.292
ample_64,799,31,200,OK,PENDING_PAYMENT,987.915
ample_64,800,32,200,OK,PENDING_PAYMENT,987.749
ample_64,801,33,200,OK,PENDING_PAYMENT,978.361
ample_64,802,34,200,OK,PENDING_PAYMENT,978.370
ample_64,803,35,200,OK,PENDING_PAYMENT,978.529
ample_64,804,36,200,OK,PENDING_PAYMENT,981.113
ample_64,805,37,200,OK,PENDING_PAYMENT,983.029
ample_64,806,38,200,OK,PENDING_PAYMENT,982.724
ample_64,807,39,200,OK,PENDING_PAYMENT,988.412
ample_64,808,40,200,OK,PENDING_PAYMENT,985.913
ample_64,809,41,200,OK,PENDING_PAYMENT,985.079
ample_64,810,42,200,OK,PENDING_PAYMENT,982.334
ample_64,811,43,200,OK,PENDING_PAYMENT,987.636
ample_64,812,44,200,OK,PENDING_PAYMENT,988.155
ample_64,813,45,200,OK,PENDING_PAYMENT,975.861
ample_64,814,46,200,OK,PENDING_PAYMENT,988.313
ample_64,815,47,200,OK,PENDING_PAYMENT,970.540
ample_64,816,48,200,OK,PENDING_PAYMENT,982.815
ample_64,817,49,200,OK,PENDING_PAYMENT,980.816
ample_64,818,50,200,OK,PENDING_PAYMENT,965.822
ample_64,819,51,200,OK,PENDING_PAYMENT,972.148
ample_64,820,52,200,OK,PENDING_PAYMENT,990.184
ample_64,821,53,200,OK,PENDING_PAYMENT,987.230
ample_64,822,54,200,OK,PENDING_PAYMENT,977.461
ample_64,823,55,200,OK,PENDING_PAYMENT,975.313
ample_64,824,56,200,OK,PENDING_PAYMENT,974.827
ample_64,825,57,200,OK,PENDING_PAYMENT,968.758
ample_64,826,58,200,OK,PENDING_PAYMENT,962.691
ample_64,827,59,200,OK,PENDING_PAYMENT,969.200
ample_64,828,60,200,OK,PENDING_PAYMENT,973.576
ample_64,829,61,200,OK,PENDING_PAYMENT,979.768
ample_64,830,62,200,OK,PENDING_PAYMENT,992.375
ample_64,831,63,200,OK,PENDING_PAYMENT,984.490
ample_64,832,0,200,OK,PENDING_PAYMENT,986.111
ample_64,833,1,200,OK,PENDING_PAYMENT,992.478
ample_64,834,2,200,OK,PENDING_PAYMENT,980.403
ample_64,835,3,200,OK,PENDING_PAYMENT,980.424
ample_64,836,4,200,OK,PENDING_PAYMENT,980.452
ample_64,837,5,200,OK,PENDING_PAYMENT,985.935
ample_64,838,6,200,OK,PENDING_PAYMENT,1025.353
ample_64,839,7,200,OK,PENDING_PAYMENT,1036.087
ample_64,840,8,200,OK,PENDING_PAYMENT,1026.907
ample_64,841,9,200,OK,PENDING_PAYMENT,1027.336
ample_64,842,10,200,OK,PENDING_PAYMENT,1031.437
ample_64,843,11,200,OK,PENDING_PAYMENT,1033.458
ample_64,845,13,200,OK,PENDING_PAYMENT,1024.049
ample_64,844,12,200,OK,PENDING_PAYMENT,1051.960
ample_64,846,14,200,OK,PENDING_PAYMENT,1042.236
ample_64,847,15,200,OK,PENDING_PAYMENT,1041.966
ample_64,848,16,200,OK,PENDING_PAYMENT,1038.812
ample_64,849,17,200,OK,PENDING_PAYMENT,1039.523
ample_64,850,18,200,OK,PENDING_PAYMENT,1048.040
ample_64,851,19,200,OK,PENDING_PAYMENT,1050.905
ample_64,852,20,200,OK,PENDING_PAYMENT,1045.228
ample_64,853,21,200,OK,PENDING_PAYMENT,1051.902
ample_64,854,22,200,OK,PENDING_PAYMENT,1047.957
ample_64,855,23,200,OK,PENDING_PAYMENT,1041.526
ample_64,856,24,200,OK,PENDING_PAYMENT,1041.584
ample_64,857,25,200,OK,PENDING_PAYMENT,1040.960
ample_64,858,26,200,OK,PENDING_PAYMENT,1040.685
ample_64,859,27,200,OK,PENDING_PAYMENT,1025.807
ample_64,860,28,200,OK,PENDING_PAYMENT,1033.198
ample_64,861,29,200,OK,PENDING_PAYMENT,1031.470
ample_64,862,30,200,OK,PENDING_PAYMENT,1037.852
ample_64,863,31,200,OK,PENDING_PAYMENT,1040.716
ample_64,864,32,200,OK,PENDING_PAYMENT,1046.556
ample_64,865,33,200,OK,PENDING_PAYMENT,1037.320
ample_64,866,34,200,OK,PENDING_PAYMENT,1037.707
ample_64,867,35,200,OK,PENDING_PAYMENT,1028.963
ample_64,868,36,200,OK,PENDING_PAYMENT,1026.991
ample_64,869,37,200,OK,PENDING_PAYMENT,1030.360
ample_64,870,38,200,OK,PENDING_PAYMENT,1042.879
ample_64,871,39,200,OK,PENDING_PAYMENT,1043.062
ample_64,872,40,200,OK,PENDING_PAYMENT,1033.803
ample_64,873,41,200,OK,PENDING_PAYMENT,1035.473
ample_64,874,42,200,OK,PENDING_PAYMENT,1035.196
ample_64,875,43,200,OK,PENDING_PAYMENT,1027.016
ample_64,876,44,200,OK,PENDING_PAYMENT,1023.296
ample_64,877,45,200,OK,PENDING_PAYMENT,1032.226
ample_64,878,46,200,OK,PENDING_PAYMENT,1031.778
ample_64,879,47,200,OK,PENDING_PAYMENT,1046.761
ample_64,880,48,200,OK,PENDING_PAYMENT,1045.881
ample_64,882,50,200,OK,PENDING_PAYMENT,1052.137
ample_64,881,49,200,OK,PENDING_PAYMENT,1075.374
ample_64,883,51,200,OK,PENDING_PAYMENT,1054.219
ample_64,884,52,200,OK,PENDING_PAYMENT,1054.267
ample_64,885,53,200,OK,PENDING_PAYMENT,1047.888
ample_64,886,54,200,OK,PENDING_PAYMENT,1051.383
ample_64,887,55,200,OK,PENDING_PAYMENT,1053.922
ample_64,888,56,200,OK,PENDING_PAYMENT,1057.176
ample_64,889,57,200,OK,PENDING_PAYMENT,1053.817
ample_64,890,58,200,OK,PENDING_PAYMENT,1051.129
ample_64,891,59,200,OK,PENDING_PAYMENT,1057.063
ample_64,892,60,200,OK,PENDING_PAYMENT,1044.845
ample_64,893,61,200,OK,PENDING_PAYMENT,1047.065
ample_64,895,63,200,OK,PENDING_PAYMENT,1024.316
ample_64,894,62,200,OK,PENDING_PAYMENT,1041.346
ample_64,896,0,200,OK,PENDING_PAYMENT,1033.226
ample_64,897,1,200,OK,PENDING_PAYMENT,1029.333
ample_64,898,2,200,OK,PENDING_PAYMENT,1032.680
ample_64,899,3,200,OK,PENDING_PAYMENT,1032.059
ample_64,900,4,200,OK,PENDING_PAYMENT,1022.721
ample_64,901,5,200,OK,PENDING_PAYMENT,1024.661
ample_64,902,6,200,OK,PENDING_PAYMENT,978.118
ample_64,903,7,200,OK,PENDING_PAYMENT,963.986
ample_64,904,8,200,OK,PENDING_PAYMENT,973.656
ample_64,905,9,200,OK,PENDING_PAYMENT,976.144
ample_64,906,10,200,OK,PENDING_PAYMENT,960.000
ample_64,907,11,200,OK,PENDING_PAYMENT,964.812
ample_64,908,12,200,OK,PENDING_PAYMENT,952.723
ample_64,909,13,200,OK,PENDING_PAYMENT,952.718
ample_64,910,14,200,OK,PENDING_PAYMENT,949.801
ample_64,911,15,200,OK,PENDING_PAYMENT,946.162
ample_64,912,16,200,OK,PENDING_PAYMENT,955.728
ample_64,913,17,200,OK,PENDING_PAYMENT,955.958
ample_64,914,18,200,OK,PENDING_PAYMENT,947.157
ample_64,915,19,200,OK,PENDING_PAYMENT,944.084
ample_64,916,20,200,OK,PENDING_PAYMENT,940.976
ample_64,917,21,200,OK,PENDING_PAYMENT,944.338
ample_64,918,22,200,OK,PENDING_PAYMENT,946.932
ample_64,919,23,200,OK,PENDING_PAYMENT,956.035
ample_64,920,24,200,OK,PENDING_PAYMENT,962.097
ample_64,921,25,200,OK,PENDING_PAYMENT,953.169
ample_64,922,26,200,OK,PENDING_PAYMENT,953.970
ample_64,923,27,200,OK,PENDING_PAYMENT,953.705
ample_64,924,28,200,OK,PENDING_PAYMENT,956.264
ample_64,925,29,200,OK,PENDING_PAYMENT,965.262
ample_64,926,30,200,OK,PENDING_PAYMENT,971.422
ample_64,927,31,200,OK,PENDING_PAYMENT,959.540
ample_64,928,32,200,OK,PENDING_PAYMENT,957.000
ample_64,929,33,200,OK,PENDING_PAYMENT,966.852
ample_64,930,34,200,OK,PENDING_PAYMENT,972.391
ample_64,931,35,200,OK,PENDING_PAYMENT,987.573
ample_64,932,36,200,OK,PENDING_PAYMENT,993.473
ample_64,933,37,200,OK,PENDING_PAYMENT,981.092
ample_64,934,38,200,OK,PENDING_PAYMENT,981.026
ample_64,935,39,200,OK,PENDING_PAYMENT,983.947
ample_64,936,40,200,OK,PENDING_PAYMENT,986.989
ample_64,937,41,200,OK,PENDING_PAYMENT,982.692
ample_64,938,42,200,OK,PENDING_PAYMENT,992.698
ample_64,939,43,200,OK,PENDING_PAYMENT,983.031
ample_64,940,44,200,OK,PENDING_PAYMENT,983.937
ample_64,941,45,200,OK,PENDING_PAYMENT,977.937
ample_64,942,46,200,OK,PENDING_PAYMENT,972.128
ample_64,943,47,200,OK,PENDING_PAYMENT,966.296
ample_64,944,48,200,OK,PENDING_PAYMENT,954.541
ample_64,945,49,200,OK,PENDING_PAYMENT,941.486
ample_64,946,50,200,OK,PENDING_PAYMENT,937.649
ample_64,947,51,200,OK,PENDING_PAYMENT,966.433
ample_64,948,52,200,OK,PENDING_PAYMENT,956.769
ample_64,949,53,200,OK,PENDING_PAYMENT,974.775
ample_64,950,54,200,OK,PENDING_PAYMENT,977.053
ample_64,951,55,200,OK,PENDING_PAYMENT,973.893
ample_64,952,56,200,OK,PENDING_PAYMENT,971.232
ample_64,953,57,200,OK,PENDING_PAYMENT,968.265
ample_64,954,58,200,OK,PENDING_PAYMENT,972.458
ample_64,955,59,200,OK,PENDING_PAYMENT,963.036
ample_64,956,60,200,OK,PENDING_PAYMENT,975.386
ample_64,957,61,200,OK,PENDING_PAYMENT,964.616
ample_64,958,62,200,OK,PENDING_PAYMENT,968.938
ample_64,959,63,200,OK,PENDING_PAYMENT,962.196
ample_64,960,0,200,OK,PENDING_PAYMENT,968.563
ample_64,961,1,200,OK,PENDING_PAYMENT,960.074
ample_64,962,2,200,OK,PENDING_PAYMENT,953.415
ample_64,963,3,200,OK,PENDING_PAYMENT,951.967
ample_64,964,4,200,OK,PENDING_PAYMENT,955.137
ample_64,965,5,200,OK,PENDING_PAYMENT,950.299
ample_64,966,6,200,OK,PENDING_PAYMENT,951.361
ample_64,967,7,200,OK,PENDING_PAYMENT,956.678
ample_64,968,8,200,OK,PENDING_PAYMENT,944.736
ample_64,969,9,200,OK,PENDING_PAYMENT,940.934
ample_64,970,10,200,OK,PENDING_PAYMENT,956.390
ample_64,971,11,200,OK,PENDING_PAYMENT,938.930
ample_64,972,12,200,OK,PENDING_PAYMENT,957.126
ample_64,973,13,200,OK,PENDING_PAYMENT,941.751
ample_64,974,14,200,OK,PENDING_PAYMENT,950.585
ample_64,975,15,200,OK,PENDING_PAYMENT,942.067
ample_64,976,16,200,OK,PENDING_PAYMENT,942.079
ample_64,977,17,200,OK,PENDING_PAYMENT,932.407
ample_64,978,18,200,OK,PENDING_PAYMENT,939.855
ample_64,979,19,200,OK,PENDING_PAYMENT,927.518
ample_64,980,20,200,OK,PENDING_PAYMENT,930.044
ample_64,981,21,200,OK,PENDING_PAYMENT,920.933
ample_64,982,22,200,OK,PENDING_PAYMENT,924.693
ample_64,983,23,200,OK,PENDING_PAYMENT,909.352
ample_64,984,24,200,OK,PENDING_PAYMENT,903.687
ample_64,985,25,200,OK,PENDING_PAYMENT,901.347
ample_64,986,26,200,OK,PENDING_PAYMENT,897.652
ample_64,987,27,200,OK,PENDING_PAYMENT,898.510
ample_64,988,28,200,OK,PENDING_PAYMENT,899.304
ample_64,989,29,200,OK,PENDING_PAYMENT,896.060
ample_64,990,30,200,OK,PENDING_PAYMENT,883.676
ample_64,991,31,200,OK,PENDING_PAYMENT,892.281
ample_64,992,32,200,OK,PENDING_PAYMENT,893.005
ample_64,993,33,200,OK,PENDING_PAYMENT,884.919
ample_64,994,34,200,OK,PENDING_PAYMENT,879.349
ample_64,995,35,200,OK,PENDING_PAYMENT,867.366
ample_64,996,36,200,OK,PENDING_PAYMENT,861.773
ample_64,997,37,200,OK,PENDING_PAYMENT,865.427
ample_64,998,38,200,OK,PENDING_PAYMENT,856.705
ample_64,999,39,200,OK,PENDING_PAYMENT,840.872
ample_128,4,4,200,OK,PENDING_PAYMENT,257.391
ample_128,51,51,200,OK,PENDING_PAYMENT,289.847
ample_128,12,12,200,OK,PENDING_PAYMENT,346.202
ample_128,6,6,200,OK,PENDING_PAYMENT,362.091
ample_128,16,16,200,OK,PENDING_PAYMENT,361.918
ample_128,2,2,200,OK,PENDING_PAYMENT,362.236
ample_128,15,15,200,OK,PENDING_PAYMENT,404.669
ample_128,39,39,200,OK,PENDING_PAYMENT,412.852
ample_128,32,32,200,OK,PENDING_PAYMENT,477.765
ample_128,25,25,200,OK,PENDING_PAYMENT,545.092
ample_128,83,19,200,OK,PENDING_PAYMENT,538.769
ample_128,19,19,200,OK,PENDING_PAYMENT,557.342
ample_128,79,15,200,OK,PENDING_PAYMENT,551.204
ample_128,30,30,200,OK,PENDING_PAYMENT,557.569
ample_128,68,4,200,OK,PENDING_PAYMENT,559.285
ample_128,21,21,200,OK,PENDING_PAYMENT,571.005
ample_128,36,36,200,OK,PENDING_PAYMENT,577.704
ample_128,5,5,200,OK,PENDING_PAYMENT,579.345
ample_128,37,37,200,OK,PENDING_PAYMENT,607.820
ample_128,9,9,200,OK,PENDING_PAYMENT,624.326
ample_128,84,20,200,OK,PENDING_PAYMENT,617.620
ample_128,20,20,200,OK,PENDING_PAYMENT,624.568
ample_128,22,22,200,OK,PENDING_PAYMENT,649.835
ample_128,52,52,200,OK,PENDING_PAYMENT,648.002
ample_128,63,63,200,OK,PENDING_PAYMENT,647.650
ample_128,46,46,200,OK,PENDING_PAYMENT,648.703
ample_128,55,55,200,OK,PENDING_PAYMENT,648.091
ample_128,86,22,200,OK,PENDING_PAYMENT,649.524
ample_128,64,0,200,OK,PENDING_PAYMENT,664.067
ample_128,95,31,200,OK,PENDING_PAYMENT,692.152
ample_128,70,6,200,OK,PENDING_PAYMENT,723.176
ample_128,38,38,200,OK,PENDING_PAYMENT,726.001
ample_128,56,56,200,OK,PENDING_PAYMENT,724.928
ample_128,77,13,200,OK,PENDING_PAYMENT,741.151
ample_128,74,10,200,OK,PENDING_PAYMENT,742.174
ample_128,66,2,200,OK,PENDING_PAYMENT,767.215
ample_128,58,58,200,OK,PENDING_PAYMENT,767.714
ample_128,111,47,200,OK,PENDING_PAYMENT,755.627
ample_128,27,27,200,OK,PENDING_PAYMENT,805.488
ample_128,18,18,200,OK,PENDING_PAYMENT,824.985
ample_128,14,14,200,OK,PENDING_PAYMENT,847.038
ample_128,80,16,200,OK,PENDING_PAYMENT,853.770
ample_128,119,55,200,OK,PENDING_PAYMENT,836.223
ample_128,117,53,200,OK,PENDING_PAYMENT,850.358
ample_128,31,31,200,OK,PENDING_PAYMENT,901.588
ample_128,69,5,200,OK,PENDING_PAYMENT,911.890
ample_128,11,11,200,OK,PENDING_PAYMENT,931.517
ample_128,67,3,200,OK,PENDING_PAYMENT,940.862
ample_128,93,29,200,OK,PENDING_PAYMENT,944.084
ample_128,48,48,200,OK,PENDING_PAYMENT,976.699
ample_128,0,0,200,OK,PENDING_PAYMENT,1000.417
ample_128,42,42,200,OK,PENDING_PAYMENT,1003.415
ample_128,114,50,200,OK,PENDING_PAYMENT,991.480
ample_128,60,60,200,OK,PENDING_PAYMENT,1030.595
ample_128,28,28,200,OK,PENDING_PAYMENT,1060.033
ample_128,29,29,200,OK,PENDING_PAYMENT,1087.272
ample_128,115,51,200,OK,PENDING_PAYMENT,1061.306
ample_128,50,50,200,OK,PENDING_PAYMENT,1117.078
ample_128,54,54,200,OK,PENDING_PAYMENT,1140.584
ample_128,49,49,200,OK,PENDING_PAYMENT,1162.278
ample_128,89,25,200,OK,PENDING_PAYMENT,1164.146
ample_128,53,53,200,OK,PENDING_PAYMENT,1193.617
ample_128,35,35,200,OK,PENDING_PAYMENT,1203.439
ample_128,62,62,200,OK,PENDING_PAYMENT,1214.754
ample_128,97,33,200,OK,PENDING_PAYMENT,1211.839
ample_128,8,8,200,OK,PENDING_PAYMENT,1251.885
ample_128,44,44,200,OK,PENDING_PAYMENT,1275.854
ample_128,71,7,200,OK,PENDING_PAYMENT,1278.417
ample_128,65,1,200,OK,PENDING_PAYMENT,1291.966
ample_128,24,24,200,OK,PENDING_PAYMENT,1301.015
ample_128,112,48,200,OK,PENDING_PAYMENT,1282.908
ample_128,33,33,200,OK,PENDING_PAYMENT,1331.705
ample_128,129,1,200,OK,PENDING_PAYMENT,1056.415
ample_128,126,62,200,OK,PENDING_PAYMENT,1323.602
ample_128,104,40,200,OK,PENDING_PAYMENT,1340.211
ample_128,78,14,200,OK,PENDING_PAYMENT,1378.725
ample_128,125,61,200,OK,PENDING_PAYMENT,1361.957
ample_128,47,47,200,OK,PENDING_PAYMENT,1413.626
ample_128,81,17,200,OK,PENDING_PAYMENT,1422.200
ample_128,87,23,200,OK,PENDING_PAYMENT,1439.806
ample_128,43,43,200,OK,PENDING_PAYMENT,1464.878
ample_128,75,11,200,OK,PENDING_PAYMENT,1467.653
ample_128,76,12,200,OK,PENDING_PAYMENT,1485.644
ample_128,61,61,200,OK,PENDING_PAYMENT,1501.323
ample_128,94,30,200,OK,PENDING_PAYMENT,1502.817
ample_128,96,32,200,OK,PENDING_PAYMENT,1510.738
ample_128,34,34,200,OK,PENDING_PAYMENT,1549.460
ample_128,40,40,200,OK,PENDING_PAYMENT,1562.121
ample_128,59,59,200,OK,PENDING_PAYMENT,1576.155
ample_128,105,41,200,OK,PENDING_PAYMENT,1568.755
ample_128,10,10,200,OK,PENDING_PAYMENT,1618.664
ample_128,23,23,200,OK,PENDING_PAYMENT,1625.183
ample_128,17,17,200,OK,PENDING_PAYMENT,1646.705
ample_128,120,56,200,OK,PENDING_PAYMENT,1622.836
ample_128,127,63,200,OK,PENDING_PAYMENT,1643.068
ample_128,101,37,200,OK,PENDING_PAYMENT,1667.229
ample_128,109,45,200,OK,PENDING_PAYMENT,1676.095
ample_128,7,7,200,OK,PENDING_PAYMENT,1722.070
ample_128,88,24,200,OK,PENDING_PAYMENT,1727.764
ample_128,113,49,200,OK,PENDING_PAYMENT,1720.924
ample_128,122,58,200,OK,PENDING_PAYMENT,1743.154
ample_128,110,46,200,OK,PENDING_PAYMENT,1749.384
ample_128,130,2,200,OK,PENDING_PAYMENT,1450.734
ample_128,73,9,200,OK,PENDING_PAYMENT,1807.647
ample_128,123,59,200,OK,PENDING_PAYMENT,1794.295
ample_128,41,41,200,OK,PENDING_PAYMENT,1848.084
ample_128,108,44,200,OK,PENDING_PAYMENT,1832.489
ample_128,98,34,200,OK,PENDING_PAYMENT,1856.153
ample_128,90,26,200,OK,PENDING_PAYMENT,1884.813
ample_128,82,18,200,OK,PENDING_PAYMENT,1912.301
ample_128,118,54,200,OK,PENDING_PAYMENT,1900.287
ample_128,26,26,200,OK,PENDING_PAYMENT,1949.198
ample_128,3,3,200,OK,PENDING_PAYMENT,1967.836
ample_128,45,45,200,OK,PENDING_PAYMENT,1978.986
ample_128,57,57,200,OK,PENDING_PAYMENT,1990.721
ample_128,133,5,200,OK,PENDING_PAYMENT,1650.368
ample_128,107,43,200,OK,PENDING_PAYMENT,2003.734
ample_128,116,52,200,OK,PENDING_PAYMENT,2030.794
ample_128,128,0,200,OK,PENDING_PAYMENT,1838.776
ample_128,100,36,200,OK,PENDING_PAYMENT,2075.257
ample_128,72,8,200,OK,PENDING_PAYMENT,2120.847
ample_128,135,7,200,OK,PENDING_PAYMENT,1723.439
ample_128,103,39,200,OK,PENDING_PAYMENT,2113.738
ample_128,138,10,200,OK,PENDING_PAYMENT,1620.092
ample_128,92,28,200,OK,PENDING_PAYMENT,2159.470
ample_128,106,42,200,OK,PENDING_PAYMENT,2162.328
ample_128,91,27,200,OK,PENDING_PAYMENT,2196.459
ample_128,134,6,200,OK,PENDING_PAYMENT,1818.261
ample_128,143,15,200,OK,PENDING_PAYMENT,1664.201
ample_128,124,60,200,OK,PENDING_PAYMENT,2210.826
ample_128,99,35,200,OK,PENDING_PAYMENT,2241.454
ample_128,139,11,200,OK,PENDING_PAYMENT,1719.065
ample_128,131,3,200,OK,PENDING_PAYMENT,1927.100
ample_128,121,57,200,OK,PENDING_PAYMENT,2270.974
ample_128,136,8,200,OK,PENDING_PAYMENT,1844.291
ample_128,85,21,200,OK,PENDING_PAYMENT,2330.152
ample_128,137,9,200,OK,PENDING_PAYMENT,1805.902
ample_128,149,21,200,OK,PENDING_PAYMENT,1739.581
ample_128,142,14,200,OK,PENDING_PAYMENT,1817.438
ample_128,147,19,200,OK,PENDING_PAYMENT,1777.365
ample_128,13,13,200,OK,PENDING_PAYMENT,2416.217
ample_128,102,38,200,OK,PENDING_PAYMENT,2398.828
ample_128,132,4,200,OK,PENDING_PAYMENT,2079.337
ample_128,1,1,200,OK,PENDING_PAYMENT,2454.426
ample_128,155,27,200,OK,PENDING_PAYMENT,1810.051
ample_128,156,28,200,OK,PENDING_PAYMENT,1812.924
ample_128,154,26,200,OK,PENDING_PAYMENT,1842.085
ample_128,151,23,200,OK,PENDING_PAYMENT,1861.038
ample_128,153,25,200,OK,PENDING_PAYMENT,1875.937
ample_128,145,17,200,OK,PENDING_PAYMENT,1959.926
ample_128,152,24,200,OK,PENDING_PAYMENT,1901.499
ample_128,146,18,200,OK,PENDING_PAYMENT,1955.157
ample_128,144,16,200,OK,PENDING_PAYMENT,2010.727
ample_128,141,13,200,OK,PENDING_PAYMENT,2053.035
ample_128,150,22,200,OK,PENDING_PAYMENT,1967.344
ample_128,148,20,200,OK,PENDING_PAYMENT,2011.711
ample_128,158,30,200,OK,PENDING_PAYMENT,1918.695
ample_128,157,29,200,OK,PENDING_PAYMENT,1948.731
ample_128,140,12,200,OK,PENDING_PAYMENT,2113.183
ample_128,159,31,200,OK,PENDING_PAYMENT,1955.547
ample_128,160,32,200,OK,PENDING_PAYMENT,1979.697
ample_128,161,33,200,OK,PENDING_PAYMENT,1973.899
ample_128,162,34,200,OK,PENDING_PAYMENT,1979.849
ample_128,164,36,200,OK,PENDING_PAYMENT,1978.500
ample_128,163,35,200,OK,PENDING_PAYMENT,1984.734
ample_128,165,37,200,OK,PENDING_PAYMENT,1977.936
ample_128,166,38,200,OK,PENDING_PAYMENT,1988.800
ample_128,167,39,200,OK,PENDING_PAYMENT,1987.527
ample_128,168,40,200,OK,PENDING_PAYMENT,1980.971
ample_128,169,41,200,OK,PENDING_PAYMENT,1984.777
ample_128,170,42,200,OK,PENDING_PAYMENT,1987.958
ample_128,171,43,200,OK,PENDING_PAYMENT,1989.863
ample_128,172,44,200,OK,PENDING_PAYMENT,1992.962
ample_128,173,45,200,OK,PENDING_PAYMENT,1992.320
ample_128,174,46,200,OK,PENDING_PAYMENT,1992.388
ample_128,175,47,200,OK,PENDING_PAYMENT,1995.383
ample_128,176,48,200,OK,PENDING_PAYMENT,1991.056
ample_128,177,49,200,OK,PENDING_PAYMENT,1988.062
ample_128,179,51,200,OK,PENDING_PAYMENT,1980.782
ample_128,178,50,200,OK,PENDING_PAYMENT,1997.577
ample_128,181,53,200,OK,PENDING_PAYMENT,1980.158
ample_128,180,52,200,OK,PENDING_PAYMENT,2008.826
ample_128,182,54,200,OK,PENDING_PAYMENT,2013.470
ample_128,183,55,200,OK,PENDING_PAYMENT,1992.749
ample_128,184,56,200,OK,PENDING_PAYMENT,2004.971
ample_128,185,57,200,OK,PENDING_PAYMENT,1999.292
ample_128,186,58,200,OK,PENDING_PAYMENT,1991.873
ample_128,187,59,200,OK,PENDING_PAYMENT,1991.861
ample_128,188,60,200,OK,PENDING_PAYMENT,2000.996
ample_128,189,61,200,OK,PENDING_PAYMENT,1995.438
ample_128,190,62,200,OK,PENDING_PAYMENT,2001.855
ample_128,191,63,200,OK,PENDING_PAYMENT,2001.384
ample_128,192,0,200,OK,PENDING_PAYMENT,2001.342
ample_128,193,1,200,OK,PENDING_PAYMENT,2004.780
ample_128,194,2,200,OK,PENDING_PAYMENT,1988.958
ample_128,195,3,200,OK,PENDING_PAYMENT,2001.587
ample_128,197,5,200,OK,PENDING_PAYMENT,1998.902
ample_128,196,4,200,OK,PENDING_PAYMENT,2017.073
ample_128,198,6,200,OK,PENDING_PAYMENT,2015.727
ample_128,199,7,200,OK,PENDING_PAYMENT,2015.740
ample_128,200,8,200,OK,PENDING_PAYMENT,2015.978
ample_128,201,9,200,OK,PENDING_PAYMENT,2019.176
ample_128,202,10,200,OK,PENDING_PAYMENT,2025.463
ample_128,203,11,200,OK,PENDING_PAYMENT,2027.702
ample_128,204,12,200,OK,PENDING_PAYMENT,2031.440
ample_128,205,13,200,OK,PENDING_PAYMENT,2037.556
ample_128,206,14,200,OK,PENDING_PAYMENT,2030.894
ample_128,207,15,200,OK,PENDING_PAYMENT,2029.088
ample_128,208,16,200,OK,PENDING_PAYMENT,2016.698
ample_128,209,17,200,OK,PENDING_PAYMENT,2028.675
ample_128,210,18,200,OK,PENDING_PAYMENT,2028.676
ample_128,211,19,200,OK,PENDING_PAYMENT,2031.262
ample_128,212,20,200,OK,PENDING_PAYMENT,2030.743
ample_128,213,21,200,OK,PENDING_PAYMENT,2037.301
ample_128,214,22,200,OK,PENDING_PAYMENT,2032.157
ample_128,215,23,200,OK,PENDING_PAYMENT,2034.357
ample_128,216,24,200,OK,PENDING_PAYMENT,2035.576
ample_128,217,25,200,OK,PENDING_PAYMENT,2029.309
ample_128,218,26,200,OK,PENDING_PAYMENT,2023.518
ample_128,219,27,200,OK,PENDING_PAYMENT,2032.253
ample_128,220,28,200,OK,PENDING_PAYMENT,2026.761
ample_128,221,29,200,OK,PENDING_PAYMENT,2032.980
ample_128,222,30,200,OK,PENDING_PAYMENT,2027.456
ample_128,223,31,200,OK,PENDING_PAYMENT,2021.793
ample_128,224,32,200,OK,PENDING_PAYMENT,2029.710
ample_128,225,33,200,OK,PENDING_PAYMENT,2025.383
ample_128,226,34,200,OK,PENDING_PAYMENT,2025.915
ample_128,227,35,200,OK,PENDING_PAYMENT,2020.068
ample_128,228,36,200,OK,PENDING_PAYMENT,2014.151
ample_128,229,37,200,OK,PENDING_PAYMENT,2026.643
ample_128,230,38,200,OK,PENDING_PAYMENT,2032.241
ample_128,231,39,200,OK,PENDING_PAYMENT,2023.480
ample_128,232,40,200,OK,PENDING_PAYMENT,2023.380
ample_128,233,41,200,OK,PENDING_PAYMENT,2024.338
ample_128,234,42,200,OK,PENDING_PAYMENT,2021.214
ample_128,235,43,200,OK,PENDING_PAYMENT,2025.296
ample_128,236,44,200,OK,PENDING_PAYMENT,2025.536
ample_128,237,45,200,OK,PENDING_PAYMENT,2022.191
ample_128,238,46,200,OK,PENDING_PAYMENT,2010.725
ample_128,239,47,200,OK,PENDING_PAYMENT,2016.710
ample_128,240,48,200,OK,PENDING_PAYMENT,2001.755
ample_128,241,49,200,OK,PENDING_PAYMENT,2010.748
ample_128,242,50,200,OK,PENDING_PAYMENT,2017.017
ample_128,243,51,200,OK,PENDING_PAYMENT,2007.184
ample_128,244,52,200,OK,PENDING_PAYMENT,1998.687
ample_128,245,53,200,OK,PENDING_PAYMENT,1998.910
ample_128,247,55,200,OK,PENDING_PAYMENT,1990.337
ample_128,246,54,200,OK,PENDING_PAYMENT,2005.858
ample_128,248,56,200,OK,PENDING_PAYMENT,1999.650
ample_128,249,57,200,OK,PENDING_PAYMENT,1993.516
ample_128,250,58,200,OK,PENDING_PAYMENT,2011.806
ample_128,251,59,200,OK,PENDING_PAYMENT,2016.272
ample_128,252,60,200,OK,PENDING_PAYMENT,2017.548
ample_128,253,61,200,OK,PENDING_PAYMENT,2010.436
ample_128,254,62,200,OK,PENDING_PAYMENT,2011.360
ample_128,255,63,200,OK,PENDING_PAYMENT,2019.408
ample_128,256,0,200,OK,PENDING_PAYMENT,2013.158
ample_128,257,1,200,OK,PENDING_PAYMENT,2013.126
ample_128,258,2,200,OK,PENDING_PAYMENT,2009.501
ample_128,259,3,200,OK,PENDING_PAYMENT,2014.181
ample_128,260,4,200,OK,PENDING_PAYMENT,2023.554
ample_128,261,5,200,OK,PENDING_PAYMENT,2023.339
ample_128,262,6,200,OK,PENDING_PAYMENT,2014.545
ample_128,263,7,200,OK,PENDING_PAYMENT,2014.071
ample_128,264,8,200,OK,PENDING_PAYMENT,2012.261
ample_128,265,9,200,OK,PENDING_PAYMENT,2015.850
ample_128,266,10,200,OK,PENDING_PAYMENT,2012.645
ample_128,267,11,200,OK,PENDING_PAYMENT,2007.421
ample_128,268,12,200,OK,PENDING_PAYMENT,2011.683
ample_128,269,13,200,OK,PENDING_PAYMENT,2017.467
ample_128,270,14,200,OK,PENDING_PAYMENT,2026.144
ample_128,271,15,200,OK,PENDING_PAYMENT,2019.592
ample_128,272,16,200,OK,PENDING_PAYMENT,2026.179
ample_128,273,17,200,OK,PENDING_PAYMENT,2017.054
ample_128,274,18,200,OK,PENDING_PAYMENT,2022.589
ample_128,275,19,200,OK,PENDING_PAYMENT,2016.231
ample_128,276,20,200,OK,PENDING_PAYMENT,2016.908
ample_128,277,21,200,OK,PENDING_PAYMENT,2019.830
ample_128,278,22,200,OK,PENDING_PAYMENT,2023.155
ample_128,279,23,200,OK,PENDING_PAYMENT,2017.501
ample_128,280,24,200,OK,PENDING_PAYMENT,2014.074
ample_128,281,25,200,OK,PENDING_PAYMENT,1995.675
ample_128,282,26,200,OK,PENDING_PAYMENT,2005.882
ample_128,283,27,200,OK,PENDING_PAYMENT,2005.200
ample_128,284,28,200,OK,PENDING_PAYMENT,2021.422
ample_128,285,29,200,OK,PENDING_PAYMENT,2011.705
ample_128,286,30,200,OK,PENDING_PAYMENT,2020.733
ample_128,287,31,200,OK,PENDING_PAYMENT,2015.557
ample_128,288,32,200,OK,PENDING_PAYMENT,2004.734
ample_128,289,33,200,OK,PENDING_PAYMENT,1998.210
ample_128,290,34,200,OK,PENDING_PAYMENT,2005.827
ample_128,292,36,200,OK,PENDING_PAYMENT,1989.132
ample_128,291,35,200,OK,PENDING_PAYMENT,2011.884
ample_128,293,37,200,OK,PENDING_PAYMENT,2009.582
ample_128,294,38,200,OK,PENDING_PAYMENT,2003.069
ample_128,295,39,200,OK,PENDING_PAYMENT,1998.037
ample_128,296,40,200,OK,PENDING_PAYMENT,2002.036
ample_128,297,41,200,OK,PENDING_PAYMENT,1995.755
ample_128,298,42,200,OK,PENDING_PAYMENT,1991.677
ample_128,299,43,200,OK,PENDING_PAYMENT,1990.198
ample_128,300,44,200,OK,PENDING_PAYMENT,1986.427
ample_128,301,45,200,OK,PENDING_PAYMENT,2005.434
ample_128,302,46,200,OK,PENDING_PAYMENT,2006.016
ample_128,303,47,200,OK,PENDING_PAYMENT,1996.828
ample_128,304,48,200,OK,PENDING_PAYMENT,2005.965
ample_128,305,49,200,OK,PENDING_PAYMENT,2000.462
ample_128,306,50,200,OK,PENDING_PAYMENT,2003.019
ample_128,307,51,200,OK,PENDING_PAYMENT,2010.023
ample_128,308,52,200,OK,PENDING_PAYMENT,2016.837
ample_128,309,53,200,OK,PENDING_PAYMENT,2003.994
ample_128,310,54,200,OK,PENDING_PAYMENT,1986.586
ample_128,311,55,200,OK,PENDING_PAYMENT,2005.065
ample_128,312,56,200,OK,PENDING_PAYMENT,2011.246
ample_128,313,57,200,OK,PENDING_PAYMENT,2019.308
ample_128,314,58,200,OK,PENDING_PAYMENT,2009.388
ample_128,315,59,200,OK,PENDING_PAYMENT,2006.854
ample_128,316,60,200,OK,PENDING_PAYMENT,2009.802
ample_128,317,61,200,OK,PENDING_PAYMENT,1999.882
ample_128,318,62,200,OK,PENDING_PAYMENT,2003.213
ample_128,319,63,200,OK,PENDING_PAYMENT,2000.688
ample_128,320,0,200,OK,PENDING_PAYMENT,1997.982
ample_128,321,1,200,OK,PENDING_PAYMENT,1988.781
ample_128,322,2,200,OK,PENDING_PAYMENT,1988.338
ample_128,323,3,200,OK,PENDING_PAYMENT,1988.095
ample_128,324,4,200,OK,PENDING_PAYMENT,1982.637
ample_128,325,5,200,OK,PENDING_PAYMENT,1987.736
ample_128,326,6,200,OK,PENDING_PAYMENT,1972.835
ample_128,327,7,200,OK,PENDING_PAYMENT,1972.952
ample_128,328,8,200,OK,PENDING_PAYMENT,1966.077
ample_128,329,9,200,OK,PENDING_PAYMENT,1971.729
ample_128,330,10,200,OK,PENDING_PAYMENT,1978.392
ample_128,331,11,200,OK,PENDING_PAYMENT,1968.547
ample_128,332,12,200,OK,PENDING_PAYMENT,1963.039
ample_128,333,13,200,OK,PENDING_PAYMENT,1944.801
ample_128,334,14,200,OK,PENDING_PAYMENT,1953.895
ample_128,336,16,200,OK,PENDING_PAYMENT,1942.616
ample_128,335,15,200,OK,PENDING_PAYMENT,1964.138
ample_128,337,17,200,OK,PENDING_PAYMENT,1952.090
ample_128,338,18,200,OK,PENDING_PAYMENT,1946.697
ample_128,339,19,200,OK,PENDING_PAYMENT,1949.230
ample_128,340,20,200,OK,PENDING_PAYMENT,1952.402
ample_128,341,21,200,OK,PENDING_PAYMENT,1957.555
ample_128,342,22,200,OK,PENDING_PAYMENT,1962.864
ample_128,343,23,200,OK,PENDING_PAYMENT,1963.090
ample_128,344,24,200,OK,PENDING_PAYMENT,1962.017
ample_128,345,25,200,OK,PENDING_PAYMENT,1966.140
ample_128,346,26,200,OK,PENDING_PAYMENT,1968.773
ample_128,347,27,200,OK,PENDING_PAYMENT,1963.065
ample_128,348,28,200,OK,PENDING_PAYMENT,1962.838
ample_128,349,29,200,OK,PENDING_PAYMENT,1956.359
ample_128,350,30,200,OK,PENDING_PAYMENT,1960.109
ample_128,351,31,200,OK,PENDING_PAYMENT,1974.366
ample_128,352,32,200,OK,PENDING_PAYMENT,1975.511
ample_128,353,33,200,OK,PENDING_PAYMENT,1976.716
ample_128,354,34,200,OK,PENDING_PAYMENT,1970.942
ample_128,355,35,200,OK,PENDING_PAYMENT,1974.213
ample_128,356,36,200,OK,PENDING_PAYMENT,1961.963
ample_128,357,37,200,OK,PENDING_PAYMENT,1965.704
ample_128,358,38,200,OK,PENDING_PAYMENT,1958.805
ample_128,359,39,200,OK,PENDING_PAYMENT,1965.694
ample_128,360,40,200,OK,PENDING_PAYMENT,1965.100
ample_128,361,41,200,OK,PENDING_PAYMENT,1967.941
ample_128,362,42,200,OK,PENDING_PAYMENT,1961.656
ample_128,363,43,200,OK,PENDING_PAYMENT,1964.035
ample_128,364,44,200,OK,PENDING_PAYMENT,1963.554
ample_128,365,45,200,OK,PENDING_PAYMENT,1960.915
ample_128,366,46,200,OK,PENDING_PAYMENT,1967.539
ample_128,368,48,200,OK,PENDING_PAYMENT,1961.692
ample_128,367,47,200,OK,PENDING_PAYMENT,1978.390
ample_128,369,49,200,OK,PENDING_PAYMENT,1976.548
ample_128,370,50,200,OK,PENDING_PAYMENT,1978.930
ample_128,371,51,200,OK,PENDING_PAYMENT,1976.095
ample_128,372,52,200,OK,PENDING_PAYMENT,1973.891
ample_128,373,53,200,OK,PENDING_PAYMENT,1965.447
ample_128,374,54,200,OK,PENDING_PAYMENT,1953.528
ample_128,375,55,200,OK,PENDING_PAYMENT,1974.747
ample_128,377,57,200,OK,PENDING_PAYMENT,1966.963
ample_128,376,56,200,OK,PENDING_PAYMENT,1994.576
ample_128,378,58,200,OK,PENDING_PAYMENT,1983.649
ample_128,379,59,200,OK,PENDING_PAYMENT,1981.289
ample_128,381,61,200,OK,PENDING_PAYMENT,1981.928
ample_128,380,60,200,OK,PENDING_PAYMENT,2006.867
ample_128,382,62,200,OK,PENDING_PAYMENT,1990.683
ample_128,383,63,200,OK,PENDING_PAYMENT,1984.845
ample_128,384,0,200,OK,PENDING_PAYMENT,1994.153
ample_128,385,1,200,OK,PENDING_PAYMENT,2000.058
ample_128,386,2,200,OK,PENDING_PAYMENT,2000.029
ample_128,387,3,200,OK,PENDING_PAYMENT,1998.958
ample_128,388,4,200,OK,PENDING_PAYMENT,1993.019
ample_128,389,5,200,OK,PENDING_PAYMENT,1992.724
ample_128,390,6,200,OK,PENDING_PAYMENT,1998.851
ample_128,391,7,200,OK,PENDING_PAYMENT,2001.744
ample_128,392,8,200,OK,PENDING_PAYMENT,2007.796
ample_128,393,9,200,OK,PENDING_PAYMENT,2003.802
ample_128,394,10,200,OK,PENDING_PAYMENT,2000.638
ample_128,395,11,200,OK,PENDING_PAYMENT,2000.033
ample_128,396,12,200,OK,PENDING_PAYMENT,1997.055
ample_128,397,13,200,OK,PENDING_PAYMENT,1991.713
ample_128,398,14,200,OK,PENDING_PAYMENT,1985.915
ample_128,399,15,200,OK,PENDING_PAYMENT,1998.853
ample_128,401,17,200,OK,PENDING_PAYMENT,1994.525
ample_128,400,16,200,OK,PENDING_PAYMENT,2014.015
ample_128,402,18,200,OK,PENDING_PAYMENT,2013.975
ample_128,403,19,200,OK,PENDING_PAYMENT,2005.205
ample_128,404,20,200,OK,PENDING_PAYMENT,2005.602
ample_128,405,21,200,OK,PENDING_PAYMENT,1999.111
ample_128,406,22,200,OK,PENDING_PAYMENT,2002.407
ample_128,407,23,200,OK,PENDING_PAYMENT,2005.232
ample_128,408,24,200,OK,PENDING_PAYMENT,1998.972
ample_128,409,25,200,OK,PENDING_PAYMENT,2011.126
ample_128,410,26,200,OK,PENDING_PAYMENT,2007.102
ample_128,411,27,200,OK,PENDING_PAYMENT,2004.438
ample_128,412,28,200,OK,PENDING_PAYMENT,1995.145
ample_128,413,29,200,OK,PENDING_PAYMENT,2005.202
ample_128,414,30,200,OK,PENDING_PAYMENT,1999.808
ample_128,415,31,200,OK,PENDING_PAYMENT,2011.224
ample_128,416,32,200,OK,PENDING_PAYMENT,2016.490
ample_128,417,33,200,OK,PENDING_PAYMENT,2024.269
ample_128,418,34,200,OK,PENDING_PAYMENT,2026.428
ample_128,419,35,200,OK,PENDING_PAYMENT,2030.578
ample_128,420,36,200,OK,PENDING_PAYMENT,2030.310
ample_128,421,37,200,OK,PENDING_PAYMENT,2032.336
ample_128,422,38,200,OK,PENDING_PAYMENT,2031.336
ample_128,423,39,200,OK,PENDING_PAYMENT,2030.772
ample_128,424,40,200,OK,PENDING_PAYMENT,2027.249
ample_128,425,41,200,OK,PENDING_PAYMENT,2038.164
ample_128,426,42,200,OK,PENDING_PAYMENT,2043.852
ample_128,427,43,200,OK,PENDING_PAYMENT,2042.524
ample_128,428,44,200,OK,PENDING_PAYMENT,2043.240
ample_128,429,45,200,OK,PENDING_PAYMENT,2031.522
ample_128,430,46,200,OK,PENDING_PAYMENT,2034.197
ample_128,431,47,200,OK,PENDING_PAYMENT,2043.907
ample_128,432,48,200,OK,PENDING_PAYMENT,2034.603
ample_128,433,49,200,OK,PENDING_PAYMENT,2038.107
ample_128,434,50,200,OK,PENDING_PAYMENT,2035.459
ample_128,435,51,200,OK,PENDING_PAYMENT,2041.065
ample_128,436,52,200,OK,PENDING_PAYMENT,2024.871
ample_128,437,53,200,OK,PENDING_PAYMENT,2049.669
ample_128,438,54,200,OK,PENDING_PAYMENT,2036.593
ample_128,439,55,200,OK,PENDING_PAYMENT,2045.027
ample_128,440,56,200,OK,PENDING_PAYMENT,2044.131
ample_128,441,57,200,OK,PENDING_PAYMENT,2034.432
ample_128,442,58,200,OK,PENDING_PAYMENT,2049.419
ample_128,443,59,200,OK,PENDING_PAYMENT,2067.085
ample_128,444,60,200,OK,PENDING_PAYMENT,2066.092
ample_128,445,61,200,OK,PENDING_PAYMENT,2075.140
ample_128,446,62,200,OK,PENDING_PAYMENT,2065.767
ample_128,447,63,200,OK,PENDING_PAYMENT,2071.812
ample_128,448,0,200,OK,PENDING_PAYMENT,2071.890
ample_128,449,1,200,OK,PENDING_PAYMENT,2080.424
ample_128,450,2,200,OK,PENDING_PAYMENT,2092.962
ample_128,451,3,200,OK,PENDING_PAYMENT,2082.146
ample_128,452,4,200,OK,PENDING_PAYMENT,2093.149
ample_128,453,5,200,OK,PENDING_PAYMENT,2094.051
ample_128,454,6,200,OK,PENDING_PAYMENT,2092.274
ample_128,455,7,200,OK,PENDING_PAYMENT,2095.269
ample_128,456,8,200,OK,PENDING_PAYMENT,2093.091
ample_128,457,9,200,OK,PENDING_PAYMENT,2090.117
ample_128,458,10,200,OK,PENDING_PAYMENT,2083.637
ample_128,459,11,200,OK,PENDING_PAYMENT,2083.735
ample_128,460,12,200,OK,PENDING_PAYMENT,2092.048
ample_128,461,13,200,OK,PENDING_PAYMENT,2091.915
ample_128,462,14,200,OK,PENDING_PAYMENT,2089.334
ample_128,463,15,200,OK,PENDING_PAYMENT,2095.320
ample_128,464,16,200,OK,PENDING_PAYMENT,2104.432
ample_128,465,17,200,OK,PENDING_PAYMENT,2110.355
ample_128,466,18,200,OK,PENDING_PAYMENT,2107.213
ample_128,467,19,200,OK,PENDING_PAYMENT,2111.807
ample_128,468,20,200,OK,PENDING_PAYMENT,2107.559
ample_128,469,21,200,OK,PENDING_PAYMENT,2096.957
ample_128,470,22,200,OK,PENDING_PAYMENT,2099.997
ample_128,471,23,200,OK,PENDING_PAYMENT,2109.136
ample_128,472,24,200,OK,PENDING_PAYMENT,2100.070
ample_128,473,25,200,OK,PENDING_PAYMENT,2102.850
ample_128,474,26,200,OK,PENDING_PAYMENT,2093.783
ample_128,475,27,200,OK,PENDING_PAYMENT,2099.513
ample_128,476,28,200,OK,PENDING_PAYMENT,2106.151
ample_128,477,29,200,OK,PENDING_PAYMENT,2099.501
ample_128,478,30,200,OK,PENDING_PAYMENT,2092.741
ample_128,479,31,200,OK,PENDING_PAYMENT,2080.948
ample_128,480,32,200,OK,PENDING_PAYMENT,2075.697
ample_128,481,33,200,OK,PENDING_PAYMENT,2083.049
ample_128,482,34,200,OK,PENDING_PAYMENT,2096.237
ample_128,483,35,200,OK,PENDING_PAYMENT,2084.525
ample_128,484,36,200,OK,PENDING_PAYMENT,2090.464
ample_128,485,37,200,OK,PENDING_PAYMENT,2089.835
ample_128,486,38,200,OK,PENDING_PAYMENT,2096.843
ample_128,487,39,200,OK,PENDING_PAYMENT,2093.073
ample_128,488,40,200,OK,PENDING_PAYMENT,2086.841
ample_128,489,41,200,OK,PENDING_PAYMENT,2077.898
ample_128,490,42,200,OK,PENDING_PAYMENT,2084.545
ample_128,491,43,200,OK,PENDING_PAYMENT,2078.558
ample_128,492,44,200,OK,PENDING_PAYMENT,2081.670
ample_128,493,45,200,OK,PENDING_PAYMENT,2087.893
ample_128,494,46,200,OK,PENDING_PAYMENT,2083.179
ample_128,495,47,200,OK,PENDING_PAYMENT,2092.033
ample_128,496,48,200,OK,PENDING_PAYMENT,2082.123
ample_128,497,49,200,OK,PENDING_PAYMENT,2086.656
ample_128,498,50,200,OK,PENDING_PAYMENT,2089.199
ample_128,499,51,200,OK,PENDING_PAYMENT,2116.819
ample_128,500,52,200,OK,PENDING_PAYMENT,2121.813
ample_128,501,53,200,OK,PENDING_PAYMENT,2102.905
ample_128,502,54,200,OK,PENDING_PAYMENT,2109.495
ample_128,503,55,200,OK,PENDING_PAYMENT,2086.042
ample_128,504,56,200,OK,PENDING_PAYMENT,2078.162
ample_128,505,57,200,OK,PENDING_PAYMENT,2075.982
ample_128,506,58,200,OK,PENDING_PAYMENT,2067.972
ample_128,507,59,200,OK,PENDING_PAYMENT,2060.344
ample_128,508,60,200,OK,PENDING_PAYMENT,2052.512
ample_128,509,61,200,OK,PENDING_PAYMENT,2053.241
ample_128,510,62,200,OK,PENDING_PAYMENT,2052.981
ample_128,511,63,200,OK,PENDING_PAYMENT,2052.460
ample_128,512,0,200,OK,PENDING_PAYMENT,2049.659
ample_128,513,1,200,OK,PENDING_PAYMENT,2046.544
ample_128,514,2,200,OK,PENDING_PAYMENT,2052.407
ample_128,515,3,200,OK,PENDING_PAYMENT,2049.245
ample_128,516,4,200,OK,PENDING_PAYMENT,2051.992
ample_128,517,5,200,OK,PENDING_PAYMENT,2046.009
ample_128,518,6,200,OK,PENDING_PAYMENT,2049.122
ample_128,519,7,200,OK,PENDING_PAYMENT,2051.372
ample_128,520,8,200,OK,PENDING_PAYMENT,2045.396
ample_128,521,9,200,OK,PENDING_PAYMENT,2045.546
ample_128,522,10,200,OK,PENDING_PAYMENT,2054.110
ample_128,523,11,200,OK,PENDING_PAYMENT,2053.938
ample_128,524,12,200,OK,PENDING_PAYMENT,2060.024
ample_128,525,13,200,OK,PENDING_PAYMENT,2053.832
ample_128,526,14,200,OK,PENDING_PAYMENT,2056.765
ample_128,527,15,200,OK,PENDING_PAYMENT,2050.396
ample_128,528,16,200,OK,PENDING_PAYMENT,2046.917
ample_128,529,17,200,OK,PENDING_PAYMENT,2050.368
ample_128,530,18,200,OK,PENDING_PAYMENT,2040.558
ample_128,531,19,200,OK,PENDING_PAYMENT,2052.893
ample_128,532,20,200,OK,PENDING_PAYMENT,2052.439
ample_128,533,21,200,OK,PENDING_PAYMENT,2050.122
ample_128,534,22,200,OK,PENDING_PAYMENT,2049.440
ample_128,535,23,200,OK,PENDING_PAYMENT,2046.477
ample_128,536,24,200,OK,PENDING_PAYMENT,2043.471
ample_128,537,25,200,OK,PENDING_PAYMENT,2051.679
ample_128,538,26,200,OK,PENDING_PAYMENT,2053.191
ample_128,539,27,200,OK,PENDING_PAYMENT,2056.269
ample_128,540,28,200,OK,PENDING_PAYMENT,2052.758
ample_128,541,29,200,OK,PENDING_PAYMENT,2055.463
ample_128,542,30,200,OK,PENDING_PAYMENT,2054.488
ample_128,543,31,200,OK,PENDING_PAYMENT,2045.850
ample_128,544,32,200,OK,PENDING_PAYMENT,2040.004
ample_128,545,33,200,OK,PENDING_PAYMENT,2041.452
ample_128,546,34,200,OK,PENDING_PAYMENT,2044.096
ample_128,547,35,200,OK,PENDING_PAYMENT,2044.979
ample_128,548,36,200,OK,PENDING_PAYMENT,2035.163
ample_128,549,37,200,OK,PENDING_PAYMENT,2035.250
ample_128,550,38,200,OK,PENDING_PAYMENT,2022.680
ample_128,551,39,200,OK,PENDING_PAYMENT,2026.245
ample_128,552,40,200,OK,PENDING_PAYMENT,2025.988
ample_128,553,41,200,OK,PENDING_PAYMENT,2023.743
ample_128,554,42,200,OK,PENDING_PAYMENT,2021.739
ample_128,555,43,200,OK,PENDING_PAYMENT,2021.687
ample_128,556,44,200,OK,PENDING_PAYMENT,2021.190
ample_128,557,45,200,OK,PENDING_PAYMENT,2023.665
ample_128,558,46,200,OK,PENDING_PAYMENT,2023.426
ample_128,559,47,200,OK,PENDING_PAYMENT,2010.976
ample_128,560,48,200,OK,PENDING_PAYMENT,2016.486
ample_128,561,49,200,OK,PENDING_PAYMENT,2016.784
ample_128,562,50,200,OK,PENDING_PAYMENT,2014.658
ample_128,564,52,200,OK,PENDING_PAYMENT,2005.534
ample_128,563,51,200,OK,PENDING_PAYMENT,2032.608
ample_128,566,54,200,OK,PENDING_PAYMENT,2002.850
ample_128,565,53,200,OK,PENDING_PAYMENT,2030.131
ample_128,567,55,200,OK,PENDING_PAYMENT,2012.403
ample_128,568,56,200,OK,PENDING_PAYMENT,2009.948
ample_128,569,57,200,OK,PENDING_PAYMENT,2022.381
ample_128,570,58,200,OK,PENDING_PAYMENT,2020.117
ample_128,571,59,200,OK,PENDING_PAYMENT,1990.535
ample_128,572,60,200,OK,PENDING_PAYMENT,1991.067
ample_128,573,61,200,OK,PENDING_PAYMENT,1985.326
ample_128,574,62,200,OK,PENDING_PAYMENT,1994.843
ample_128,575,63,200,OK,PENDING_PAYMENT,1998.100
ample_128,576,0,200,OK,PENDING_PAYMENT,1991.044
ample_128,577,1,200,OK,PENDING_PAYMENT,1992.273
ample_128,579,3,200,OK,PENDING_PAYMENT,1973.721
ample_128,578,2,200,OK,PENDING_PAYMENT,1995.449
ample_128,580,4,200,OK,PENDING_PAYMENT,1979.884
ample_128,581,5,200,OK,PENDING_PAYMENT,1974.446
ample_128,582,6,200,OK,PENDING_PAYMENT,1985.904
ample_128,583,7,200,OK,PENDING_PAYMENT,1989.119
ample_128,584,8,200,OK,PENDING_PAYMENT,2000.975
ample_128,585,9,200,OK,PENDING_PAYMENT,1991.256
ample_128,587,11,200,OK,PENDING_PAYMENT,1993.941
ample_128,586,10,200,OK,PENDING_PAYMENT,2018.712
ample_128,589,13,200,OK,PENDING_PAYMENT,2006.197
ample_128,588,12,200,OK,PENDING_PAYMENT,2064.343
ample_128,590,14,200,OK,PENDING_PAYMENT,2051.417
ample_128,591,15,200,OK,PENDING_PAYMENT,2051.775
ample_128,592,16,200,OK,PENDING_PAYMENT,2036.368
ample_128,593,17,200,OK,PENDING_PAYMENT,2042.410
ample_128,594,18,200,OK,PENDING_PAYMENT,2060.458
ample_128,595,19,200,OK,PENDING_PAYMENT,2041.794
ample_128,596,20,200,OK,PENDING_PAYMENT,2044.424
ample_128,597,21,200,OK,PENDING_PAYMENT,2045.254
ample_128,598,22,200,OK,PENDING_PAYMENT,2039.894
ample_128,599,23,200,OK,PENDING_PAYMENT,2030.787
ample_128,600,24,200,OK,PENDING_PAYMENT,2039.996
ample_128,602,26,200,OK,PENDING_PAYMENT,2024.224
ample_128,601,25,200,OK,PENDING_PAYMENT,2052.378
ample_128,603,27,200,OK,PENDING_PAYMENT,2050.825
ample_128,605,29,200,OK,PENDING_PAYMENT,2042.743
ample_128,604,28,200,OK,PENDING_PAYMENT,2051.955
ample_128,606,30,200,OK,PENDING_PAYMENT,2049.753
ample_128,607,31,200,OK,PENDING_PAYMENT,2043.474
ample_128,608,32,200,OK,PENDING_PAYMENT,2049.769
ample_128,609,33,200,OK,PENDING_PAYMENT,2035.596
ample_128,610,34,200,OK,PENDING_PAYMENT,2025.488
ample_128,611,35,200,OK,PENDING_PAYMENT,2042.353
ample_128,612,36,200,OK,PENDING_PAYMENT,2046.552
ample_128,613,37,200,OK,PENDING_PAYMENT,2041.880
ample_128,614,38,200,OK,PENDING_PAYMENT,2035.457
ample_128,615,39,200,OK,PENDING_PAYMENT,2048.354
ample_128,616,40,200,OK,PENDING_PAYMENT,2054.853
ample_128,617,41,200,OK,PENDING_PAYMENT,2045.998
ample_128,618,42,200,OK,PENDING_PAYMENT,2052.663
ample_128,619,43,200,OK,PENDING_PAYMENT,2043.054
ample_128,620,44,200,OK,PENDING_PAYMENT,2037.156
ample_128,622,46,200,OK,PENDING_PAYMENT,2024.428
ample_128,621,45,200,OK,PENDING_PAYMENT,2051.708
ample_128,623,47,200,OK,PENDING_PAYMENT,2057.271
ample_128,624,48,200,OK,PENDING_PAYMENT,2060.062
ample_128,625,49,200,OK,PENDING_PAYMENT,2069.929
ample_128,626,50,200,OK,PENDING_PAYMENT,2046.193
ample_128,627,51,200,OK,PENDING_PAYMENT,2036.403
ample_128,628,52,200,OK,PENDING_PAYMENT,2072.514
ample_128,629,53,200,OK,PENDING_PAYMENT,2081.997
ample_128,630,54,200,OK,PENDING_PAYMENT,2066.556
ample_128,631,55,200,OK,PENDING_PAYMENT,2082.038
ample_128,632,56,200,OK,PENDING_PAYMENT,2074.954
ample_128,633,57,200,OK,PENDING_PAYMENT,2071.911
ample_128,634,58,200,OK,PENDING_PAYMENT,2078.145
ample_128,635,59,200,OK,PENDING_PAYMENT,2084.014
ample_128,637,61,200,OK,PENDING_PAYMENT,2059.125
ample_128,636,60,200,OK,PENDING_PAYMENT,2084.881
ample_128,638,62,200,OK,PENDING_PAYMENT,2078.425
ample_128,639,63,200,OK,PENDING_PAYMENT,2081.594
ample_128,640,0,200,OK,PENDING_PAYMENT,2075.299
ample_128,641,1,200,OK,PENDING_PAYMENT,2078.447
ample_128,642,2,200,OK,PENDING_PAYMENT,2078.586
ample_128,643,3,200,OK,PENDING_PAYMENT,2072.113
ample_128,644,4,200,OK,PENDING_PAYMENT,2069.128
ample_128,645,5,200,OK,PENDING_PAYMENT,2076.134
ample_128,646,6,200,OK,PENDING_PAYMENT,2078.776
ample_128,647,7,200,OK,PENDING_PAYMENT,2070.084
ample_128,648,8,200,OK,PENDING_PAYMENT,2078.595
ample_128,649,9,200,OK,PENDING_PAYMENT,2075.395
ample_128,650,10,200,OK,PENDING_PAYMENT,2073.541
ample_128,651,11,200,OK,PENDING_PAYMENT,2073.655
ample_128,652,12,200,OK,PENDING_PAYMENT,2063.725
ample_128,653,13,200,OK,PENDING_PAYMENT,2075.762
ample_128,654,14,200,OK,PENDING_PAYMENT,2075.621
ample_128,655,15,200,OK,PENDING_PAYMENT,2069.064
ample_128,656,16,200,OK,PENDING_PAYMENT,2072.475
ample_128,657,17,200,OK,PENDING_PAYMENT,2071.911
ample_128,658,18,200,OK,PENDING_PAYMENT,2069.286
ample_128,659,19,200,OK,PENDING_PAYMENT,2072.774
ample_128,660,20,200,OK,PENDING_PAYMENT,2075.620
ample_128,661,21,200,OK,PENDING_PAYMENT,2075.063
ample_128,662,22,200,OK,PENDING_PAYMENT,2069.064
ample_128,663,23,200,OK,PENDING_PAYMENT,2075.254
ample_128,664,24,200,OK,PENDING_PAYMENT,2084.234
ample_128,665,25,200,OK,PENDING_PAYMENT,2073.200
ample_128,666,26,200,OK,PENDING_PAYMENT,2078.238
ample_128,667,27,200,OK,PENDING_PAYMENT,2066.661
ample_128,668,28,200,OK,PENDING_PAYMENT,2066.569
ample_128,669,29,200,OK,PENDING_PAYMENT,2063.449
ample_128,670,30,200,OK,PENDING_PAYMENT,2060.812
ample_128,671,31,200,OK,PENDING_PAYMENT,2070.017
ample_128,672,32,200,OK,PENDING_PAYMENT,2075.809
ample_128,673,33,200,OK,PENDING_PAYMENT,2068.785
ample_128,674,34,200,OK,PENDING_PAYMENT,2060.316
ample_128,675,35,200,OK,PENDING_PAYMENT,2062.142
ample_128,676,36,200,OK,PENDING_PAYMENT,2073.385
ample_128,677,37,200,OK,PENDING_PAYMENT,2068.353
ample_128,678,38,200,OK,PENDING_PAYMENT,2077.804
ample_128,679,39,200,OK,PENDING_PAYMENT,2068.478
ample_128,680,40,200,OK,PENDING_PAYMENT,2068.368
ample_128,681,41,200,OK,PENDING_PAYMENT,2065.076
ample_128,682,42,200,OK,PENDING_PAYMENT,2064.554
ample_128,683,43,200,OK,PENDING_PAYMENT,2067.543
ample_128,684,44,200,OK,PENDING_PAYMENT,2064.338
ample_128,685,45,200,OK,PENDING_PAYMENT,2055.510
ample_128,687,47,200,OK,PENDING_PAYMENT,2045.199
ample_128,686,46,200,OK,PENDING_PAYMENT,2070.244
ample_128,688,48,200,OK,PENDING_PAYMENT,2079.852
ample_128,689,49,200,OK,PENDING_PAYMENT,2078.294
ample_128,690,50,200,OK,PENDING_PAYMENT,2086.082
ample_128,691,51,200,OK,PENDING_PAYMENT,2098.283
ample_128,692,52,200,OK,PENDING_PAYMENT,2099.531
ample_128,693,53,200,OK,PENDING_PAYMENT,2111.539
ample_128,694,54,200,OK,PENDING_PAYMENT,2102.316
ample_128,695,55,200,OK,PENDING_PAYMENT,2105.094
ample_128,696,56,200,OK,PENDING_PAYMENT,2093.566
ample_128,697,57,200,OK,PENDING_PAYMENT,2081.655
ample_128,698,58,200,OK,PENDING_PAYMENT,2078.328
ample_128,699,59,200,OK,PENDING_PAYMENT,2086.662
ample_128,700,60,200,OK,PENDING_PAYMENT,2077.901
ample_128,701,61,200,OK,PENDING_PAYMENT,2086.284
ample_128,702,62,200,OK,PENDING_PAYMENT,2083.151
ample_128,704,0,200,OK,PENDING_PAYMENT,2079.857
ample_128,703,63,200,OK,PENDING_PAYMENT,2101.543
ample_128,705,1,200,OK,PENDING_PAYMENT,2079.287
ample_128,706,2,200,OK,PENDING_PAYMENT,2086.369
ample_128,707,3,200,OK,PENDING_PAYMENT,2077.240
ample_128,708,4,200,OK,PENDING_PAYMENT,2079.862
ample_128,709,5,200,OK,PENDING_PAYMENT,2083.532
ample_128,710,6,200,OK,PENDING_PAYMENT,2085.990
ample_128,711,7,200,OK,PENDING_PAYMENT,2079.698
ample_128,712,8,200,OK,PENDING_PAYMENT,2067.909
ample_128,713,9,200,OK,PENDING_PAYMENT,2082.901
ample_128,714,10,200,OK,PENDING_PAYMENT,2063.064
ample_128,715,11,200,OK,PENDING_PAYMENT,2066.357
ample_128,716,12,200,OK,PENDING_PAYMENT,2071.552
ample_128,718,14,200,OK,PENDING_PAYMENT,2019.416
ample_128,717,13,200,OK,PENDING_PAYMENT,2040.206
ample_128,719,15,200,OK,PENDING_PAYMENT,2021.089
ample_128,720,16,200,OK,PENDING_PAYMENT,2028.174
ample_128,721,17,200,OK,PENDING_PAYMENT,2016.266
ample_128,722,18,200,OK,PENDING_PAYMENT,2005.292
ample_128,723,19,200,OK,PENDING_PAYMENT,2020.235
ample_128,724,20,200,OK,PENDING_PAYMENT,2007.249
ample_128,725,21,200,OK,PENDING_PAYMENT,2008.546
ample_128,726,22,200,OK,PENDING_PAYMENT,2004.712
ample_128,727,23,200,OK,PENDING_PAYMENT,2002.536
ample_128,728,24,200,OK,PENDING_PAYMENT,2001.457
ample_128,729,25,200,OK,PENDING_PAYMENT,2009.469
ample_128,730,26,200,OK,PENDING_PAYMENT,1999.453
ample_128,731,27,200,OK,PENDING_PAYMENT,1991.909
ample_128,733,29,200,OK,PENDING_PAYMENT,1984.625
ample_128,732,28,200,OK,PENDING_PAYMENT,2003.871
ample_128,734,30,200,OK,PENDING_PAYMENT,1999.919
ample_128,735,31,200,OK,PENDING_PAYMENT,2012.424
ample_128,736,32,200,OK,PENDING_PAYMENT,2008.587
ample_128,737,33,200,OK,PENDING_PAYMENT,2021.589
ample_128,738,34,200,OK,PENDING_PAYMENT,2023.910
ample_128,739,35,200,OK,PENDING_PAYMENT,2021.773
ample_128,740,36,200,OK,PENDING_PAYMENT,2014.381
ample_128,741,37,200,OK,PENDING_PAYMENT,2016.469
ample_128,742,38,200,OK,PENDING_PAYMENT,2019.698
ample_128,743,39,200,OK,PENDING_PAYMENT,2006.623
ample_128,745,41,200,OK,PENDING_PAYMENT,2005.634
ample_128,744,40,200,OK,PENDING_PAYMENT,2025.116
ample_128,747,43,200,OK,PENDING_PAYMENT,2010.685
ample_128,746,42,200,OK,PENDING_PAYMENT,2026.428
ample_128,748,44,200,OK,PENDING_PAYMENT,2023.346
ample_128,749,45,200,OK,PENDING_PAYMENT,2029.193
ample_128,750,46,200,OK,PENDING_PAYMENT,2020.333
ample_128,751,47,200,OK,PENDING_PAYMENT,2011.977
ample_128,752,48,200,OK,PENDING_PAYMENT,2025.945
ample_128,754,50,200,OK,PENDING_PAYMENT,2001.286
ample_128,753,49,200,OK,PENDING_PAYMENT,2013.781
ample_128,755,51,200,OK,PENDING_PAYMENT,2004.891
ample_128,756,52,200,OK,PENDING_PAYMENT,1966.142
ample_128,757,53,200,OK,PENDING_PAYMENT,1965.945
ample_128,758,54,200,OK,PENDING_PAYMENT,1974.858
ample_128,759,55,200,OK,PENDING_PAYMENT,1974.899
ample_128,760,56,200,OK,PENDING_PAYMENT,1971.471
ample_128,761,57,200,OK,PENDING_PAYMENT,1974.518
ample_128,762,58,200,OK,PENDING_PAYMENT,1962.263
ample_128,763,59,200,OK,PENDING_PAYMENT,1962.862
ample_128,764,60,200,OK,PENDING_PAYMENT,1967.965
ample_128,765,61,200,OK,PENDING_PAYMENT,1971.020
ample_128,766,62,200,OK,PENDING_PAYMENT,1964.853
ample_128,767,63,200,OK,PENDING_PAYMENT,1959.192
ample_128,768,0,200,OK,PENDING_PAYMENT,2003.729
ample_128,769,1,200,OK,PENDING_PAYMENT,2009.385
ample_128,770,2,200,OK,PENDING_PAYMENT,2008.968
ample_128,771,3,200,OK,PENDING_PAYMENT,2009.337
ample_128,772,4,200,OK,PENDING_PAYMENT,2012.990
ample_128,773,5,200,OK,PENDING_PAYMENT,1997.103
ample_128,774,6,200,OK,PENDING_PAYMENT,1991.405
ample_128,775,7,200,OK,PENDING_PAYMENT,1997.535
ample_128,776,8,200,OK,PENDING_PAYMENT,1992.204
ample_128,777,9,200,OK,PENDING_PAYMENT,1998.188
ample_128,778,10,200,OK,PENDING_PAYMENT,2000.733
ample_128,779,11,200,OK,PENDING_PAYMENT,1991.384
ample_128,780,12,200,OK,PENDING_PAYMENT,2007.616
ample_128,781,13,200,OK,PENDING_PAYMENT,1992.330
ample_128,782,14,200,OK,PENDING_PAYMENT,1993.033
ample_128,783,15,200,OK,PENDING_PAYMENT,2009.109
ample_128,784,16,200,OK,PENDING_PAYMENT,1993.387
ample_128,785,17,200,OK,PENDING_PAYMENT,1990.928
ample_128,786,18,200,OK,PENDING_PAYMENT,1993.511
ample_128,787,19,200,OK,PENDING_PAYMENT,1990.237
ample_128,788,20,200,OK,PENDING_PAYMENT,1990.059
ample_128,789,21,200,OK,PENDING_PAYMENT,1999.658
ample_128,790,22,200,OK,PENDING_PAYMENT,1999.558
ample_128,791,23,200,OK,PENDING_PAYMENT,2005.296
ample_128,792,24,200,OK,PENDING_PAYMENT,2002.539
ample_128,793,25,200,OK,PENDING_PAYMENT,1996.550
ample_128,794,26,200,OK,PENDING_PAYMENT,1991.369
ample_128,795,27,200,OK,PENDING_PAYMENT,1993.787
ample_128,796,28,200,OK,PENDING_PAYMENT,1999.899
ample_128,797,29,200,OK,PENDING_PAYMENT,1999.316
ample_128,798,30,200,OK,PENDING_PAYMENT,1999.327
ample_128,799,31,200,OK,PENDING_PAYMENT,1996.005
ample_128,800,32,200,OK,PENDING_PAYMENT,1998.757
ample_128,801,33,200,OK,PENDING_PAYMENT,2002.119
ample_128,802,34,200,OK,PENDING_PAYMENT,2001.753
ample_128,803,35,200,OK,PENDING_PAYMENT,2002.499
ample_128,804,36,200,OK,PENDING_PAYMENT,2006.331
ample_128,805,37,200,OK,PENDING_PAYMENT,2004.939
ample_128,806,38,200,OK,PENDING_PAYMENT,2006.890
ample_128,807,39,200,OK,PENDING_PAYMENT,2013.191
ample_128,808,40,200,OK,PENDING_PAYMENT,2017.144
ample_128,809,41,200,OK,PENDING_PAYMENT,2020.246
ample_128,810,42,200,OK,PENDING_PAYMENT,2020.489
ample_128,811,43,200,OK,PENDING_PAYMENT,2020.595
ample_128,812,44,200,OK,PENDING_PAYMENT,2029.714
ample_128,813,45,200,OK,PENDING_PAYMENT,2046.858
ample_128,814,46,200,OK,PENDING_PAYMENT,2040.081
ample_128,815,47,200,OK,PENDING_PAYMENT,2044.960
ample_128,816,48,200,OK,PENDING_PAYMENT,2037.666
ample_128,817,49,200,OK,PENDING_PAYMENT,2049.779
ample_128,818,50,200,OK,PENDING_PAYMENT,2043.827
ample_128,819,51,200,OK,PENDING_PAYMENT,2031.837
ample_128,820,52,200,OK,PENDING_PAYMENT,2025.552
ample_128,821,53,200,OK,PENDING_PAYMENT,2008.262
ample_128,822,54,200,OK,PENDING_PAYMENT,2014.267
ample_128,823,55,200,OK,PENDING_PAYMENT,2000.212
ample_128,824,56,200,OK,PENDING_PAYMENT,2003.452
ample_128,825,57,200,OK,PENDING_PAYMENT,2007.255
ample_128,826,58,200,OK,PENDING_PAYMENT,2001.182
ample_128,827,59,200,OK,PENDING_PAYMENT,2000.922
ample_128,828,60,200,OK,PENDING_PAYMENT,2003.830
ample_128,829,61,200,OK,PENDING_PAYMENT,1998.841
ample_128,830,62,200,OK,PENDING_PAYMENT,2004.893
ample_128,831,63,200,OK,PENDING_PAYMENT,2003.630
ample_128,832,0,200,OK,PENDING_PAYMENT,1991.240
ample_128,833,1,200,OK,PENDING_PAYMENT,2005.013
ample_128,834,2,200,OK,PENDING_PAYMENT,1997.705
ample_128,835,3,200,OK,PENDING_PAYMENT,2007.237
ample_128,836,4,200,OK,PENDING_PAYMENT,2004.035
ample_128,837,5,200,OK,PENDING_PAYMENT,2000.860
ample_128,838,6,200,OK,PENDING_PAYMENT,2001.208
ample_128,840,8,200,OK,PENDING_PAYMENT,1985.330
ample_128,839,7,200,OK,PENDING_PAYMENT,2007.850
ample_128,841,9,200,OK,PENDING_PAYMENT,1993.256
ample_128,842,10,200,OK,PENDING_PAYMENT,1994.593
ample_128,843,11,200,OK,PENDING_PAYMENT,1991.405
ample_128,844,12,200,OK,PENDING_PAYMENT,1973.632
ample_128,845,13,200,OK,PENDING_PAYMENT,1987.330
ample_128,847,15,200,OK,PENDING_PAYMENT,1987.991
ample_128,846,14,200,OK,PENDING_PAYMENT,1997.844
ample_128,848,16,200,OK,PENDING_PAYMENT,1998.589
ample_128,849,17,200,OK,PENDING_PAYMENT,1989.581
ample_128,850,18,200,OK,PENDING_PAYMENT,1988.903
ample_128,851,19,200,OK,PENDING_PAYMENT,1982.356
ample_128,852,20,200,OK,PENDING_PAYMENT,1993.845
ample_128,853,21,200,OK,PENDING_PAYMENT,1994.098
ample_128,854,22,200,OK,PENDING_PAYMENT,2013.284
ample_128,855,23,200,OK,PENDING_PAYMENT,2003.640
ample_128,856,24,200,OK,PENDING_PAYMENT,2003.299
ample_128,857,25,200,OK,PENDING_PAYMENT,1989.058
ample_128,858,26,200,OK,PENDING_PAYMENT,1993.394
ample_128,859,27,200,OK,PENDING_PAYMENT,1987.793
ample_128,860,28,200,OK,PENDING_PAYMENT,1988.184
ample_128,861,29,200,OK,PENDING_PAYMENT,1987.034
ample_128,862,30,200,OK,PENDING_PAYMENT,1986.740
ample_128,863,31,200,OK,PENDING_PAYMENT,1983.184
ample_128,864,32,200,OK,PENDING_PAYMENT,1986.014
ample_128,865,33,200,OK,PENDING_PAYMENT,1986.063
ample_128,866,34,200,OK,PENDING_PAYMENT,1986.251
ample_128,868,36,200,OK,PENDING_PAYMENT,1974.220
ample_128,867,35,200,OK,PENDING_PAYMENT,1999.307
ample_128,869,37,200,OK,PENDING_PAYMENT,1989.337
ample_128,870,38,200,OK,PENDING_PAYMENT,1985.830
ample_128,871,39,200,OK,PENDING_PAYMENT,1993.250
ample_128,872,40,200,OK,PENDING_PAYMENT,1987.629
ample_128,873,41,200,OK,PENDING_PAYMENT,1988.230
ample_128,874,42,200,OK,PENDING_PAYMENT,1991.169
ample_128,875,43,200,OK,PENDING_PAYMENT,1994.608
ample_128,876,44,200,OK,PENDING_PAYMENT,1985.444
ample_128,878,46,200,OK,PENDING_PAYMENT,1965.012
ample_128,877,45,200,OK,PENDING_PAYMENT,1981.113
ample_128,879,47,200,OK,PENDING_PAYMENT,1957.462
ample_128,880,48,200,OK,PENDING_PAYMENT,1946.404
ample_128,881,49,200,OK,PENDING_PAYMENT,1966.226
ample_128,882,50,200,OK,PENDING_PAYMENT,1970.058
ample_128,883,51,200,OK,PENDING_PAYMENT,1982.123
ample_128,884,52,200,OK,PENDING_PAYMENT,1994.422
ample_128,885,53,200,OK,PENDING_PAYMENT,1997.016
ample_128,886,54,200,OK,PENDING_PAYMENT,2000.006
ample_128,888,56,200,OK,PENDING_PAYMENT,1978.038
ample_128,887,55,200,OK,PENDING_PAYMENT,1997.568
ample_128,889,57,200,OK,PENDING_PAYMENT,1982.446
ample_128,890,58,200,OK,PENDING_PAYMENT,1994.902
ample_128,891,59,200,OK,PENDING_PAYMENT,1978.366
ample_128,892,60,200,OK,PENDING_PAYMENT,1985.661
ample_128,893,61,200,OK,PENDING_PAYMENT,1982.652
ample_128,894,62,200,OK,PENDING_PAYMENT,1983.696
ample_128,895,63,200,OK,PENDING_PAYMENT,1976.779
ample_128,896,0,200,OK,PENDING_PAYMENT,1942.651
ample_128,897,1,200,OK,PENDING_PAYMENT,1927.735
ample_128,898,2,200,OK,PENDING_PAYMENT,1922.783
ample_128,899,3,200,OK,PENDING_PAYMENT,1919.332
ample_128,900,4,200,OK,PENDING_PAYMENT,1913.499
ample_128,901,5,200,OK,PENDING_PAYMENT,1922.628
ample_128,902,6,200,OK,PENDING_PAYMENT,1925.295
ample_128,903,7,200,OK,PENDING_PAYMENT,1919.641
ample_128,904,8,200,OK,PENDING_PAYMENT,1922.816
ample_128,905,9,200,OK,PENDING_PAYMENT,1917.023
ample_128,907,11,200,OK,PENDING_PAYMENT,1907.068
ample_128,906,10,200,OK,PENDING_PAYMENT,1920.040
ample_128,909,13,200,OK,PENDING_PAYMENT,1900.600
ample_128,908,12,200,OK,PENDING_PAYMENT,1913.775
ample_128,910,14,200,OK,PENDING_PAYMENT,1909.439
ample_128,911,15,200,OK,PENDING_PAYMENT,1890.154
ample_128,912,16,200,OK,PENDING_PAYMENT,1903.417
ample_128,913,17,200,OK,PENDING_PAYMENT,1893.756
ample_128,914,18,200,OK,PENDING_PAYMENT,1891.750
ample_128,915,19,200,OK,PENDING_PAYMENT,1888.247
ample_128,916,20,200,OK,PENDING_PAYMENT,1879.815
ample_128,917,21,200,OK,PENDING_PAYMENT,1880.068
ample_128,918,22,200,OK,PENDING_PAYMENT,1877.227
ample_128,919,23,200,OK,PENDING_PAYMENT,1877.971
ample_128,920,24,200,OK,PENDING_PAYMENT,1862.057
ample_128,921,25,200,OK,PENDING_PAYMENT,1868.726
ample_128,922,26,200,OK,PENDING_PAYMENT,1867.985
ample_128,923,27,200,OK,PENDING_PAYMENT,1867.952
ample_128,924,28,200,OK,PENDING_PAYMENT,1865.146
ample_128,925,29,200,OK,PENDING_PAYMENT,1855.947
ample_128,926,30,200,OK,PENDING_PAYMENT,1859.888
ample_128,927,31,200,OK,PENDING_PAYMENT,1854.650
ample_128,928,32,200,OK,PENDING_PAYMENT,1852.694
ample_128,929,33,200,OK,PENDING_PAYMENT,1846.424
ample_128,930,34,200,OK,PENDING_PAYMENT,1854.695
ample_128,931,35,200,OK,PENDING_PAYMENT,1842.094
ample_128,932,36,200,OK,PENDING_PAYMENT,1839.308
ample_128,933,37,200,OK,PENDING_PAYMENT,1833.130
ample_128,934,38,200,OK,PENDING_PAYMENT,1830.805
ample_128,935,39,200,OK,PENDING_PAYMENT,1826.787
ample_128,936,40,200,OK,PENDING_PAYMENT,1820.729
ample_128,937,41,200,OK,PENDING_PAYMENT,1814.211
ample_128,938,42,200,OK,PENDING_PAYMENT,1814.279
ample_128,939,43,200,OK,PENDING_PAYMENT,1808.709
ample_128,940,44,200,OK,PENDING_PAYMENT,1800.087
ample_128,942,46,200,OK,PENDING_PAYMENT,1770.330
ample_128,941,45,200,OK,PENDING_PAYMENT,1797.223
ample_128,943,47,200,OK,PENDING_PAYMENT,1774.541
ample_128,944,48,200,OK,PENDING_PAYMENT,1763.749
ample_128,945,49,200,OK,PENDING_PAYMENT,1755.732
ample_128,946,50,200,OK,PENDING_PAYMENT,1743.323
ample_128,947,51,200,OK,PENDING_PAYMENT,1740.471
ample_128,948,52,200,OK,PENDING_PAYMENT,1733.703
ample_128,949,53,200,OK,PENDING_PAYMENT,1737.588
ample_128,950,54,200,OK,PENDING_PAYMENT,1728.488
ample_128,951,55,200,OK,PENDING_PAYMENT,1732.262
ample_128,952,56,200,OK,PENDING_PAYMENT,1723.488
ample_128,953,57,200,OK,PENDING_PAYMENT,1720.137
ample_128,954,58,200,OK,PENDING_PAYMENT,1716.523
ample_128,955,59,200,OK,PENDING_PAYMENT,1718.470
ample_128,956,60,200,OK,PENDING_PAYMENT,1712.358
ample_128,957,61,200,OK,PENDING_PAYMENT,1721.337
ample_128,958,62,200,OK,PENDING_PAYMENT,1721.714
ample_128,959,63,200,OK,PENDING_PAYMENT,1723.797
ample_128,960,0,200,OK,PENDING_PAYMENT,1750.611
ample_128,961,1,200,OK,PENDING_PAYMENT,1739.496
ample_128,962,2,200,OK,PENDING_PAYMENT,1752.467
ample_128,963,3,200,OK,PENDING_PAYMENT,1751.978
ample_128,964,4,200,OK,PENDING_PAYMENT,1746.457
ample_128,965,5,200,OK,PENDING_PAYMENT,1753.085
ample_128,967,7,200,OK,PENDING_PAYMENT,1731.424
ample_128,966,6,200,OK,PENDING_PAYMENT,1755.202
ample_128,968,8,200,OK,PENDING_PAYMENT,1739.720
ample_128,969,9,200,OK,PENDING_PAYMENT,1741.904
ample_128,970,10,200,OK,PENDING_PAYMENT,1748.290
ample_128,972,12,200,OK,PENDING_PAYMENT,1738.897
ample_128,971,11,200,OK,PENDING_PAYMENT,1758.172
ample_128,973,13,200,OK,PENDING_PAYMENT,1742.338
ample_128,974,14,200,OK,PENDING_PAYMENT,1736.689
ample_128,975,15,200,OK,PENDING_PAYMENT,1751.149
ample_128,976,16,200,OK,PENDING_PAYMENT,1744.967
ample_128,977,17,200,OK,PENDING_PAYMENT,1748.080
ample_128,978,18,200,OK,PENDING_PAYMENT,1744.692
ample_128,979,19,200,OK,PENDING_PAYMENT,1741.408
ample_128,980,20,200,OK,PENDING_PAYMENT,1746.652
ample_128,981,21,200,OK,PENDING_PAYMENT,1749.219
ample_128,983,23,200,OK,PENDING_PAYMENT,1720.488
ample_128,982,22,200,OK,PENDING_PAYMENT,1741.936
ample_128,984,24,200,OK,PENDING_PAYMENT,1731.087
ample_128,985,25,200,OK,PENDING_PAYMENT,1737.598
ample_128,986,26,200,OK,PENDING_PAYMENT,1739.935
ample_128,987,27,200,OK,PENDING_PAYMENT,1742.625
ample_128,988,28,200,OK,PENDING_PAYMENT,1738.933
ample_128,989,29,200,OK,PENDING_PAYMENT,1730.164
ample_128,990,30,200,OK,PENDING_PAYMENT,1725.351
ample_128,991,31,200,OK,PENDING_PAYMENT,1722.365
ample_128,992,32,200,OK,PENDING_PAYMENT,1717.100
ample_128,993,33,200,OK,PENDING_PAYMENT,1707.411
ample_128,994,34,200,OK,PENDING_PAYMENT,1707.330
ample_128,995,35,200,OK,PENDING_PAYMENT,1698.620
ample_128,996,36,200,OK,PENDING_PAYMENT,1699.327
ample_128,997,37,200,OK,PENDING_PAYMENT,1686.824
ample_128,998,38,200,OK,PENDING_PAYMENT,1693.588
ample_128,999,39,200,OK,PENDING_PAYMENT,1683.188
ample_256,1,1,200,OK,PENDING_PAYMENT,305.011
ample_256,10,10,200,OK,PENDING_PAYMENT,358.643
ample_256,3,3,200,OK,PENDING_PAYMENT,383.147
ample_256,5,5,200,OK,PENDING_PAYMENT,429.973
ample_256,14,14,200,OK,PENDING_PAYMENT,529.733
ample_256,67,3,200,OK,PENDING_PAYMENT,526.988
ample_256,11,11,200,OK,PENDING_PAYMENT,545.749
ample_256,31,31,200,OK,PENDING_PAYMENT,544.857
ample_256,6,6,200,OK,PENDING_PAYMENT,564.454
ample_256,86,22,200,OK,PENDING_PAYMENT,579.379
ample_256,48,48,200,OK,PENDING_PAYMENT,596.824
ample_256,105,41,200,OK,PENDING_PAYMENT,609.300
ample_256,97,33,200,OK,PENDING_PAYMENT,662.626
ample_256,23,23,200,OK,PENDING_PAYMENT,682.486
ample_256,73,9,200,OK,PENDING_PAYMENT,722.348
ample_256,149,21,200,OK,PENDING_PAYMENT,706.820
ample_256,4,4,200,OK,PENDING_PAYMENT,727.228
ample_256,75,11,200,OK,PENDING_PAYMENT,740.608
ample_256,15,15,200,OK,PENDING_PAYMENT,744.691
ample_256,47,47,200,OK,PENDING_PAYMENT,767.386
ample_256,58,58,200,OK,PENDING_PAYMENT,767.023
ample_256,118,54,200,OK,PENDING_PAYMENT,763.970
ample_256,44,44,200,OK,PENDING_PAYMENT,770.924
ample_256,26,26,200,OK,PENDING_PAYMENT,786.737
ample_256,65,1,200,OK,PENDING_PAYMENT,794.399
ample_256,24,24,200,OK,PENDING_PAYMENT,796.953
ample_256,9,9,200,OK,PENDING_PAYMENT,797.693
ample_256,51,51,200,OK,PENDING_PAYMENT,808.616
ample_256,130,2,200,OK,PENDING_PAYMENT,802.985
ample_256,0,0,200,OK,PENDING_PAYMENT,827.325
ample_256,119,55,200,OK,PENDING_PAYMENT,821.068
ample_256,60,60,200,OK,PENDING_PAYMENT,824.788
ample_256,68,4,200,OK,PENDING_PAYMENT,837.375
ample_256,28,28,200,OK,PENDING_PAYMENT,849.895
ample_256,59,59,200,OK,PENDING_PAYMENT,859.824
ample_256,126,62,200,OK,PENDING_PAYMENT,865.780
ample_256,17,17,200,OK,PENDING_PAYMENT,884.700
ample_256,69,5,200,OK,PENDING_PAYMENT,892.060
ample_256,56,56,200,OK,PENDING_PAYMENT,895.458
ample_256,116,52,200,OK,PENDING_PAYMENT,924.184
ample_256,102,38,200,OK,PENDING_PAYMENT,925.931
ample_256,12,12,200,OK,PENDING_PAYMENT,930.575
ample_256,93,29,200,OK,PENDING_PAYMENT,938.716
ample_256,107,43,200,OK,PENDING_PAYMENT,937.853
ample_256,63,63,200,OK,PENDING_PAYMENT,940.275
ample_256,85,21,200,OK,PENDING_PAYMENT,943.487
ample_256,108,44,200,OK,PENDING_PAYMENT,954.350
ample_256,42,42,200,OK,PENDING_PAYMENT,967.220
ample_256,89,25,200,OK,PENDING_PAYMENT,984.844
ample_256,70,6,200,OK,PENDING_PAYMENT,985.837
ample_256,38,38,200,OK,PENDING_PAYMENT,1006.218
ample_256,66,2,200,OK,PENDING_PAYMENT,1004.964
ample_256,111,47,200,OK,PENDING_PAYMENT,1015.350
ample_256,37,37,200,OK,PENDING_PAYMENT,1019.576
ample_256,148,20,200,OK,PENDING_PAYMENT,1020.848
ample_256,52,52,200,OK,PENDING_PAYMENT,1038.874
ample_256,18,18,200,OK,PENDING_PAYMENT,1062.336
ample_256,40,40,200,OK,PENDING_PAYMENT,1061.286
ample_256,138,10,200,OK,PENDING_PAYMENT,1070.183
ample_256,96,32,200,OK,PENDING_PAYMENT,1077.711
ample_256,30,30,200,OK,PENDING_PAYMENT,1101.559
ample_256,160,32,200,OK,PENDING_PAYMENT,1089.001
ample_256,176,48,200,OK,PENDING_PAYMENT,1107.848
ample_256,114,50,200,OK,PENDING_PAYMENT,1134.751
ample_256,170,42,200,OK,PENDING_PAYMENT,1137.654
ample_256,157,29,200,OK,PENDING_PAYMENT,1170.536
ample_256,208,16,200,OK,PENDING_PAYMENT,1191.425
ample_256,88,24,200,OK,PENDING_PAYMENT,1228.490
ample_256,61,61,200,OK,PENDING_PAYMENT,1251.983
ample_256,184,56,200,OK,PENDING_PAYMENT,1263.193
ample_256,183,55,200,OK,PENDING_PAYMENT,1282.057
ample_256,77,13,200,OK,PENDING_PAYMENT,1323.986
ample_256,79,15,200,OK,PENDING_PAYMENT,1337.052
ample_256,95,31,200,OK,PENDING_PAYMENT,1357.217
ample_256,64,0,200,OK,PENDING_PAYMENT,1368.596
ample_256,92,28,200,OK,PENDING_PAYMENT,1389.206
ample_256,83,19,200,OK,PENDING_PAYMENT,1402.288
ample_256,141,13,200,OK,PENDING_PAYMENT,1410.045
ample_256,82,18,200,OK,PENDING_PAYMENT,1439.755
ample_256,140,12,200,OK,PENDING_PAYMENT,1434.434
ample_256,135,7,200,OK,PENDING_PAYMENT,1455.786
ample_256,22,22,200,OK,PENDING_PAYMENT,1486.618
ample_256,39,39,200,OK,PENDING_PAYMENT,1501.438
ample_256,137,9,200,OK,PENDING_PAYMENT,1498.198
ample_256,50,50,200,OK,PENDING_PAYMENT,1526.063
ample_256,155,27,200,OK,PENDING_PAYMENT,1530.730
ample_256,152,24,200,OK,PENDING_PAYMENT,1539.772
ample_256,49,49,200,OK,PENDING_PAYMENT,1575.252
ample_256,175,47,200,OK,PENDING_PAYMENT,1566.405
ample_256,178,50,200,OK,PENDING_PAYMENT,1578.622
ample_256,189,61,200,OK,PENDING_PAYMENT,1599.084
ample_256,165,37,200,OK,PENDING_PAYMENT,1621.315
ample_256,169,41,200,OK,PENDING_PAYMENT,1627.004
ample_256,84,20,200,OK,PENDING_PAYMENT,1664.541
ample_256,186,58,200,OK,PENDING_PAYMENT,1662.384
ample_256,174,46,200,OK,PENDING_PAYMENT,1684.191
ample_256,191,63,200,OK,PENDING_PAYMENT,1691.258
ample_256,81,17,200,OK,PENDING_PAYMENT,1731.360
ample_256,27,27,200,OK,PENDING_PAYMENT,1753.002
ample_256,55,55,200,OK,PENDING_PAYMENT,1770.646
ample_256,62,62,200,OK,PENDING_PAYMENT,1789.083
ample_256,121,57,200,OK,PENDING_PAYMENT,1791.738
ample_256,124,60,200,OK,PENDING_PAYMENT,1807.412
ample_256,34,34,200,OK,PENDING_PAYMENT,1834.757
ample_256,115,51,200,OK,PENDING_PAYMENT,1839.086
ample_256,46,46,200,OK,PENDING_PAYMENT,1866.422
ample_256,120,56,200,OK,PENDING_PAYMENT,1874.325
ample_256,32,32,200,OK,PENDING_PAYMENT,1897.785
ample_256,54,54,200,OK,PENDING_PAYMENT,1915.367
ample_256,33,33,200,OK,PENDING_PAYMENT,1922.817
ample_256,20,20,200,OK,PENDING_PAYMENT,1936.891
ample_256,35,35,200,OK,PENDING_PAYMENT,1957.546
ample_256,8,8,200,OK,PENDING_PAYMENT,1977.550
ample_256,147,19,200,OK,PENDING_PAYMENT,1963.969
ample_256,162,34,200,OK,PENDING_PAYMENT,1977.254
ample_256,151,23,200,OK,PENDING_PAYMENT,1994.498
ample_256,13,13,200,OK,PENDING_PAYMENT,2031.570
ample_256,179,51,200,OK,PENDING_PAYMENT,2032.503
ample_256,166,38,200,OK,PENDING_PAYMENT,2047.375
ample_256,136,8,200,OK,PENDING_PAYMENT,2081.853
ample_256,41,41,200,OK,PENDING_PAYMENT,2114.968
ample_256,201,9,200,OK,PENDING_PAYMENT,2104.046
ample_256,168,40,200,OK,PENDING_PAYMENT,2119.052
ample_256,213,21,200,OK,PENDING_PAYMENT,2138.044
ample_256,210,18,200,OK,PENDING_PAYMENT,2167.416
ample_256,188,60,200,OK,PENDING_PAYMENT,2201.807
ample_256,158,30,200,OK,PENDING_PAYMENT,2212.898
ample_256,91,27,200,OK,PENDING_PAYMENT,2259.170
ample_256,100,36,200,OK,PENDING_PAYMENT,2288.394
ample_256,192,0,200,OK,PENDING_PAYMENT,2267.816
ample_256,164,36,200,OK,PENDING_PAYMENT,2287.141
ample_256,122,58,200,OK,PENDING_PAYMENT,2317.989
ample_256,104,40,200,OK,PENDING_PAYMENT,2337.681
ample_256,125,61,200,OK,PENDING_PAYMENT,2348.501
ample_256,112,48,200,OK,PENDING_PAYMENT,2362.007
ample_256,127,63,200,OK,PENDING_PAYMENT,2377.010
ample_256,113,49,200,OK,PENDING_PAYMENT,2396.204
ample_256,153,25,200,OK,PENDING_PAYMENT,2393.301
ample_256,134,6,200,OK,PENDING_PAYMENT,2424.533
ample_256,156,28,200,OK,PENDING_PAYMENT,2432.769
ample_256,36,36,200,OK,PENDING_PAYMENT,2469.529
ample_256,154,26,200,OK,PENDING_PAYMENT,2462.212
ample_256,171,43,200,OK,PENDING_PAYMENT,2468.863
ample_256,78,14,200,OK,PENDING_PAYMENT,2512.623
ample_256,16,16,200,OK,PENDING_PAYMENT,2535.255
ample_256,57,57,200,OK,PENDING_PAYMENT,2542.248
ample_256,236,44,200,OK,PENDING_PAYMENT,2523.722
ample_256,185,57,200,OK,PENDING_PAYMENT,2557.871
ample_256,172,44,200,OK,PENDING_PAYMENT,2578.832
ample_256,211,19,200,OK,PENDING_PAYMENT,2586.930
ample_256,194,2,200,OK,PENDING_PAYMENT,2610.026
ample_256,132,4,200,OK,PENDING_PAYMENT,2642.521
ample_256,173,45,200,OK,PENDING_PAYMENT,2637.396
ample_256,53,53,200,OK,PENDING_PAYMENT,2679.448
ample_256,106,42,200,OK,PENDING_PAYMENT,2695.999
ample_256,110,46,200,OK,PENDING_PAYMENT,2719.817
ample_256,2,2,200,OK,PENDING_PAYMENT,2734.899
ample_256,98,34,200,OK,PENDING_PAYMENT,2742.654
ample_256,128,0,200,OK,PENDING_PAYMENT,2755.761
ample_256,90,26,200,OK,PENDING_PAYMENT,2775.104
ample_256,7,7,200,OK,PENDING_PAYMENT,2791.712
ample_256,101,37,200,OK,PENDING_PAYMENT,2805.618
ample_256,19,19,200,OK,PENDING_PAYMENT,2828.378
ample_256,117,53,200,OK,PENDING_PAYMENT,2838.897
ample_256,76,12,200,OK,PENDING_PAYMENT,2858.152
ample_256,167,39,200,OK,PENDING_PAYMENT,2845.773
ample_256,203,11,200,OK,PENDING_PAYMENT,2858.969
ample_256,200,8,200,OK,PENDING_PAYMENT,2880.934
ample_256,29,29,200,OK,PENDING_PAYMENT,2923.473
ample_256,43,43,200,OK,PENDING_PAYMENT,2935.321
ample_256,163,35,200,OK,PENDING_PAYMENT,2925.655
ample_256,71,7,200,OK,PENDING_PAYMENT,2963.126
ample_256,74,10,200,OK,PENDING_PAYMENT,2981.298
ample_256,87,23,200,OK,PENDING_PAYMENT,2993.151
ample_256,139,11,200,OK,PENDING_PAYMENT,2995.046
ample_256,219,27,200,OK,PENDING_PAYMENT,2989.223
ample_256,45,45,200,OK,PENDING_PAYMENT,3036.464
ample_256,142,14,200,OK,PENDING_PAYMENT,3033.153
ample_256,123,59,200,OK,PENDING_PAYMENT,3057.388
ample_256,133,5,200,OK,PENDING_PAYMENT,3071.098
ample_256,150,22,200,OK,PENDING_PAYMENT,3074.213
ample_256,143,15,200,OK,PENDING_PAYMENT,3094.985
ample_256,159,31,200,OK,PENDING_PAYMENT,3164.051
ample_256,218,26,200,OK,PENDING_PAYMENT,3185.077
ample_256,72,8,200,OK,PENDING_PAYMENT,3232.538
ample_256,214,22,200,OK,PENDING_PAYMENT,3225.197
ample_256,237,45,200,OK,PENDING_PAYMENT,3246.390
ample_256,103,39,200,OK,PENDING_PAYMENT,3291.382
ample_256,221,29,200,OK,PENDING_PAYMENT,3304.949
ample_256,204,12,200,OK,PENDING_PAYMENT,3334.085
ample_256,25,25,200,OK,PENDING_PAYMENT,3384.487
ample_256,145,17,200,OK,PENDING_PAYMENT,3371.354
ample_256,80,16,200,OK,PENDING_PAYMENT,3399.873
ample_256,253,61,200,OK,PENDING_PAYMENT,3384.668
ample_256,161,33,200,OK,PENDING_PAYMENT,3421.304
ample_256,131,3,200,OK,PENDING_PAYMENT,3448.716
ample_256,248,56,200,OK,PENDING_PAYMENT,3433.748
ample_256,94,30,200,OK,PENDING_PAYMENT,3477.780
ample_256,242,50,200,OK,PENDING_PAYMENT,3457.053
ample_256,99,35,200,OK,PENDING_PAYMENT,3509.395
ample_256,21,21,200,OK,PENDING_PAYMENT,3531.963
ample_256,231,39,200,OK,PENDING_PAYMENT,3505.165
ample_256,239,47,200,OK,PENDING_PAYMENT,3510.530
ample_256,252,60,200,OK,PENDING_PAYMENT,3524.151
ample_256,129,1,200,OK,PENDING_PAYMENT,3575.792
ample_256,109,45,200,OK,PENDING_PAYMENT,3590.841
ample_256,220,28,200,OK,PENDING_PAYMENT,3575.196
ample_256,197,5,200,OK,PENDING_PAYMENT,3601.301
ample_256,144,16,200,OK,PENDING_PAYMENT,3624.451
ample_256,177,49,200,OK,PENDING_PAYMENT,3629.180
ample_256,181,53,200,OK,PENDING_PAYMENT,3646.884
ample_256,182,54,200,OK,PENDING_PAYMENT,3662.166
ample_256,228,36,200,OK,PENDING_PAYMENT,3666.522
ample_256,180,52,200,OK,PENDING_PAYMENT,3694.231
ample_256,234,42,200,OK,PENDING_PAYMENT,3699.595
ample_256,195,3,200,OK,PENDING_PAYMENT,3724.294
ample_256,232,40,200,OK,PENDING_PAYMENT,3724.720
ample_256,255,63,200,OK,PENDING_PAYMENT,3733.893
ample_256,227,35,200,OK,PENDING_PAYMENT,3757.520
ample_256,206,14,200,OK,PENDING_PAYMENT,3782.984
ample_256,240,48,200,OK,PENDING_PAYMENT,3789.776
ample_256,254,62,200,OK,PENDING_PAYMENT,3794.058
ample_256,245,53,200,OK,PENDING_PAYMENT,3815.132
ample_256,250,58,200,OK,PENDING_PAYMENT,3833.631
ample_256,216,24,200,OK,PENDING_PAYMENT,3847.863
ample_256,207,15,200,OK,PENDING_PAYMENT,3866.266
ample_256,146,18,200,OK,PENDING_PAYMENT,3884.811
ample_256,230,38,200,OK,PENDING_PAYMENT,3881.224
ample_256,225,33,200,OK,PENDING_PAYMENT,3903.793
ample_256,249,57,200,OK,PENDING_PAYMENT,3920.957
ample_256,224,32,200,OK,PENDING_PAYMENT,3931.628
ample_256,238,46,200,OK,PENDING_PAYMENT,3945.273
ample_256,209,17,200,OK,PENDING_PAYMENT,3969.413
ample_256,233,41,200,OK,PENDING_PAYMENT,3980.773
ample_256,235,43,200,OK,PENDING_PAYMENT,3996.432
ample_256,251,59,200,OK,PENDING_PAYMENT,4000.611
ample_256,193,1,200,OK,PENDING_PAYMENT,4036.885
ample_256,202,10,200,OK,PENDING_PAYMENT,4049.663
ample_256,187,59,200,OK,PENDING_PAYMENT,4065.628
ample_256,212,20,200,OK,PENDING_PAYMENT,4069.140
ample_256,215,23,200,OK,PENDING_PAYMENT,4081.416
ample_256,222,30,200,OK,PENDING_PAYMENT,4096.383
ample_256,229,37,200,OK,PENDING_PAYMENT,4107.106
ample_256,217,25,200,OK,PENDING_PAYMENT,4131.202
ample_256,196,4,200,OK,PENDING_PAYMENT,4169.697
ample_256,205,13,200,OK,PENDING_PAYMENT,4194.094
ample_256,243,51,200,OK,PENDING_PAYMENT,4200.920
ample_256,190,62,200,OK,PENDING_PAYMENT,4235.134
ample_256,241,49,200,OK,PENDING_PAYMENT,4245.679
ample_256,246,54,200,OK,PENDING_PAYMENT,4268.869
ample_256,198,6,200,OK,PENDING_PAYMENT,4290.488
ample_256,247,55,200,OK,PENDING_PAYMENT,4306.081
ample_256,300,44,200,OK,PENDING_PAYMENT,3426.637
ample_256,199,7,200,OK,PENDING_PAYMENT,4355.198
ample_256,256,0,200,OK,PENDING_PAYMENT,4087.446
ample_256,223,31,200,OK,PENDING_PAYMENT,4372.853
ample_256,257,1,200,OK,PENDING_PAYMENT,4068.240
ample_256,226,34,200,OK,PENDING_PAYMENT,4404.470
ample_256,244,52,200,OK,PENDING_PAYMENT,4410.697
ample_256,258,2,200,OK,PENDING_PAYMENT,4088.050
ample_256,260,4,200,OK,PENDING_PAYMENT,3959.261
ample_256,259,3,200,OK,PENDING_PAYMENT,4069.087
ample_256,261,5,200,OK,PENDING_PAYMENT,3997.150
ample_256,263,7,200,OK,PENDING_PAYMENT,3999.763
ample_256,262,6,200,OK,PENDING_PAYMENT,4008.756
ample_256,264,8,200,OK,PENDING_PAYMENT,4006.335
ample_256,265,9,200,OK,PENDING_PAYMENT,4002.594
ample_256,266,10,200,OK,PENDING_PAYMENT,4008.398
ample_256,267,11,200,OK,PENDING_PAYMENT,4011.742
ample_256,268,12,200,OK,PENDING_PAYMENT,3962.618
ample_256,269,13,200,OK,PENDING_PAYMENT,3965.360
ample_256,270,14,200,OK,PENDING_PAYMENT,3931.838
ample_256,271,15,200,OK,PENDING_PAYMENT,3946.838
ample_256,272,16,200,OK,PENDING_PAYMENT,3965.015
ample_256,273,17,200,OK,PENDING_PAYMENT,3966.328
ample_256,274,18,200,OK,PENDING_PAYMENT,3977.825
ample_256,275,19,200,OK,PENDING_PAYMENT,3969.490
ample_256,276,20,200,OK,PENDING_PAYMENT,3984.612
ample_256,277,21,200,OK,PENDING_PAYMENT,4000.567
ample_256,278,22,200,OK,PENDING_PAYMENT,4013.700
ample_256,279,23,200,OK,PENDING_PAYMENT,4020.315
ample_256,280,24,200,OK,PENDING_PAYMENT,4026.451
ample_256,282,26,200,OK,PENDING_PAYMENT,4041.832
ample_256,281,25,200,OK,PENDING_PAYMENT,4057.232
ample_256,283,27,200,OK,PENDING_PAYMENT,4059.030
ample_256,284,28,200,OK,PENDING_PAYMENT,4071.809
ample_256,285,29,200,OK,PENDING_PAYMENT,4067.579
ample_256,286,30,200,OK,PENDING_PAYMENT,4089.775
ample_256,287,31,200,OK,PENDING_PAYMENT,4108.029
ample_256,288,32,200,OK,PENDING_PAYMENT,4101.444
ample_256,289,33,200,OK,PENDING_PAYMENT,4109.707
ample_256,290,34,200,OK,PENDING_PAYMENT,4116.403
ample_256,291,35,200,OK,PENDING_PAYMENT,4125.296
ample_256,292,36,200,OK,PENDING_PAYMENT,4119.404
ample_256,293,37,200,OK,PENDING_PAYMENT,4124.728
ample_256,294,38,200,OK,PENDING_PAYMENT,4134.866
ample_256,295,39,200,OK,PENDING_PAYMENT,4121.540
ample_256,297,41,200,OK,PENDING_PAYMENT,4127.547
ample_256,296,40,200,OK,PENDING_PAYMENT,4140.343
ample_256,298,42,200,OK,PENDING_PAYMENT,4146.734
ample_256,301,45,200,OK,PENDING_PAYMENT,4154.913
ample_256,299,43,200,OK,PENDING_PAYMENT,4175.178
ample_256,302,46,200,OK,PENDING_PAYMENT,4174.075
ample_256,303,47,200,OK,PENDING_PAYMENT,4180.633
ample_256,305,49,200,OK,PENDING_PAYMENT,4182.145
ample_256,304,48,200,OK,PENDING_PAYMENT,4205.738
ample_256,307,51,200,OK,PENDING_PAYMENT,4193.086
ample_256,306,50,200,OK,PENDING_PAYMENT,4211.495
ample_256,309,53,200,OK,PENDING_PAYMENT,4211.258
ample_256,308,52,200,OK,PENDING_PAYMENT,4233.766
ample_256,311,55,200,OK,PENDING_PAYMENT,4226.713
ample_256,310,54,200,OK,PENDING_PAYMENT,4242.398
ample_256,313,57,200,OK,PENDING_PAYMENT,4236.285
ample_256,312,56,200,OK,PENDING_PAYMENT,4255.495
ample_256,315,59,200,OK,PENDING_PAYMENT,4247.981
ample_256,314,58,200,OK,PENDING_PAYMENT,4267.119
ample_256,316,60,200,OK,PENDING_PAYMENT,4256.031
ample_256,317,61,200,OK,PENDING_PAYMENT,4262.941
ample_256,318,62,200,OK,PENDING_PAYMENT,4253.891
ample_256,319,63,200,OK,PENDING_PAYMENT,4262.632
ample_256,320,0,200,OK,PENDING_PAYMENT,4253.178
ample_256,321,1,200,OK,PENDING_PAYMENT,4241.481
ample_256,322,2,200,OK,PENDING_PAYMENT,4223.142
ample_256,323,3,200,OK,PENDING_PAYMENT,4227.198
ample_256,324,4,200,OK,PENDING_PAYMENT,4217.857
ample_256,325,5,200,OK,PENDING_PAYMENT,4196.921
ample_256,326,6,200,OK,PENDING_PAYMENT,4191.428
ample_256,327,7,200,OK,PENDING_PAYMENT,4194.620
ample_256,328,8,200,OK,PENDING_PAYMENT,4198.324
ample_256,329,9,200,OK,PENDING_PAYMENT,4186.568
ample_256,330,10,200,OK,PENDING_PAYMENT,4189.279
ample_256,331,11,200,OK,PENDING_PAYMENT,4183.208
ample_256,332,12,200,OK,PENDING_PAYMENT,4188.833
ample_256,333,13,200,OK,PENDING_PAYMENT,4186.118
ample_256,334,14,200,OK,PENDING_PAYMENT,4174.204
ample_256,335,15,200,OK,PENDING_PAYMENT,4181.804
ample_256,336,16,200,OK,PENDING_PAYMENT,4169.290
ample_256,337,17,200,OK,PENDING_PAYMENT,4166.554
ample_256,338,18,200,OK,PENDING_PAYMENT,4170.552
ample_256,340,20,200,OK,PENDING_PAYMENT,4160.819
ample_256,339,19,200,OK,PENDING_PAYMENT,4188.822
ample_256,341,21,200,OK,PENDING_PAYMENT,4162.182
ample_256,342,22,200,OK,PENDING_PAYMENT,4171.580
ample_256,343,23,200,OK,PENDING_PAYMENT,4174.454
ample_256,344,24,200,OK,PENDING_PAYMENT,4165.484
ample_256,345,25,200,OK,PENDING_PAYMENT,4168.117
ample_256,346,26,200,OK,PENDING_PAYMENT,4162.020
ample_256,347,27,200,OK,PENDING_PAYMENT,4159.084
ample_256,348,28,200,OK,PENDING_PAYMENT,4158.738
ample_256,349,29,200,OK,PENDING_PAYMENT,4162.920
ample_256,350,30,200,OK,PENDING_PAYMENT,4153.698
ample_256,351,31,200,OK,PENDING_PAYMENT,4149.966
ample_256,352,32,200,OK,PENDING_PAYMENT,4155.905
ample_256,353,33,200,OK,PENDING_PAYMENT,4155.938
ample_256,354,34,200,OK,PENDING_PAYMENT,4152.536
ample_256,355,35,200,OK,PENDING_PAYMENT,4148.866
ample_256,356,36,200,OK,PENDING_PAYMENT,4145.129
ample_256,357,37,200,OK,PENDING_PAYMENT,4157.962
ample_256,358,38,200,OK,PENDING_PAYMENT,4160.730
ample_256,359,39,200,OK,PENDING_PAYMENT,4144.675
ample_256,360,40,200,OK,PENDING_PAYMENT,4154.764
ample_256,361,41,200,OK,PENDING_PAYMENT,4147.162
ample_256,362,42,200,OK,PENDING_PAYMENT,4153.549
ample_256,363,43,200,OK,PENDING_PAYMENT,4144.970
ample_256,364,44,200,OK,PENDING_PAYMENT,4142.932
ample_256,365,45,200,OK,PENDING_PAYMENT,4155.224
ample_256,366,46,200,OK,PENDING_PAYMENT,4163.357
ample_256,367,47,200,OK,PENDING_PAYMENT,4147.844
ample_256,368,48,200,OK,PENDING_PAYMENT,4151.193
ample_256,369,49,200,OK,PENDING_PAYMENT,4163.255
ample_256,370,50,200,OK,PENDING_PAYMENT,4165.775
ample_256,371,51,200,OK,PENDING_PAYMENT,4166.058
ample_256,372,52,200,OK,PENDING_PAYMENT,4174.130
ample_256,373,53,200,OK,PENDING_PAYMENT,4167.328
ample_256,374,54,200,OK,PENDING_PAYMENT,4185.285
ample_256,375,55,200,OK,PENDING_PAYMENT,4177.632
ample_256,376,56,200,OK,PENDING_PAYMENT,4176.241
ample_256,377,57,200,OK,PENDING_PAYMENT,4181.563
ample_256,378,58,200,OK,PENDING_PAYMENT,4202.585
ample_256,379,59,200,OK,PENDING_PAYMENT,4200.693
ample_256,380,60,200,OK,PENDING_PAYMENT,4175.616
ample_256,381,61,200,OK,PENDING_PAYMENT,4161.930
ample_256,382,62,200,OK,PENDING_PAYMENT,4177.832
ample_256,383,63,200,OK,PENDING_PAYMENT,4162.873
ample_256,384,0,200,OK,PENDING_PAYMENT,4139.258
ample_256,385,1,200,OK,PENDING_PAYMENT,4154.939
ample_256,386,2,200,OK,PENDING_PAYMENT,4145.411
ample_256,387,3,200,OK,PENDING_PAYMENT,4145.938
ample_256,388,4,200,OK,PENDING_PAYMENT,4143.227
ample_256,389,5,200,OK,PENDING_PAYMENT,4149.206
ample_256,390,6,200,OK,PENDING_PAYMENT,4152.029
ample_256,391,7,200,OK,PENDING_PAYMENT,4151.466
ample_256,392,8,200,OK,PENDING_PAYMENT,4146.453
ample_256,393,9,200,OK,PENDING_PAYMENT,4146.979
ample_256,394,10,200,OK,PENDING_PAYMENT,4146.661
ample_256,395,11,200,OK,PENDING_PAYMENT,4141.158
ample_256,396,12,200,OK,PENDING_PAYMENT,4153.315
ample_256,397,13,200,OK,PENDING_PAYMENT,4143.210
ample_256,398,14,200,OK,PENDING_PAYMENT,4145.570
ample_256,399,15,200,OK,PENDING_PAYMENT,4135.876
ample_256,400,16,200,OK,PENDING_PAYMENT,4132.769
ample_256,401,17,200,OK,PENDING_PAYMENT,4140.909
ample_256,402,18,200,OK,PENDING_PAYMENT,4140.648
ample_256,403,19,200,OK,PENDING_PAYMENT,4126.111
ample_256,404,20,200,OK,PENDING_PAYMENT,4122.613
ample_256,405,21,200,OK,PENDING_PAYMENT,4123.243
ample_256,406,22,200,OK,PENDING_PAYMENT,4120.550
ample_256,407,23,200,OK,PENDING_PAYMENT,4120.771
ample_256,408,24,200,OK,PENDING_PAYMENT,4130.020
ample_256,409,25,200,OK,PENDING_PAYMENT,4132.978
ample_256,410,26,200,OK,PENDING_PAYMENT,4136.012
ample_256,411,27,200,OK,PENDING_PAYMENT,4114.836
ample_256,412,28,200,OK,PENDING_PAYMENT,4124.230
ample_256,413,29,200,OK,PENDING_PAYMENT,4130.748
ample_256,414,30,200,OK,PENDING_PAYMENT,4124.053
ample_256,415,31,200,OK,PENDING_PAYMENT,4124.406
ample_256,416,32,200,OK,PENDING_PAYMENT,4127.321
ample_256,417,33,200,OK,PENDING_PAYMENT,4121.325
ample_256,418,34,200,OK,PENDING_PAYMENT,4122.613
ample_256,419,35,200,OK,PENDING_PAYMENT,4128.195
ample_256,420,36,200,OK,PENDING_PAYMENT,4130.016
ample_256,421,37,200,OK,PENDING_PAYMENT,4140.412
ample_256,422,38,200,OK,PENDING_PAYMENT,4136.754
ample_256,423,39,200,OK,PENDING_PAYMENT,4131.535
ample_256,424,40,200,OK,PENDING_PAYMENT,4134.217
ample_256,425,41,200,OK,PENDING_PAYMENT,4134.600
ample_256,426,42,200,OK,PENDING_PAYMENT,4137.107
ample_256,427,43,200,OK,PENDING_PAYMENT,4139.983
ample_256,428,44,200,OK,PENDING_PAYMENT,4140.529
ample_256,429,45,200,OK,PENDING_PAYMENT,4143.195
ample_256,430,46,200,OK,PENDING_PAYMENT,4136.715
ample_256,431,47,200,OK,PENDING_PAYMENT,4140.173
ample_256,432,48,200,OK,PENDING_PAYMENT,4149.285
ample_256,433,49,200,OK,PENDING_PAYMENT,4144.927
ample_256,434,50,200,OK,PENDING_PAYMENT,4151.280
ample_256,435,51,200,OK,PENDING_PAYMENT,4163.101
ample_256,436,52,200,OK,PENDING_PAYMENT,4176.248
ample_256,437,53,200,OK,PENDING_PAYMENT,4163.339
ample_256,438,54,200,OK,PENDING_PAYMENT,4112.495
ample_256,439,55,200,OK,PENDING_PAYMENT,4094.904
ample_256,440,56,200,OK,PENDING_PAYMENT,4088.880
ample_256,441,57,200,OK,PENDING_PAYMENT,4081.176
ample_256,442,58,200,OK,PENDING_PAYMENT,4066.174
ample_256,443,59,200,OK,PENDING_PAYMENT,4069.340
ample_256,444,60,200,OK,PENDING_PAYMENT,4039.811
ample_256,445,61,200,OK,PENDING_PAYMENT,4032.022
ample_256,446,62,200,OK,PENDING_PAYMENT,4019.282
ample_256,447,63,200,OK,PENDING_PAYMENT,4030.105
ample_256,448,0,200,OK,PENDING_PAYMENT,4033.902
ample_256,449,1,200,OK,PENDING_PAYMENT,4018.709
ample_256,450,2,200,OK,PENDING_PAYMENT,4022.310
ample_256,451,3,200,OK,PENDING_PAYMENT,4030.599
ample_256,452,4,200,OK,PENDING_PAYMENT,4031.017
ample_256,453,5,200,OK,PENDING_PAYMENT,4030.507
ample_256,454,6,200,OK,PENDING_PAYMENT,4036.854
ample_256,455,7,200,OK,PENDING_PAYMENT,4027.252
ample_256,456,8,200,OK,PENDING_PAYMENT,4021.576
ample_256,457,9,200,OK,PENDING_PAYMENT,4028.084
ample_256,458,10,200,OK,PENDING_PAYMENT,4039.957
ample_256,459,11,200,OK,PENDING_PAYMENT,4034.234
ample_256,460,12,200,OK,PENDING_PAYMENT,4039.817
ample_256,461,13,200,OK,PENDING_PAYMENT,4048.754
ample_256,462,14,200,OK,PENDING_PAYMENT,4039.392
ample_256,463,15,200,OK,PENDING_PAYMENT,4032.841
ample_256,464,16,200,OK,PENDING_PAYMENT,4039.228
ample_256,465,17,200,OK,PENDING_PAYMENT,4040.332
ample_256,466,18,200,OK,PENDING_PAYMENT,4040.546
ample_256,467,19,200,OK,PENDING_PAYMENT,4037.985
ample_256,468,20,200,OK,PENDING_PAYMENT,4034.735
ample_256,469,21,200,OK,PENDING_PAYMENT,4037.375
ample_256,471,23,200,OK,PENDING_PAYMENT,4027.856
ample_256,470,22,200,OK,PENDING_PAYMENT,4047.296
ample_256,472,24,200,OK,PENDING_PAYMENT,4035.183
ample_256,473,25,200,OK,PENDING_PAYMENT,4032.382
ample_256,474,26,200,OK,PENDING_PAYMENT,4032.606
ample_256,475,27,200,OK,PENDING_PAYMENT,4026.712
ample_256,476,28,200,OK,PENDING_PAYMENT,4027.214
ample_256,477,29,200,OK,PENDING_PAYMENT,4033.157
ample_256,478,30,200,OK,PENDING_PAYMENT,4035.160
ample_256,479,31,200,OK,PENDING_PAYMENT,4031.340
ample_256,480,32,200,OK,PENDING_PAYMENT,4033.958
ample_256,481,33,200,OK,PENDING_PAYMENT,4033.944
ample_256,482,34,200,OK,PENDING_PAYMENT,4049.614
ample_256,483,35,200,OK,PENDING_PAYMENT,4039.516
ample_256,484,36,200,OK,PENDING_PAYMENT,4037.005
ample_256,485,37,200,OK,PENDING_PAYMENT,4034.344
ample_256,486,38,200,OK,PENDING_PAYMENT,4034.398
ample_256,487,39,200,OK,PENDING_PAYMENT,4033.981
ample_256,488,40,200,OK,PENDING_PAYMENT,4037.377
ample_256,489,41,200,OK,PENDING_PAYMENT,4037.417
ample_256,490,42,200,OK,PENDING_PAYMENT,4027.665
ample_256,491,43,200,OK,PENDING_PAYMENT,4033.748
ample_256,492,44,200,OK,PENDING_PAYMENT,4028.203
ample_256,493,45,200,OK,PENDING_PAYMENT,4030.997
ample_256,494,46,200,OK,PENDING_PAYMENT,4039.931
ample_256,495,47,200,OK,PENDING_PAYMENT,4036.771
ample_256,496,48,200,OK,PENDING_PAYMENT,4042.141
ample_256,497,49,200,OK,PENDING_PAYMENT,4032.812
ample_256,498,50,200,OK,PENDING_PAYMENT,4042.983
ample_256,499,51,200,OK,PENDING_PAYMENT,4045.099
ample_256,500,52,200,OK,PENDING_PAYMENT,4042.721
ample_256,501,53,200,OK,PENDING_PAYMENT,4036.661
ample_256,502,54,200,OK,PENDING_PAYMENT,4024.023
ample_256,503,55,200,OK,PENDING_PAYMENT,4025.556
ample_256,504,56,200,OK,PENDING_PAYMENT,4008.344
ample_256,505,57,200,OK,PENDING_PAYMENT,3998.293
ample_256,506,58,200,OK,PENDING_PAYMENT,4010.822
ample_256,507,59,200,OK,PENDING_PAYMENT,4001.277
ample_256,508,60,200,OK,PENDING_PAYMENT,3986.524
ample_256,509,61,200,OK,PENDING_PAYMENT,3988.777
ample_256,510,62,200,OK,PENDING_PAYMENT,3990.994
ample_256,511,63,200,OK,PENDING_PAYMENT,3991.961
ample_256,512,0,200,OK,PENDING_PAYMENT,3994.772
ample_256,513,1,200,OK,PENDING_PAYMENT,4000.601
ample_256,514,2,200,OK,PENDING_PAYMENT,3997.343
ample_256,515,3,200,OK,PENDING_PAYMENT,3994.285
ample_256,516,4,200,OK,PENDING_PAYMENT,3991.938
ample_256,517,5,200,OK,PENDING_PAYMENT,3997.656
ample_256,518,6,200,OK,PENDING_PAYMENT,3976.307
ample_256,519,7,200,OK,PENDING_PAYMENT,3982.879
ample_256,520,8,200,OK,PENDING_PAYMENT,3992.753
ample_256,521,9,200,OK,PENDING_PAYMENT,3982.555
ample_256,522,10,200,OK,PENDING_PAYMENT,3983.841
ample_256,523,11,200,OK,PENDING_PAYMENT,3978.616
ample_256,524,12,200,OK,PENDING_PAYMENT,3972.338
ample_256,525,13,200,OK,PENDING_PAYMENT,3975.099
ample_256,526,14,200,OK,PENDING_PAYMENT,3975.677
ample_256,527,15,200,OK,PENDING_PAYMENT,3978.798
ample_256,528,16,200,OK,PENDING_PAYMENT,3977.948
ample_256,529,17,200,OK,PENDING_PAYMENT,3972.829
ample_256,530,18,200,OK,PENDING_PAYMENT,3972.722
ample_256,531,19,200,OK,PENDING_PAYMENT,3979.490
ample_256,532,20,200,OK,PENDING_PAYMENT,3985.171
ample_256,533,21,200,OK,PENDING_PAYMENT,3979.437
ample_256,534,22,200,OK,PENDING_PAYMENT,3981.477
ample_256,535,23,200,OK,PENDING_PAYMENT,3978.701
ample_256,536,24,200,OK,PENDING_PAYMENT,3975.651
ample_256,537,25,200,OK,PENDING_PAYMENT,3981.506
ample_256,538,26,200,OK,PENDING_PAYMENT,3971.887
ample_256,539,27,200,OK,PENDING_PAYMENT,3970.253
ample_256,540,28,200,OK,PENDING_PAYMENT,3964.533
ample_256,541,29,200,OK,PENDING_PAYMENT,3971.197
ample_256,542,30,200,OK,PENDING_PAYMENT,3974.363
ample_256,543,31,200,OK,PENDING_PAYMENT,3976.600
ample_256,544,32,200,OK,PENDING_PAYMENT,3961.318
ample_256,545,33,200,OK,PENDING_PAYMENT,3978.447
ample_256,546,34,200,OK,PENDING_PAYMENT,3962.872
ample_256,547,35,200,OK,PENDING_PAYMENT,3957.168
ample_256,548,36,200,OK,PENDING_PAYMENT,3951.734
ample_256,549,37,200,OK,PENDING_PAYMENT,3967.285
ample_256,550,38,200,OK,PENDING_PAYMENT,3958.092
ample_256,551,39,200,OK,PENDING_PAYMENT,3964.143
ample_256,552,40,200,OK,PENDING_PAYMENT,3952.012
ample_256,553,41,200,OK,PENDING_PAYMENT,3966.926
ample_256,554,42,200,OK,PENDING_PAYMENT,3972.815
ample_256,555,43,200,OK,PENDING_PAYMENT,3966.490
ample_256,556,44,200,OK,PENDING_PAYMENT,3966.646
ample_256,557,45,200,OK,PENDING_PAYMENT,3966.428
ample_256,558,46,200,OK,PENDING_PAYMENT,3963.062
ample_256,559,47,200,OK,PENDING_PAYMENT,3966.707
ample_256,560,48,200,OK,PENDING_PAYMENT,3963.601
ample_256,561,49,200,OK,PENDING_PAYMENT,3952.286
ample_256,562,50,200,OK,PENDING_PAYMENT,3964.203
ample_256,563,51,200,OK,PENDING_PAYMENT,3968.108
ample_256,564,52,200,OK,PENDING_PAYMENT,3976.435
ample_256,565,53,200,OK,PENDING_PAYMENT,3968.893
ample_256,566,54,200,OK,PENDING_PAYMENT,3977.635
ample_256,567,55,200,OK,PENDING_PAYMENT,3974.234
ample_256,568,56,200,OK,PENDING_PAYMENT,3971.338
ample_256,569,57,200,OK,PENDING_PAYMENT,3973.230
ample_256,570,58,200,OK,PENDING_PAYMENT,3974.215
ample_256,571,59,200,OK,PENDING_PAYMENT,3974.177
ample_256,572,60,200,OK,PENDING_PAYMENT,3980.521
ample_256,573,61,200,OK,PENDING_PAYMENT,3973.352
ample_256,574,62,200,OK,PENDING_PAYMENT,3970.097
ample_256,575,63,200,OK,PENDING_PAYMENT,3970.209
ample_256,576,0,200,OK,PENDING_PAYMENT,3975.861
ample_256,577,1,200,OK,PENDING_PAYMENT,3970.275
ample_256,578,2,200,OK,PENDING_PAYMENT,3966.764
ample_256,579,3,200,OK,PENDING_PAYMENT,3970.339
ample_256,580,4,200,OK,PENDING_PAYMENT,3969.928
ample_256,581,5,200,OK,PENDING_PAYMENT,3976.767
ample_256,582,6,200,OK,PENDING_PAYMENT,3982.113
ample_256,583,7,200,OK,PENDING_PAYMENT,3973.421
ample_256,584,8,200,OK,PENDING_PAYMENT,3969.384
ample_256,585,9,200,OK,PENDING_PAYMENT,3981.614
ample_256,586,10,200,OK,PENDING_PAYMENT,3993.539
ample_256,587,11,200,OK,PENDING_PAYMENT,3981.951
ample_256,588,12,200,OK,PENDING_PAYMENT,3983.116
ample_256,589,13,200,OK,PENDING_PAYMENT,3970.117
ample_256,590,14,200,OK,PENDING_PAYMENT,3979.117
ample_256,591,15,200,OK,PENDING_PAYMENT,3978.071
ample_256,592,16,200,OK,PENDING_PAYMENT,3993.805
ample_256,593,17,200,OK,PENDING_PAYMENT,3987.765
ample_256,594,18,200,OK,PENDING_PAYMENT,3990.036
ample_256,595,19,200,OK,PENDING_PAYMENT,3996.182
ample_256,596,20,200,OK,PENDING_PAYMENT,3995.518
ample_256,597,21,200,OK,PENDING_PAYMENT,3992.594
ample_256,598,22,200,OK,PENDING_PAYMENT,3992.491
ample_256,599,23,200,OK,PENDING_PAYMENT,3985.924
ample_256,600,24,200,OK,PENDING_PAYMENT,3998.131
ample_256,601,25,200,OK,PENDING_PAYMENT,3995.406
ample_256,602,26,200,OK,PENDING_PAYMENT,3995.507
ample_256,603,27,200,OK,PENDING_PAYMENT,4000.833
ample_256,604,28,200,OK,PENDING_PAYMENT,3998.017
ample_256,605,29,200,OK,PENDING_PAYMENT,3996.232
ample_256,606,30,200,OK,PENDING_PAYMENT,4002.574
ample_256,607,31,200,OK,PENDING_PAYMENT,4004.690
ample_256,608,32,200,OK,PENDING_PAYMENT,4007.455
ample_256,609,33,200,OK,PENDING_PAYMENT,4000.714
ample_256,611,35,200,OK,PENDING_PAYMENT,3985.545
ample_256,610,34,200,OK,PENDING_PAYMENT,4025.915
ample_256,612,36,200,OK,PENDING_PAYMENT,4000.430
ample_256,613,37,200,OK,PENDING_PAYMENT,4003.324
ample_256,614,38,200,OK,PENDING_PAYMENT,4001.880
ample_256,615,39,200,OK,PENDING_PAYMENT,3999.123
ample_256,616,40,200,OK,PENDING_PAYMENT,4003.870
ample_256,617,41,200,OK,PENDING_PAYMENT,3995.212
ample_256,618,42,200,OK,PENDING_PAYMENT,3998.120
ample_256,619,43,200,OK,PENDING_PAYMENT,4011.377
ample_256,620,44,200,OK,PENDING_PAYMENT,3997.290
ample_256,621,45,200,OK,PENDING_PAYMENT,4000.587
ample_256,622,46,200,OK,PENDING_PAYMENT,3994.780
ample_256,623,47,200,OK,PENDING_PAYMENT,4000.943
ample_256,624,48,200,OK,PENDING_PAYMENT,4004.178
ample_256,625,49,200,OK,PENDING_PAYMENT,4006.916
ample_256,626,50,200,OK,PENDING_PAYMENT,3991.666
ample_256,627,51,200,OK,PENDING_PAYMENT,3995.869
ample_256,628,52,200,OK,PENDING_PAYMENT,3974.265
ample_256,629,53,200,OK,PENDING_PAYMENT,3976.314
ample_256,630,54,200,OK,PENDING_PAYMENT,3974.184
ample_256,631,55,200,OK,PENDING_PAYMENT,3979.818
ample_256,632,56,200,OK,PENDING_PAYMENT,3981.817
ample_256,633,57,200,OK,PENDING_PAYMENT,3973.074
ample_256,634,58,200,OK,PENDING_PAYMENT,3965.064
ample_256,635,59,200,OK,PENDING_PAYMENT,3957.639
ample_256,636,60,200,OK,PENDING_PAYMENT,3958.108
ample_256,637,61,200,OK,PENDING_PAYMENT,3962.095
ample_256,638,62,200,OK,PENDING_PAYMENT,3943.233
ample_256,639,63,200,OK,PENDING_PAYMENT,3943.654
ample_256,640,0,200,OK,PENDING_PAYMENT,3956.289
ample_256,641,1,200,OK,PENDING_PAYMENT,3956.730
ample_256,642,2,200,OK,PENDING_PAYMENT,3971.534
ample_256,643,3,200,OK,PENDING_PAYMENT,3970.443
ample_256,644,4,200,OK,PENDING_PAYMENT,3970.393
ample_256,645,5,200,OK,PENDING_PAYMENT,3976.818
ample_256,646,6,200,OK,PENDING_PAYMENT,3964.387
ample_256,647,7,200,OK,PENDING_PAYMENT,3960.818
ample_256,648,8,200,OK,PENDING_PAYMENT,3963.853
ample_256,649,9,200,OK,PENDING_PAYMENT,3970.049
ample_256,650,10,200,OK,PENDING_PAYMENT,3973.215
ample_256,651,11,200,OK,PENDING_PAYMENT,3975.708
ample_256,652,12,200,OK,PENDING_PAYMENT,3953.878
ample_256,653,13,200,OK,PENDING_PAYMENT,3967.306
ample_256,654,14,200,OK,PENDING_PAYMENT,3970.544
ample_256,655,15,200,OK,PENDING_PAYMENT,3973.484
ample_256,656,16,200,OK,PENDING_PAYMENT,3969.794
ample_256,657,17,200,OK,PENDING_PAYMENT,3964.706
ample_256,658,18,200,OK,PENDING_PAYMENT,3967.883
ample_256,659,19,200,OK,PENDING_PAYMENT,3975.347
ample_256,660,20,200,OK,PENDING_PAYMENT,3972.771
ample_256,661,21,200,OK,PENDING_PAYMENT,3972.948
ample_256,662,22,200,OK,PENDING_PAYMENT,3983.933
ample_256,663,23,200,OK,PENDING_PAYMENT,3989.780
ample_256,664,24,200,OK,PENDING_PAYMENT,3984.099
ample_256,665,25,200,OK,PENDING_PAYMENT,3980.582
ample_256,666,26,200,OK,PENDING_PAYMENT,3976.644
ample_256,667,27,200,OK,PENDING_PAYMENT,3980.193
ample_256,668,28,200,OK,PENDING_PAYMENT,3979.660
ample_256,669,29,200,OK,PENDING_PAYMENT,3967.071
ample_256,670,30,200,OK,PENDING_PAYMENT,3967.549
ample_256,671,31,200,OK,PENDING_PAYMENT,3970.048
ample_256,672,32,200,OK,PENDING_PAYMENT,3966.736
ample_256,673,33,200,OK,PENDING_PAYMENT,3973.341
ample_256,674,34,200,OK,PENDING_PAYMENT,3975.472
ample_256,675,35,200,OK,PENDING_PAYMENT,3956.650
ample_256,676,36,200,OK,PENDING_PAYMENT,3952.047
ample_256,677,37,200,OK,PENDING_PAYMENT,3938.718
ample_256,678,38,200,OK,PENDING_PAYMENT,3938.986
ample_256,679,39,200,OK,PENDING_PAYMENT,3928.965
ample_256,680,40,200,OK,PENDING_PAYMENT,3935.005
ample_256,681,41,200,OK,PENDING_PAYMENT,3941.312
ample_256,682,42,200,OK,PENDING_PAYMENT,3931.925
ample_256,683,43,200,OK,PENDING_PAYMENT,3932.597
ample_256,684,44,200,OK,PENDING_PAYMENT,3932.711
ample_256,685,45,200,OK,PENDING_PAYMENT,3926.496
ample_256,686,46,200,OK,PENDING_PAYMENT,3939.080
ample_256,687,47,200,OK,PENDING_PAYMENT,3932.616
ample_256,688,48,200,OK,PENDING_PAYMENT,3922.951
ample_256,689,49,200,OK,PENDING_PAYMENT,3930.164
ample_256,690,50,200,OK,PENDING_PAYMENT,3923.657
ample_256,691,51,200,OK,PENDING_PAYMENT,3911.832
ample_256,692,52,200,OK,PENDING_PAYMENT,3898.819
ample_256,693,53,200,OK,PENDING_PAYMENT,3899.595
ample_256,694,54,200,OK,PENDING_PAYMENT,3902.352
ample_256,695,55,200,OK,PENDING_PAYMENT,3895.759
ample_256,697,57,200,OK,PENDING_PAYMENT,3888.220
ample_256,696,56,200,OK,PENDING_PAYMENT,3934.512
ample_256,699,59,200,OK,PENDING_PAYMENT,3911.340
ample_256,698,58,200,OK,PENDING_PAYMENT,3942.275
ample_256,700,60,200,OK,PENDING_PAYMENT,3929.713
ample_256,701,61,200,OK,PENDING_PAYMENT,3926.752
ample_256,702,62,200,OK,PENDING_PAYMENT,3935.708
ample_256,703,63,200,OK,PENDING_PAYMENT,3938.292
ample_256,704,0,200,OK,PENDING_PAYMENT,3940.708
ample_256,705,1,200,OK,PENDING_PAYMENT,3943.910
ample_256,706,2,200,OK,PENDING_PAYMENT,3946.470
ample_256,707,3,200,OK,PENDING_PAYMENT,3940.796
ample_256,708,4,200,OK,PENDING_PAYMENT,3927.703
ample_256,709,5,200,OK,PENDING_PAYMENT,3941.427
ample_256,710,6,200,OK,PENDING_PAYMENT,3921.966
ample_256,711,7,200,OK,PENDING_PAYMENT,3928.914
ample_256,712,8,200,OK,PENDING_PAYMENT,3931.605
ample_256,713,9,200,OK,PENDING_PAYMENT,3928.354
ample_256,714,10,200,OK,PENDING_PAYMENT,3922.139
ample_256,715,11,200,OK,PENDING_PAYMENT,3931.587
ample_256,716,12,200,OK,PENDING_PAYMENT,3925.156
ample_256,717,13,200,OK,PENDING_PAYMENT,3915.978
ample_256,718,14,200,OK,PENDING_PAYMENT,3928.908
ample_256,719,15,200,OK,PENDING_PAYMENT,3934.128
ample_256,720,16,200,OK,PENDING_PAYMENT,3933.373
ample_256,721,17,200,OK,PENDING_PAYMENT,3935.465
ample_256,722,18,200,OK,PENDING_PAYMENT,3929.256
ample_256,723,19,200,OK,PENDING_PAYMENT,3929.339
ample_256,724,20,200,OK,PENDING_PAYMENT,3929.741
ample_256,725,21,200,OK,PENDING_PAYMENT,3931.883
ample_256,726,22,200,OK,PENDING_PAYMENT,3929.120
ample_256,727,23,200,OK,PENDING_PAYMENT,3941.630
ample_256,728,24,200,OK,PENDING_PAYMENT,3931.779
ample_256,729,25,200,OK,PENDING_PAYMENT,3944.110
ample_256,730,26,200,OK,PENDING_PAYMENT,3928.118
ample_256,731,27,200,OK,PENDING_PAYMENT,3926.104
ample_256,732,28,200,OK,PENDING_PAYMENT,3929.052
ample_256,733,29,200,OK,PENDING_PAYMENT,3935.014
ample_256,734,30,200,OK,PENDING_PAYMENT,3919.865
ample_256,735,31,200,OK,PENDING_PAYMENT,3920.213
ample_256,736,32,200,OK,PENDING_PAYMENT,3933.883
ample_256,737,33,200,OK,PENDING_PAYMENT,3924.177
ample_256,738,34,200,OK,PENDING_PAYMENT,3921.170
ample_256,739,35,200,OK,PENDING_PAYMENT,3928.205
ample_256,740,36,200,OK,PENDING_PAYMENT,3916.000
ample_256,741,37,200,OK,PENDING_PAYMENT,3918.667
ample_256,742,38,200,OK,PENDING_PAYMENT,3927.609
ample_256,743,39,200,OK,PENDING_PAYMENT,3933.419
ample_256,744,40,200,OK,PENDING_PAYMENT,3932.883
ample_256,746,42,200,OK,PENDING_PAYMENT,3917.721
ample_256,745,41,200,OK,PENDING_PAYMENT,3939.491
ample_256,747,43,200,OK,PENDING_PAYMENT,3935.970
ample_256,748,44,200,OK,PENDING_PAYMENT,3940.940
ample_256,749,45,200,OK,PENDING_PAYMENT,3944.393
ample_256,750,46,200,OK,PENDING_PAYMENT,3925.958
ample_256,752,48,200,OK,PENDING_PAYMENT,3917.637
ample_256,751,47,200,OK,PENDING_PAYMENT,3942.348
ample_256,753,49,200,OK,PENDING_PAYMENT,3928.064
ample_256,754,50,200,OK,PENDING_PAYMENT,3924.029
ample_256,755,51,200,OK,PENDING_PAYMENT,3921.246
ample_256,756,52,200,OK,PENDING_PAYMENT,3907.025
ample_256,757,53,200,OK,PENDING_PAYMENT,3891.698
ample_256,758,54,200,OK,PENDING_PAYMENT,3903.909
ample_256,759,55,200,OK,PENDING_PAYMENT,3897.367
ample_256,760,56,200,OK,PENDING_PAYMENT,3909.785
ample_256,761,57,200,OK,PENDING_PAYMENT,3920.429
ample_256,762,58,200,OK,PENDING_PAYMENT,3922.670
ample_256,763,59,200,OK,PENDING_PAYMENT,3935.226
ample_256,764,60,200,OK,PENDING_PAYMENT,3933.952
ample_256,765,61,200,OK,PENDING_PAYMENT,3932.054
ample_256,766,62,200,OK,PENDING_PAYMENT,3941.788
ample_256,767,63,200,OK,PENDING_PAYMENT,3937.478
ample_256,768,0,200,OK,PENDING_PAYMENT,3924.809
ample_256,769,1,200,OK,PENDING_PAYMENT,3924.639
ample_256,770,2,200,OK,PENDING_PAYMENT,3930.857
ample_256,771,3,200,OK,PENDING_PAYMENT,3933.241
ample_256,772,4,200,OK,PENDING_PAYMENT,3933.867
ample_256,773,5,200,OK,PENDING_PAYMENT,3933.512
ample_256,774,6,200,OK,PENDING_PAYMENT,3942.687
ample_256,775,7,200,OK,PENDING_PAYMENT,3933.083
ample_256,776,8,200,OK,PENDING_PAYMENT,3932.932
ample_256,777,9,200,OK,PENDING_PAYMENT,3933.091
ample_256,778,10,200,OK,PENDING_PAYMENT,3932.824
ample_256,779,11,200,OK,PENDING_PAYMENT,3938.405
ample_256,780,12,200,OK,PENDING_PAYMENT,3931.889
ample_256,781,13,200,OK,PENDING_PAYMENT,3947.373
ample_256,782,14,200,OK,PENDING_PAYMENT,3947.135
ample_256,783,15,200,OK,PENDING_PAYMENT,3947.180
ample_256,784,16,200,OK,PENDING_PAYMENT,3944.063
ample_256,785,17,200,OK,PENDING_PAYMENT,3946.770
ample_256,786,18,200,OK,PENDING_PAYMENT,3941.421
ample_256,787,19,200,OK,PENDING_PAYMENT,3943.454
ample_256,788,20,200,OK,PENDING_PAYMENT,3943.530
ample_256,789,21,200,OK,PENDING_PAYMENT,3939.724
ample_256,790,22,200,OK,PENDING_PAYMENT,3934.328
ample_256,791,23,200,OK,PENDING_PAYMENT,3940.213
ample_256,793,25,200,OK,PENDING_PAYMENT,3912.307
ample_256,792,24,200,OK,PENDING_PAYMENT,3950.475
ample_256,794,26,200,OK,PENDING_PAYMENT,3946.942
ample_256,795,27,200,OK,PENDING_PAYMENT,3936.753
ample_256,796,28,200,OK,PENDING_PAYMENT,3945.978
ample_256,797,29,200,OK,PENDING_PAYMENT,3943.509
ample_256,798,30,200,OK,PENDING_PAYMENT,3937.344
ample_256,799,31,200,OK,PENDING_PAYMENT,3933.503
ample_256,800,32,200,OK,PENDING_PAYMENT,3954.681
ample_256,801,33,200,OK,PENDING_PAYMENT,3938.652
ample_256,802,34,200,OK,PENDING_PAYMENT,3950.541
ample_256,803,35,200,OK,PENDING_PAYMENT,3955.490
ample_256,804,36,200,OK,PENDING_PAYMENT,3948.475
ample_256,805,37,200,OK,PENDING_PAYMENT,3939.272
ample_256,806,38,200,OK,PENDING_PAYMENT,3939.386
ample_256,807,39,200,OK,PENDING_PAYMENT,3936.594
ample_256,809,41,200,OK,PENDING_PAYMENT,3924.041
ample_256,808,40,200,OK,PENDING_PAYMENT,3948.827
ample_256,810,42,200,OK,PENDING_PAYMENT,3925.321
ample_256,812,44,200,OK,PENDING_PAYMENT,3907.405
ample_256,811,43,200,OK,PENDING_PAYMENT,3935.670
ample_256,813,45,200,OK,PENDING_PAYMENT,3920.174
ample_256,814,46,200,OK,PENDING_PAYMENT,3918.005
ample_256,815,47,200,OK,PENDING_PAYMENT,3912.083
ample_256,816,48,200,OK,PENDING_PAYMENT,3899.798
ample_256,817,49,200,OK,PENDING_PAYMENT,3903.018
ample_256,818,50,200,OK,PENDING_PAYMENT,3891.658
ample_256,819,51,200,OK,PENDING_PAYMENT,3885.482
ample_256,820,52,200,OK,PENDING_PAYMENT,3873.289
ample_256,821,53,200,OK,PENDING_PAYMENT,3874.823
ample_256,822,54,200,OK,PENDING_PAYMENT,3863.266
ample_256,823,55,200,OK,PENDING_PAYMENT,3866.259
ample_256,824,56,200,OK,PENDING_PAYMENT,3860.124
ample_256,826,58,200,OK,PENDING_PAYMENT,3839.941
ample_256,825,57,200,OK,PENDING_PAYMENT,3862.443
ample_256,827,59,200,OK,PENDING_PAYMENT,3845.971
ample_256,828,60,200,OK,PENDING_PAYMENT,3837.573
ample_256,829,61,200,OK,PENDING_PAYMENT,3844.290
ample_256,830,62,200,OK,PENDING_PAYMENT,3843.974
ample_256,831,63,200,OK,PENDING_PAYMENT,3855.202
ample_256,832,0,200,OK,PENDING_PAYMENT,3858.342
ample_256,833,1,200,OK,PENDING_PAYMENT,3854.574
ample_256,834,2,200,OK,PENDING_PAYMENT,3863.874
ample_256,835,3,200,OK,PENDING_PAYMENT,3854.140
ample_256,836,4,200,OK,PENDING_PAYMENT,3854.517
ample_256,837,5,200,OK,PENDING_PAYMENT,3839.665
ample_256,838,6,200,OK,PENDING_PAYMENT,3837.205
ample_256,839,7,200,OK,PENDING_PAYMENT,3834.040
ample_256,840,8,200,OK,PENDING_PAYMENT,3845.747
ample_256,841,9,200,OK,PENDING_PAYMENT,3840.591
ample_256,842,10,200,OK,PENDING_PAYMENT,3822.355
ample_256,843,11,200,OK,PENDING_PAYMENT,3833.787
ample_256,844,12,200,OK,PENDING_PAYMENT,3827.501
ample_256,846,14,200,OK,PENDING_PAYMENT,3818.339
ample_256,845,13,200,OK,PENDING_PAYMENT,3846.122
ample_256,847,15,200,OK,PENDING_PAYMENT,3833.080
ample_256,848,16,200,OK,PENDING_PAYMENT,3823.526
ample_256,849,17,200,OK,PENDING_PAYMENT,3826.732
ample_256,850,18,200,OK,PENDING_PAYMENT,3817.088
ample_256,851,19,200,OK,PENDING_PAYMENT,3813.458
ample_256,852,20,200,OK,PENDING_PAYMENT,3814.983
ample_256,853,21,200,OK,PENDING_PAYMENT,3814.071
ample_256,854,22,200,OK,PENDING_PAYMENT,3811.816
ample_256,855,23,200,OK,PENDING_PAYMENT,3808.547
ample_256,856,24,200,OK,PENDING_PAYMENT,3805.250
ample_256,857,25,200,OK,PENDING_PAYMENT,3798.916
ample_256,858,26,200,OK,PENDING_PAYMENT,3799.529
ample_256,859,27,200,OK,PENDING_PAYMENT,3791.402
ample_256,860,28,200,OK,PENDING_PAYMENT,3804.765
ample_256,861,29,200,OK,PENDING_PAYMENT,3789.184
ample_256,862,30,200,OK,PENDING_PAYMENT,3786.700
ample_256,863,31,200,OK,PENDING_PAYMENT,3778.280
ample_256,864,32,200,OK,PENDING_PAYMENT,3773.285
ample_256,865,33,200,OK,PENDING_PAYMENT,3770.585
ample_256,866,34,200,OK,PENDING_PAYMENT,3774.605
ample_256,867,35,200,OK,PENDING_PAYMENT,3752.956
ample_256,868,36,200,OK,PENDING_PAYMENT,3763.652
ample_256,869,37,200,OK,PENDING_PAYMENT,3752.163
ample_256,870,38,200,OK,PENDING_PAYMENT,3751.717
ample_256,871,39,200,OK,PENDING_PAYMENT,3752.378
ample_256,872,40,200,OK,PENDING_PAYMENT,3742.046
ample_256,873,41,200,OK,PENDING_PAYMENT,3786.463
ample_256,874,42,200,OK,PENDING_PAYMENT,3771.368
ample_256,875,43,200,OK,PENDING_PAYMENT,3758.230
ample_256,876,44,200,OK,PENDING_PAYMENT,3768.609
ample_256,877,45,200,OK,PENDING_PAYMENT,3753.077
ample_256,878,46,200,OK,PENDING_PAYMENT,3754.013
ample_256,879,47,200,OK,PENDING_PAYMENT,3757.171
ample_256,880,48,200,OK,PENDING_PAYMENT,3744.291
ample_256,881,49,200,OK,PENDING_PAYMENT,3736.030
ample_256,882,50,200,OK,PENDING_PAYMENT,3745.585
ample_256,883,51,200,OK,PENDING_PAYMENT,3732.343
ample_256,884,52,200,OK,PENDING_PAYMENT,3745.643
ample_256,885,53,200,OK,PENDING_PAYMENT,3732.020
ample_256,886,54,200,OK,PENDING_PAYMENT,3720.565
ample_256,887,55,200,OK,PENDING_PAYMENT,3712.058
ample_256,888,56,200,OK,PENDING_PAYMENT,3700.865
ample_256,889,57,200,OK,PENDING_PAYMENT,3688.917
ample_256,890,58,200,OK,PENDING_PAYMENT,3685.072
ample_256,891,59,200,OK,PENDING_PAYMENT,3676.568
ample_256,892,60,200,OK,PENDING_PAYMENT,3691.237
ample_256,893,61,200,OK,PENDING_PAYMENT,3677.575
ample_256,894,62,200,OK,PENDING_PAYMENT,3691.179
ample_256,895,63,200,OK,PENDING_PAYMENT,3693.017
ample_256,896,0,200,OK,PENDING_PAYMENT,3693.119
ample_256,897,1,200,OK,PENDING_PAYMENT,3680.720
ample_256,898,2,200,OK,PENDING_PAYMENT,3672.699
ample_256,899,3,200,OK,PENDING_PAYMENT,3673.094
ample_256,900,4,200,OK,PENDING_PAYMENT,3670.166
ample_256,901,5,200,OK,PENDING_PAYMENT,3658.664
ample_256,902,6,200,OK,PENDING_PAYMENT,3673.485
ample_256,903,7,200,OK,PENDING_PAYMENT,3673.813
ample_256,904,8,200,OK,PENDING_PAYMENT,3673.302
ample_256,905,9,200,OK,PENDING_PAYMENT,3664.268
ample_256,906,10,200,OK,PENDING_PAYMENT,3669.384
ample_256,907,11,200,OK,PENDING_PAYMENT,3671.602
ample_256,908,12,200,OK,PENDING_PAYMENT,3683.140
ample_256,910,14,200,OK,PENDING_PAYMENT,3670.160
ample_256,909,13,200,OK,PENDING_PAYMENT,3697.772
ample_256,911,15,200,OK,PENDING_PAYMENT,3684.079
ample_256,912,16,200,OK,PENDING_PAYMENT,3690.132
ample_256,913,17,200,OK,PENDING_PAYMENT,3680.490
ample_256,914,18,200,OK,PENDING_PAYMENT,3668.754
ample_256,915,19,200,OK,PENDING_PAYMENT,3666.919
ample_256,916,20,200,OK,PENDING_PAYMENT,3666.578
ample_256,917,21,200,OK,PENDING_PAYMENT,3657.661
ample_256,919,23,200,OK,PENDING_PAYMENT,3630.854
ample_256,920,24,200,OK,PENDING_PAYMENT,3621.016
ample_256,918,22,200,OK,PENDING_PAYMENT,3667.864
ample_256,921,25,200,OK,PENDING_PAYMENT,3627.823
ample_256,922,26,200,OK,PENDING_PAYMENT,3625.257
ample_256,923,27,200,OK,PENDING_PAYMENT,3628.883
ample_256,924,28,200,OK,PENDING_PAYMENT,3627.292
ample_256,925,29,200,OK,PENDING_PAYMENT,3627.415
ample_256,926,30,200,OK,PENDING_PAYMENT,3633.337
ample_256,927,31,200,OK,PENDING_PAYMENT,3624.149
ample_256,928,32,200,OK,PENDING_PAYMENT,3632.476
ample_256,929,33,200,OK,PENDING_PAYMENT,3626.330
ample_256,930,34,200,OK,PENDING_PAYMENT,3619.704
ample_256,931,35,200,OK,PENDING_PAYMENT,3635.423
ample_256,932,36,200,OK,PENDING_PAYMENT,3627.609
ample_256,934,38,200,OK,PENDING_PAYMENT,3623.546
ample_256,933,37,200,OK,PENDING_PAYMENT,3645.592
ample_256,935,39,200,OK,PENDING_PAYMENT,3636.825
ample_256,936,40,200,OK,PENDING_PAYMENT,3621.358
ample_256,937,41,200,OK,PENDING_PAYMENT,3620.601
ample_256,938,42,200,OK,PENDING_PAYMENT,3618.228
ample_256,939,43,200,OK,PENDING_PAYMENT,3614.081
ample_256,940,44,200,OK,PENDING_PAYMENT,3610.832
ample_256,941,45,200,OK,PENDING_PAYMENT,3605.014
ample_256,942,46,200,OK,PENDING_PAYMENT,3602.643
ample_256,943,47,200,OK,PENDING_PAYMENT,3600.283
ample_256,944,48,200,OK,PENDING_PAYMENT,3603.013
ample_256,945,49,200,OK,PENDING_PAYMENT,3599.691
ample_256,946,50,200,OK,PENDING_PAYMENT,3599.771
ample_256,947,51,200,OK,PENDING_PAYMENT,3594.480
ample_256,948,52,200,OK,PENDING_PAYMENT,3594.437
ample_256,949,53,200,OK,PENDING_PAYMENT,3603.144
ample_256,950,54,200,OK,PENDING_PAYMENT,3584.294
ample_256,951,55,200,OK,PENDING_PAYMENT,3587.990
ample_256,952,56,200,OK,PENDING_PAYMENT,3582.543
ample_256,953,57,200,OK,PENDING_PAYMENT,3565.340
ample_256,954,58,200,OK,PENDING_PAYMENT,3556.403
ample_256,955,59,200,OK,PENDING_PAYMENT,3553.722
ample_256,956,60,200,OK,PENDING_PAYMENT,3544.186
ample_256,957,61,200,OK,PENDING_PAYMENT,3547.844
ample_256,958,62,200,OK,PENDING_PAYMENT,3547.203
ample_256,959,63,200,OK,PENDING_PAYMENT,3538.036
ample_256,960,0,200,OK,PENDING_PAYMENT,3534.659
ample_256,961,1,200,OK,PENDING_PAYMENT,3535.712
ample_256,962,2,200,OK,PENDING_PAYMENT,3528.338
ample_256,963,3,200,OK,PENDING_PAYMENT,3519.815
ample_256,964,4,200,OK,PENDING_PAYMENT,3532.162
ample_256,965,5,200,OK,PENDING_PAYMENT,3519.516
ample_256,966,6,200,OK,PENDING_PAYMENT,3534.722
ample_256,967,7,200,OK,PENDING_PAYMENT,3527.713
ample_256,968,8,200,OK,PENDING_PAYMENT,3532.287
ample_256,969,9,200,OK,PENDING_PAYMENT,3525.790
ample_256,970,10,200,OK,PENDING_PAYMENT,3523.874
ample_256,971,11,200,OK,PENDING_PAYMENT,3520.101
ample_256,972,12,200,OK,PENDING_PAYMENT,3517.112
ample_256,973,13,200,OK,PENDING_PAYMENT,3508.528
ample_256,974,14,200,OK,PENDING_PAYMENT,3508.625
ample_256,975,15,200,OK,PENDING_PAYMENT,3496.931
ample_256,977,17,200,OK,PENDING_PAYMENT,3477.266
ample_256,976,16,200,OK,PENDING_PAYMENT,3501.811
ample_256,978,18,200,OK,PENDING_PAYMENT,3487.167
ample_256,980,20,200,OK,PENDING_PAYMENT,3467.654
ample_256,979,19,200,OK,PENDING_PAYMENT,3497.002
ample_256,981,21,200,OK,PENDING_PAYMENT,3469.537
ample_256,982,22,200,OK,PENDING_PAYMENT,3464.234
ample_256,983,23,200,OK,PENDING_PAYMENT,3454.933
ample_256,984,24,200,OK,PENDING_PAYMENT,3475.666
ample_256,985,25,200,OK,PENDING_PAYMENT,3465.828
ample_256,986,26,200,OK,PENDING_PAYMENT,3486.826
ample_256,987,27,200,OK,PENDING_PAYMENT,3497.073
ample_256,988,28,200,OK,PENDING_PAYMENT,3486.750
ample_256,989,29,200,OK,PENDING_PAYMENT,3489.006
ample_256,990,30,200,OK,PENDING_PAYMENT,3495.766
ample_256,991,31,200,OK,PENDING_PAYMENT,3495.035
ample_256,992,32,200,OK,PENDING_PAYMENT,3479.308
ample_256,993,33,200,OK,PENDING_PAYMENT,3486.699
ample_256,995,35,200,OK,PENDING_PAYMENT,3463.912
ample_256,994,34,200,OK,PENDING_PAYMENT,3490.963
ample_256,996,36,200,OK,PENDING_PAYMENT,3481.281
ample_256,997,37,200,OK,PENDING_PAYMENT,3473.036
ample_256,998,38,200,OK,PENDING_PAYMENT,3463.803
ample_256,999,39,200,OK,PENDING_PAYMENT,3450.348
scarce,11,11,200,OK,PENDING_PAYMENT,312.302
scarce,16,16,200,OK,PENDING_PAYMENT,390.663
scarce,13,13,200,OK,PENDING_PAYMENT,407.590
scarce,4,4,200,OK,PENDING_PAYMENT,440.035
scarce,23,23,200,OK,PENDING_PAYMENT,486.984
scarce,14,14,200,OK,PENDING_PAYMENT,525.051
scarce,8,8,200,OK,PENDING_PAYMENT,555.258
scarce,5,5,200,OK,PENDING_PAYMENT,586.448
scarce,34,34,200,OK,PENDING_PAYMENT,609.536
scarce,51,51,200,OK,PENDING_PAYMENT,617.494
scarce,12,12,200,OK,PENDING_PAYMENT,661.108
scarce,9,9,200,OK,PENDING_PAYMENT,661.487
scarce,17,17,200,OK,PENDING_PAYMENT,680.253
scarce,7,7,200,OK,PENDING_PAYMENT,680.531
scarce,74,10,200,OK,PENDING_PAYMENT,676.934
scarce,6,6,200,OK,PENDING_PAYMENT,721.019
scarce,15,15,200,OK,PENDING_PAYMENT,743.819
scarce,89,25,200,OK,PENDING_PAYMENT,739.568
scarce,1,1,200,OK,PENDING_PAYMENT,782.896
scarce,44,44,200,OK,PENDING_PAYMENT,780.285
scarce,67,3,200,OK,PENDING_PAYMENT,779.476
scarce,19,19,200,OK,PENDING_PAYMENT,798.925
scarce,25,25,200,OK,PENDING_PAYMENT,809.051
scarce,124,60,200,OK,PENDING_PAYMENT,798.265
scarce,2,2,200,OK,PENDING_PAYMENT,814.530
scarce,49,49,200,OK,PENDING_PAYMENT,827.853
scarce,10,10,200,OK,PENDING_PAYMENT,830.599
scarce,18,18,200,OK,PENDING_PAYMENT,839.750
scarce,86,22,200,OK,PENDING_PAYMENT,847.814
scarce,106,42,200,OK,PENDING_PAYMENT,855.759
scarce,108,44,200,OK,PENDING_PAYMENT,855.367
scarce,48,48,200,OK,PENDING_PAYMENT,860.219
scarce,150,22,200,OK,PENDING_PAYMENT,857.311
scarce,129,1,200,OK,PENDING_PAYMENT,860.846
scarce,61,61,200,OK,PENDING_PAYMENT,884.489
scarce,20,20,200,OK,PENDING_PAYMENT,887.364
scarce,32,32,200,OK,PENDING_PAYMENT,900.530
scarce,47,47,200,OK,PENDING_PAYMENT,928.290
scarce,155,27,200,OK,PENDING_PAYMENT,904.819
scarce,22,22,200,OK,PENDING_PAYMENT,931.954
scarce,31,31,200,OK,PENDING_PAYMENT,935.027
scarce,29,29,200,OK,PENDING_PAYMENT,949.703
scarce,170,42,200,OK,PENDING_PAYMENT,920.412
scarce,39,39,200,OK,PENDING_PAYMENT,952.050
scarce,84,20,200,OK,PENDING_PAYMENT,969.312
scarce,172,44,200,OK,PENDING_PAYMENT,938.841
scarce,80,16,200,OK,PENDING_PAYMENT,983.463
scarce,45,45,200,OK,PENDING_PAYMENT,1008.461
scarce,27,27,200,OK,PENDING_PAYMENT,1010.611
scarce,109,45,200,OK,PENDING_PAYMENT,1022.233
scarce,103,39,200,OK,PENDING_PAYMENT,1023.923
scarce,180,52,200,OK,PENDING_PAYMENT,1016.123
scarce,192,0,200,OK,PENDING_PAYMENT,1035.660
scarce,62,62,200,OK,PENDING_PAYMENT,1070.474
scarce,69,5,200,OK,PENDING_PAYMENT,1089.903
scarce,60,60,200,OK,PENDING_PAYMENT,1091.320
scarce,59,59,200,OK,PENDING_PAYMENT,1092.553
scarce,55,55,200,OK,PENDING_PAYMENT,1107.506
scarce,71,7,200,OK,PENDING_PAYMENT,1119.680
scarce,0,0,200,OK,PENDING_PAYMENT,1123.662
scarce,123,59,200,OK,PENDING_PAYMENT,1119.855
scarce,78,14,200,OK,PENDING_PAYMENT,1144.116
scarce,200,8,200,OK,PENDING_PAYMENT,1127.945
scarce,107,43,200,OK,PENDING_PAYMENT,1180.397
scarce,102,38,200,OK,PENDING_PAYMENT,1194.696
scarce,121,57,200,OK,PENDING_PAYMENT,1201.698
scarce,105,41,200,OK,PENDING_PAYMENT,1222.882
scarce,87,23,200,OK,PENDING_PAYMENT,1241.146
scarce,119,55,200,OK,PENDING_PAYMENT,1253.541
scarce,76,12,200,OK,PENDING_PAYMENT,1266.994
scarce,131,3,200,OK,PENDING_PAYMENT,1264.943
scarce,120,56,200,OK,PENDING_PAYMENT,1281.338
scarce,43,43,200,OK,PENDING_PAYMENT,1313.279
scarce,88,24,200,OK,PENDING_PAYMENT,1332.055
scarce,137,9,200,OK,PENDING_PAYMENT,1320.076
scarce,46,46,200,OK,PENDING_PAYMENT,1356.659
scarce,138,10,200,OK,PENDING_PAYMENT,1345.097
scarce,158,30,200,OK,PENDING_PAYMENT,1359.913
scarce,162,34,200,OK,PENDING_PAYMENT,1373.136
scarce,93,29,200,OK,PENDING_PAYMENT,1413.915
scarce,151,23,200,OK,PENDING_PAYMENT,1400.777
scarce,167,39,200,OK,PENDING_PAYMENT,1412.643
scarce,91,27,200,OK,PENDING_PAYMENT,1456.308
scarce,96,32,200,OK,PENDING_PAYMENT,1465.329
scarce,169,41,200,OK,PENDING_PAYMENT,1450.312
scarce,83,19,200,OK,PENDING_PAYMENT,1498.151
scarce,163,35,200,OK,PENDING_PAYMENT,1514.428
scarce,196,4,200,OK,PENDING_PAYMENT,1535.145
scarce,187,59,200,OK,PENDING_PAYMENT,1536.486
scarce,110,46,200,OK,PENDING_PAYMENT,1593.073
scarce,100,36,200,OK,PENDING_PAYMENT,1613.052
scarce,70,6,200,OK,PENDING_PAYMENT,1619.076
scarce,194,2,200,OK,PENDING_PAYMENT,1608.172
scarce,125,61,200,OK,PENDING_PAYMENT,1635.982
scarce,26,26,200,OK,PENDING_PAYMENT,1670.461
scarce,113,49,200,OK,PENDING_PAYMENT,1687.882
scarce,114,50,200,OK,PENDING_PAYMENT,1696.175
scarce,104,40,200,OK,PENDING_PAYMENT,1721.760
scarce,3,3,200,OK,PENDING_PAYMENT,1748.336
scarce,37,37,200,OK,PENDING_PAYMENT,1761.830
scarce,127,63,200,OK,CREATE_FAILED,1800.047
scarce,171,43,200,OK,CREATE_FAILED,1786.807
scarce,166,38,200,OK,CREATE_FAILED,1788.867
scarce,175,47,200,OK,CREATE_FAILED,1813.058
scarce,101,37,200,OK,CREATE_FAILED,1841.934
scarce,182,54,200,OK,CREATE_FAILED,1811.883
scarce,41,41,200,OK,CREATE_FAILED,1846.842
scarce,168,40,200,OK,CREATE_FAILED,1827.801
scarce,42,42,200,OK,CREATE_FAILED,1860.033
scarce,154,26,200,OK,CREATE_FAILED,1847.646
scarce,122,58,200,OK,CREATE_FAILED,1857.714
scarce,164,36,200,OK,CREATE_FAILED,1844.759
scarce,21,21,200,OK,CREATE_FAILED,1874.547
scarce,75,11,200,OK,CREATE_FAILED,1871.426
scarce,178,50,200,OK,CREATE_FAILED,1839.739
scarce,53,53,200,OK,CREATE_FAILED,1885.885
scarce,73,9,200,OK,CREATE_FAILED,1895.678
scarce,28,28,200,OK,CREATE_FAILED,1898.513
scarce,130,2,200,OK,CREATE_FAILED,1878.262
scarce,118,54,200,OK,CREATE_FAILED,1887.551
scarce,135,7,200,OK,CREATE_FAILED,1878.091
scarce,149,21,200,OK,CREATE_FAILED,1883.759
scarce,95,31,200,OK,CREATE_FAILED,1917.824
scarce,82,18,200,OK,CREATE_FAILED,1918.816
scarce,66,2,200,OK,CREATE_FAILED,1920.352
scarce,98,34,200,OK,CREATE_FAILED,1926.171
scarce,36,36,200,OK,CREATE_FAILED,1943.319
scarce,58,58,200,OK,CREATE_FAILED,1943.257
scarce,112,48,200,OK,CREATE_FAILED,1937.249
scarce,197,5,200,OK,CREATE_FAILED,1908.679
scarce,38,38,200,OK,CREATE_FAILED,1946.286
scarce,165,37,200,OK,CREATE_FAILED,1918.689
scarce,132,4,200,OK,CREATE_FAILED,1926.849
scarce,177,49,200,OK,CREATE_FAILED,1918.770
scarce,116,52,200,OK,CREATE_FAILED,1950.098
scarce,115,51,200,OK,CREATE_FAILED,1961.791
scarce,72,8,200,OK,CREATE_FAILED,1969.419
scarce,161,33,200,OK,CREATE_FAILED,1943.434
scarce,204,12,200,OK,CREATE_FAILED,1937.127
scarce,148,20,200,OK,CREATE_FAILED,1952.986
scarce,174,46,200,OK,CREATE_FAILED,1943.710
scarce,207,15,200,OK,CREATE_FAILED,1940.468
scarce,68,4,200,OK,CREATE_FAILED,1977.425
scarce,227,35,200,OK,CREATE_FAILED,1940.445
scarce,206,14,200,OK,CREATE_FAILED,1960.382
scarce,183,55,200,OK,CREATE_FAILED,1965.589
scarce,215,23,200,OK,CREATE_FAILED,1962.491
scarce,176,48,200,OK,CREATE_FAILED,1968.534
scarce,97,33,200,OK,CREATE_FAILED,1998.790
scarce,201,9,200,OK,CREATE_FAILED,1966.065
scarce,147,19,200,OK,CREATE_FAILED,1981.651
scarce,224,32,200,OK,CREATE_FAILED,1965.970
scarce,181,53,200,OK,CREATE_FAILED,1971.465
scarce,157,29,200,OK,CREATE_FAILED,1982.315
scarce,156,28,200,OK,CREATE_FAILED,1984.263
scarce,195,3,200,OK,CREATE_FAILED,1999.540
scarce,202,10,200,OK,CREATE_FAILED,1999.113
scarce,186,58,200,OK,CREATE_FAILED,2001.284
scarce,145,17,200,OK,CREATE_FAILED,2013.866
scarce,54,54,200,OK,CREATE_FAILED,2035.813
scarce,152,24,200,OK,CREATE_FAILED,2013.402
scarce,141,13,200,OK,CREATE_FAILED,2015.060
scarce,159,31,200,OK,CREATE_FAILED,2009.700
scarce,153,25,200,OK,CREATE_FAILED,2014.431
scarce,221,29,200,OK,CREATE_FAILED,2003.609
scarce,219,27,200,OK,CREATE_FAILED,2003.772
scarce,179,51,200,OK,CREATE_FAILED,2027.937
scarce,225,33,200,OK,CREATE_FAILED,2021.988
scarce,198,6,200,OK,CREATE_FAILED,2026.305
scarce,185,57,200,OK,CREATE_FAILED,2028.028
scarce,111,47,200,OK,CREATE_FAILED,2057.309
scarce,56,56,200,OK,CREATE_FAILED,2063.212
scarce,140,12,200,OK,CREATE_FAILED,2043.364
scarce,133,5,200,OK,CREATE_FAILED,2046.644
scarce,24,24,200,OK,CREATE_FAILED,2070.417
scarce,81,17,200,OK,CREATE_FAILED,2068.402
scarce,236,44,200,OK,CREATE_FAILED,2030.080
scarce,243,51,200,OK,CREATE_FAILED,2034.420
scarce,142,14,200,OK,CREATE_FAILED,2064.288
scarce,90,26,200,OK,CREATE_FAILED,2083.249
scarce,57,57,200,OK,CREATE_FAILED,2085.638
scarce,209,17,200,OK,CREATE_FAILED,2049.692
scarce,146,18,200,OK,CREATE_FAILED,2065.165
scarce,245,53,200,OK,CREATE_FAILED,2047.733
scarce,257,1,200,OK,CREATE_FAILED,1721.981
scarce,143,15,200,OK,CREATE_FAILED,2088.777
scarce,239,47,200,OK,CREATE_FAILED,2069.115
scarce,210,18,200,OK,CREATE_FAILED,2072.042
scarce,251,59,200,OK,CREATE_FAILED,2068.065
scarce,255,63,200,OK,CREATE_FAILED,2067.567
scarce,247,55,200,OK,CREATE_FAILED,2068.568
scarce,240,48,200,OK,CREATE_FAILED,2069.444
scarce,144,16,200,OK,CREATE_FAILED,2090.617
scarce,263,7,200,OK,CREATE_FAILED,1558.456
scarce,213,21,200,OK,CREATE_FAILED,2104.050
scarce,212,20,200,OK,CREATE_FAILED,2104.461
scarce,33,33,200,OK,CREATE_FAILED,2144.064
scarce,267,11,200,OK,CREATE_FAILED,1511.371
scarce,189,61,200,OK,CREATE_FAILED,2155.227
scarce,270,14,200,OK,CREATE_FAILED,1512.391
scarce,273,17,200,OK,CREATE_FAILED,1448.416
scarce,64,0,200,OK,CREATE_FAILED,2196.829
scarce,277,21,200,OK,CREATE_FAILED,1443.068
scarce,94,30,200,OK,CREATE_FAILED,2292.437
scarce,208,16,200,OK,CREATE_FAILED,2258.114
scarce,288,32,200,OK,CREATE_FAILED,1416.057
scarce,214,22,200,OK,CREATE_FAILED,2257.718
scarce,128,0,200,OK,CREATE_FAILED,2277.611
scarce,290,34,200,OK,CREATE_FAILED,1412.980
scarce,226,34,200,OK,CREATE_FAILED,2269.223
scarce,211,19,200,OK,CREATE_FAILED,2280.431
scarce,92,28,200,OK,CREATE_FAILED,2316.267
scarce,99,35,200,OK,CREATE_FAILED,2317.078
scarce,52,52,200,OK,CREATE_FAILED,2341.526
scarce,295,39,200,OK,CREATE_FAILED,1411.763
scarce,229,37,200,OK,CREATE_FAILED,2301.902
scarce,160,32,200,OK,CREATE_FAILED,2330.648
scarce,253,61,200,OK,CREATE_FAILED,2323.030
scarce,184,56,200,OK,CREATE_FAILED,2330.883
scarce,234,42,200,OK,CREATE_FAILED,2325.173
scarce,191,63,200,OK,CREATE_FAILED,2330.566
scarce,256,0,200,OK,CREATE_FAILED,2056.518
scarce,203,11,200,OK,CREATE_FAILED,2331.746
scarce,65,1,200,OK,CREATE_FAILED,2383.364
scarce,77,13,200,OK,CREATE_FAILED,2382.717
scarce,262,6,200,OK,CREATE_FAILED,1831.479
scarce,193,1,200,OK,CREATE_FAILED,2349.195
scarce,258,2,200,OK,CREATE_FAILED,1985.777
scarce,271,15,200,OK,CREATE_FAILED,1672.743
scarce,269,13,200,OK,CREATE_FAILED,1713.173
scarce,136,8,200,OK,CREATE_FAILED,2383.693
scarce,205,13,200,OK,CREATE_FAILED,2374.724
scarce,223,31,200,OK,CREATE_FAILED,2373.426
scarce,85,21,200,OK,CREATE_FAILED,2410.296
scarce,63,63,200,OK,CREATE_FAILED,2411.822
scarce,230,38,200,OK,CREATE_FAILED,2372.613
scarce,238,46,200,OK,CREATE_FAILED,2372.134
scarce,228,36,200,OK,CREATE_FAILED,2394.628
scarce,272,16,200,OK,CREATE_FAILED,1693.330
scarce,232,40,200,OK,CREATE_FAILED,2397.523
scarce,276,20,200,OK,CREATE_FAILED,1657.956
scarce,289,33,200,OK,CREATE_FAILED,1558.246
scarce,217,25,200,OK,CREATE_FAILED,2399.771
scarce,282,26,200,OK,CREATE_FAILED,1610.399
scarce,293,37,200,OK,CREATE_FAILED,1533.062
scarce,281,25,200,OK,CREATE_FAILED,1633.445
scarce,286,30,200,OK,CREATE_FAILED,1601.397
scarce,279,23,200,OK,CREATE_FAILED,1650.002
scarce,79,15,200,OK,CREATE_FAILED,2460.377
scarce,291,35,200,OK,CREATE_FAILED,1596.085
scarce,306,50,200,OK,CREATE_FAILED,1453.613
scarce,249,57,200,OK,CREATE_FAILED,2439.981
scarce,296,40,200,OK,CREATE_FAILED,1548.362
scarce,299,43,200,OK,CREATE_FAILED,1530.726
scarce,292,36,200,OK,CREATE_FAILED,1583.002
scarce,297,41,200,OK,CREATE_FAILED,1533.995
scarce,250,58,200,OK,CREATE_FAILED,2456.793
scarce,233,41,200,OK,CREATE_FAILED,2463.723
scarce,50,50,200,OK,CREATE_FAILED,2503.835
scarce,254,62,200,OK,CREATE_FAILED,2461.287
scarce,314,58,200,OK,CREATE_FAILED,1384.054
scarce,139,11,200,OK,CREATE_FAILED,2501.864
scarce,261,5,200,OK,CREATE_FAILED,2002.625
scarce,260,4,200,OK,CREATE_FAILED,2039.674
scarce,265,9,200,OK,CREATE_FAILED,1909.950
scarce,199,7,200,OK,CREATE_FAILED,2493.391
scarce,188,60,200,OK,CREATE_FAILED,2521.327
scarce,266,10,200,OK,CREATE_FAILED,1897.732
scarce,268,12,200,OK,CREATE_FAILED,1878.776
scarce,274,18,200,OK,CREATE_FAILED,1805.882
scarce,275,19,200,OK,CREATE_FAILED,1811.613
scarce,216,24,200,OK,CREATE_FAILED,2555.813
scarce,231,39,200,OK,CREATE_FAILED,2555.556
scarce,284,28,200,OK,CREATE_FAILED,1745.621
scarce,222,30,200,OK,CREATE_FAILED,2619.790
scarce,173,45,200,OK,CREATE_FAILED,2626.130
scarce,248,56,200,OK,CREATE_FAILED,2629.900
scarce,362,42,200,OK,CREATE_FAILED,838.007
scarce,294,38,200,OK,CREATE_FAILED,1756.033
scarce,252,60,200,OK,CREATE_FAILED,2674.943
scarce,30,30,200,OK,CREATE_FAILED,2718.484
scarce,369,49,200,OK,CREATE_FAILED,873.288
scarce,264,8,200,OK,CREATE_FAILED,2137.739
scarce,117,53,200,OK,CREATE_FAILED,2745.110
scarce,237,45,200,OK,CREATE_FAILED,2721.071
scarce,259,3,200,OK,CREATE_FAILED,2324.186
scarce,40,40,200,OK,CREATE_FAILED,2761.976
scarce,242,50,200,OK,CREATE_FAILED,2740.119
scarce,235,43,200,OK,CREATE_FAILED,2741.198
scarce,354,34,200,OK,CREATE_FAILED,1054.255
scarce,218,26,200,OK,CREATE_FAILED,2762.274
scarce,241,49,200,OK,CREATE_FAILED,2788.974
scarce,278,22,200,OK,CREATE_FAILED,2023.063
scarce,383,63,200,OK,CREATE_FAILED,887.867
scarce,321,1,200,OK,CREATE_FAILED,1618.626
scarce,35,35,200,OK,CREATE_FAILED,2853.181
scarce,313,57,200,OK,CREATE_FAILED,1745.153
scarce,357,37,200,OK,CREATE_FAILED,1036.714
scarce,398,14,200,OK,CREATE_FAILED,877.491
scarce,311,55,200,OK,CREATE_FAILED,1764.156
scarce,438,54,200,OK,CREATE_FAILED,817.854
scarce,301,45,200,OK,CREATE_FAILED,1934.018
scarce,337,17,200,OK,CREATE_FAILED,1466.042
scarce,126,62,200,OK,CREATE_FAILED,2909.443
scarce,317,61,200,OK,CREATE_FAILED,1783.407
scarce,374,54,200,OK,CREATE_FAILED,1032.593
scarce,190,62,200,OK,CREATE_FAILED,2913.897
scarce,287,31,200,OK,CREATE_FAILED,2107.935
scarce,462,14,200,OK,CREATE_FAILED,693.014
scarce,283,27,200,OK,CREATE_FAILED,2153.025
scarce,298,42,200,OK,CREATE_FAILED,2063.801
scarce,330,10,200,OK,CREATE_FAILED,1675.064
scarce,280,24,200,OK,CREATE_FAILED,2205.599
scarce,358,38,200,OK,CREATE_FAILED,1199.591
scarce,368,48,200,OK,CREATE_FAILED,1147.341
scarce,220,28,200,OK,CREATE_FAILED,2998.695
scarce,336,16,200,OK,CREATE_FAILED,1614.139
scarce,246,54,200,OK,CREATE_FAILED,2996.051
scarce,312,56,200,OK,CREATE_FAILED,1945.707
scarce,341,21,200,OK,CREATE_FAILED,1572.531
scarce,318,62,200,OK,CREATE_FAILED,1908.850
scarce,408,24,200,OK,CREATE_FAILED,1067.801
scarce,307,51,200,OK,CREATE_FAILED,2061.827
scarce,344,24,200,OK,CREATE_FAILED,1563.183
scarce,322,2,200,OK,CREATE_FAILED,1925.485
scarce,381,61,200,OK,CREATE_FAILED,1227.794
scarce,309,53,200,OK,CREATE_FAILED,2088.058
scarce,449,1,200,OK,CREATE_FAILED,1018.049
scarce,382,62,200,OK,CREATE_FAILED,1218.242
scarce,348,28,200,OK,CREATE_FAILED,1517.517
scarce,378,58,200,OK,CREATE_FAILED,1241.380
scarce,395,11,200,OK,CREATE_FAILED,1186.403
scarce,328,8,200,OK,CREATE_FAILED,1872.066
scarce,332,12,200,OK,CREATE_FAILED,1819.228
scarce,397,13,200,OK,CREATE_FAILED,1239.789
scarce,331,11,200,OK,CREATE_FAILED,1883.110
scarce,339,19,200,OK,CREATE_FAILED,1771.666
scarce,302,46,200,OK,CREATE_FAILED,2256.437
scarce,399,15,200,OK,CREATE_FAILED,1261.789
scarce,367,47,200,OK,CREATE_FAILED,1370.519
scarce,379,59,200,OK,CREATE_FAILED,1339.634
scarce,319,63,200,OK,CREATE_FAILED,2075.803
scarce,342,22,200,OK,CREATE_FAILED,1719.272
scarce,474,26,200,OK,CREATE_FAILED,895.793
scarce,376,56,200,OK,CREATE_FAILED,1363.969
scarce,366,46,200,OK,CREATE_FAILED,1408.450
scarce,385,1,200,OK,CREATE_FAILED,1345.206
scarce,418,34,200,OK,CREATE_FAILED,1253.563
scarce,353,33,200,OK,CREATE_FAILED,1565.100
scarce,323,3,200,OK,CREATE_FAILED,2070.526
scarce,391,7,200,OK,CREATE_FAILED,1343.914
scarce,352,32,200,OK,CREATE_FAILED,1610.802
scarce,389,5,200,OK,CREATE_FAILED,1362.796
scarce,356,36,200,OK,CREATE_FAILED,1514.201
scarce,422,38,200,OK,CREATE_FAILED,1271.740
scarce,329,9,200,OK,CREATE_FAILED,2005.196
scarce,463,15,200,OK,CREATE_FAILED,1069.036
scarce,360,40,200,OK,CREATE_FAILED,1519.813
scarce,394,10,200,OK,CREATE_FAILED,1391.565
scarce,326,6,200,OK,CREATE_FAILED,2083.423
scarce,244,52,200,OK,CREATE_FAILED,3326.528
scarce,402,18,200,OK,CREATE_FAILED,1386.796
scarce,370,50,200,OK,CREATE_FAILED,1558.206
scarce,335,15,200,OK,CREATE_FAILED,2015.463
scarce,346,26,200,OK,CREATE_FAILED,1844.653
scarce,456,8,200,OK,CREATE_FAILED,1286.207
scarce,345,25,200,OK,CREATE_FAILED,1878.712
scarce,304,48,200,OK,CREATE_FAILED,2469.910
scarce,285,29,200,OK,CREATE_FAILED,2630.989
scarce,347,27,200,OK,CREATE_FAILED,1872.741
scarce,300,44,200,OK,CREATE_FAILED,2522.052
scarce,325,5,200,OK,CREATE_FAILED,2242.455
scarce,421,37,200,OK,CREATE_FAILED,1480.979
scarce,459,11,200,OK,CREATE_FAILED,1235.422
scarce,464,16,200,OK,CREATE_FAILED,1248.303
scarce,308,52,200,OK,CREATE_FAILED,2475.303
scarce,437,53,200,OK,CREATE_FAILED,1473.197
scarce,492,44,200,OK,CREATE_FAILED,1161.249
scarce,472,24,200,OK,CREATE_FAILED,1216.379
scarce,436,52,200,OK,CREATE_FAILED,1487.940
scarce,334,14,200,OK,CREATE_FAILED,2174.939
scarce,494,46,200,OK,CREATE_FAILED,1160.643
scarce,440,56,200,OK,CREATE_FAILED,1491.604
scarce,445,61,200,OK,CREATE_FAILED,1491.647
scarce,316,60,200,OK,CREATE_FAILED,2468.899
scarce,324,4,200,OK,CREATE_FAILED,2361.657
scarce,303,47,200,OK,CREATE_FAILED,2618.458
scarce,477,29,200,OK,CREATE_FAILED,1260.645
scarce,451,3,200,OK,CREATE_FAILED,1484.296
scarce,390,6,200,OK,CREATE_FAILED,1691.675
scarce,411,27,200,OK,CREATE_FAILED,1615.496
scarce,305,49,200,OK,CREATE_FAILED,2624.029
scarce,384,0,200,OK,CREATE_FAILED,1713.887
scarce,503,55,200,OK,CREATE_FAILED,1218.343
scarce,501,53,200,OK,CREATE_FAILED,1234.465
scarce,393,9,200,OK,CREATE_FAILED,1731.299
scarce,333,13,200,OK,CREATE_FAILED,2316.893
scarce,134,6,200,OK,CREATE_FAILED,3683.251
scarce,467,19,200,OK,CREATE_FAILED,1399.425
scarce,359,39,200,OK,CREATE_FAILED,1873.166
scarce,423,39,200,OK,CREATE_FAILED,1659.264
scarce,426,42,200,OK,CREATE_FAILED,1657.355
scarce,371,51,200,OK,CREATE_FAILED,1875.989
scarce,491,43,200,OK,CREATE_FAILED,1355.087
scarce,478,30,200,OK,CREATE_FAILED,1435.269
scarce,475,27,200,OK,CREATE_FAILED,1438.549
scarce,452,4,200,OK,CREATE_FAILED,1684.805
scarce,415,31,200,OK,CREATE_FAILED,1791.608
scarce,380,60,200,OK,CREATE_FAILED,1906.686
scarce,417,33,200,OK,CREATE_FAILED,1793.143
scarce,386,2,200,OK,CREATE_FAILED,1893.825
scarce,458,10,200,OK,CREATE_FAILED,1599.468
scarce,349,29,200,OK,CREATE_FAILED,2210.747
scarce,396,12,200,OK,CREATE_FAILED,1884.516
scarce,351,31,200,OK,CREATE_FAILED,2166.039
scarce,400,16,200,OK,CREATE_FAILED,1881.822
scarce,424,40,200,OK,CREATE_FAILED,1818.001
scarce,310,54,200,OK,CREATE_FAILED,2790.885
scarce,470,22,200,OK,CREATE_FAILED,1639.383
scarce,364,44,200,OK,CREATE_FAILED,2121.495
scarce,428,44,200,OK,CREATE_FAILED,1917.156
scarce,469,21,200,OK,CREATE_FAILED,1639.955
scarce,466,18,200,OK,CREATE_FAILED,1663.341
scarce,550,38,200,OK,CREATE_FAILED,1171.288
scarce,508,60,200,OK,CREATE_FAILED,1522.125
scarce,343,23,200,OK,CREATE_FAILED,2433.899
scarce,375,55,200,OK,CREATE_FAILED,2107.346
scarce,495,47,200,OK,CREATE_FAILED,1568.864
scarce,444,60,200,OK,CREATE_FAILED,1896.951
scarce,498,50,200,OK,CREATE_FAILED,1589.214
scarce,377,57,200,OK,CREATE_FAILED,2122.458
scarce,419,35,200,OK,CREATE_FAILED,1991.597
scarce,448,0,200,OK,CREATE_FAILED,1916.776
scarce,388,4,200,OK,CREATE_FAILED,2114.194
scarce,482,34,200,OK,CREATE_FAILED,1675.365
scarce,454,6,200,OK,CREATE_FAILED,1885.688
scarce,541,29,200,OK,CREATE_FAILED,1331.001
scarce,518,6,200,OK,CREATE_FAILED,1567.383
scarce,327,7,200,OK,CREATE_FAILED,2799.074
scarce,425,41,200,OK,CREATE_FAILED,2046.903
scarce,465,17,200,OK,CREATE_FAILED,1801.228
scarce,355,35,200,OK,CREATE_FAILED,2349.590
scarce,429,45,200,OK,CREATE_FAILED,2044.325
scarce,488,40,200,OK,CREATE_FAILED,1698.447
scarce,486,38,200,OK,CREATE_FAILED,1706.984
scarce,504,56,200,OK,CREATE_FAILED,1656.461
scarce,363,43,200,OK,CREATE_FAILED,2272.310
scarce,430,46,200,OK,CREATE_FAILED,2071.395
scarce,372,52,200,OK,CREATE_FAILED,2249.862
scarce,528,16,200,OK,CREATE_FAILED,1551.451
scarce,511,63,200,OK,CREATE_FAILED,1684.436
scarce,373,53,200,OK,CREATE_FAILED,2270.728
scarce,531,19,200,OK,CREATE_FAILED,1511.232
scarce,439,55,200,OK,CREATE_FAILED,2080.460
scarce,443,59,200,OK,CREATE_FAILED,2059.609
scarce,338,18,200,OK,CREATE_FAILED,2714.806
scarce,534,22,200,OK,CREATE_FAILED,1489.528
scarce,496,48,200,OK,CREATE_FAILED,1735.907
scarce,409,25,200,OK,CREATE_FAILED,2187.568
scarce,441,57,200,OK,CREATE_FAILED,2083.978
scarce,405,21,200,OK,CREATE_FAILED,2191.638
scarce,455,7,200,OK,CREATE_FAILED,2004.057
scarce,513,1,200,OK,CREATE_FAILED,1690.601
scarce,559,47,200,OK,CREATE_FAILED,1267.669
scarce,557,45,200,OK,CREATE_FAILED,1289.311
scarce,476,28,200,OK,CREATE_FAILED,1829.013
scarce,420,36,200,OK,CREATE_FAILED,2153.670
scarce,517,5,200,OK,CREATE_FAILED,1692.017
scarce,540,28,200,OK,CREATE_FAILED,1464.253
scarce,542,30,200,OK,CREATE_FAILED,1470.132
scarce,461,13,200,OK,CREATE_FAILED,1936.591
scarce,490,42,200,OK,CREATE_FAILED,1832.051
scarce,387,3,200,OK,CREATE_FAILED,2298.341
scarce,315,59,200,OK,CREATE_FAILED,3135.464
scarce,516,4,200,OK,CREATE_FAILED,1753.028
scarce,484,36,200,OK,CREATE_FAILED,1866.600
scarce,548,36,200,OK,CREATE_FAILED,1448.456
scarce,522,10,200,OK,CREATE_FAILED,1723.448
scarce,468,20,200,OK,CREATE_FAILED,1973.324
scarce,432,48,200,OK,CREATE_FAILED,2223.612
scarce,471,23,200,OK,CREATE_FAILED,1952.410
scarce,406,22,200,OK,CREATE_FAILED,2292.459
scarce,526,14,200,OK,CREATE_FAILED,1704.667
scarce,524,12,200,OK,CREATE_FAILED,1739.857
scarce,527,15,200,OK,CREATE_FAILED,1702.395
scarce,530,18,200,OK,CREATE_FAILED,1653.631
scarce,515,3,200,OK,CREATE_FAILED,1808.693
scarce,446,62,200,OK,CREATE_FAILED,2211.116
scarce,499,51,200,OK,CREATE_FAILED,1883.159
scarce,554,42,200,OK,CREATE_FAILED,1466.022
scarce,512,0,200,OK,CREATE_FAILED,1822.855
scarce,532,20,200,OK,CREATE_FAILED,1650.976
scarce,410,26,200,OK,CREATE_FAILED,2315.616
scarce,537,25,200,OK,CREATE_FAILED,1598.219
scarce,519,7,200,OK,CREATE_FAILED,1829.131
scarce,392,8,200,OK,CREATE_FAILED,2384.491
scarce,350,30,200,OK,CREATE_FAILED,2691.186
scarce,583,7,200,OK,CREATE_FAILED,1212.533
scarce,481,33,200,OK,CREATE_FAILED,1993.190
scarce,502,54,200,OK,CREATE_FAILED,1916.173
scarce,412,28,200,OK,CREATE_FAILED,2342.508
scarce,431,47,200,OK,CREATE_FAILED,2328.590
scarce,565,53,200,OK,CREATE_FAILED,1433.371
scarce,506,58,200,OK,CREATE_FAILED,1949.160
scarce,401,17,200,OK,CREATE_FAILED,2430.637
scarce,407,23,200,OK,CREATE_FAILED,2425.784
scarce,507,59,200,OK,CREATE_FAILED,1950.126
scarce,404,20,200,OK,CREATE_FAILED,2454.321
scarce,320,0,200,OK,CREATE_FAILED,3258.146
scarce,473,25,200,OK,CREATE_FAILED,2150.892
scarce,553,41,200,OK,CREATE_FAILED,1660.814
scarce,340,20,200,OK,CREATE_FAILED,3035.256
scarce,453,5,200,OK,CREATE_FAILED,2346.610
scarce,414,30,200,OK,CREATE_FAILED,2484.310
scarce,555,43,200,OK,CREATE_FAILED,1673.383
scarce,533,21,200,OK,CREATE_FAILED,1881.272
scarce,619,43,200,OK,CREATE_FAILED,1133.821
scarce,536,24,200,OK,CREATE_FAILED,1848.787
scarce,573,61,200,OK,CREATE_FAILED,1529.181
scarce,361,41,200,OK,CREATE_FAILED,2720.818
scarce,577,1,200,OK,CREATE_FAILED,1518.777
scarce,580,4,200,OK,CREATE_FAILED,1440.535
scarce,562,50,200,OK,CREATE_FAILED,1643.976
scarce,520,8,200,OK,CREATE_FAILED,2065.834
scarce,479,31,200,OK,CREATE_FAILED,2211.047
scarce,435,51,200,OK,CREATE_FAILED,2535.778
scarce,487,39,200,OK,CREATE_FAILED,2209.858
scarce,569,57,200,OK,CREATE_FAILED,1603.598
scarce,433,49,200,OK,CREATE_FAILED,2546.086
scarce,521,9,200,OK,CREATE_FAILED,2092.045
scarce,567,55,200,OK,CREATE_FAILED,1606.641
scarce,523,11,200,OK,CREATE_FAILED,2070.651
scarce,586,10,200,OK,CREATE_FAILED,1465.558
scarce,587,11,200,OK,CREATE_FAILED,1474.237
scarce,549,37,200,OK,CREATE_FAILED,1804.549
scarce,631,55,200,OK,CREATE_FAILED,1102.523
scarce,525,13,200,OK,CREATE_FAILED,2062.776
scarce,365,45,200,OK,CREATE_FAILED,2792.558
scarce,529,17,200,OK,CREATE_FAILED,2067.788
scarce,615,39,200,OK,CREATE_FAILED,1342.675
scarce,556,44,200,OK,CREATE_FAILED,1826.625
scarce,497,49,200,OK,CREATE_FAILED,2293.899
scarce,480,32,200,OK,CREATE_FAILED,2349.321
scarce,558,46,200,OK,CREATE_FAILED,1824.616
scarce,601,25,200,OK,CREATE_FAILED,1456.505
scarce,427,43,200,OK,CREATE_FAILED,2710.652
scarce,483,35,200,OK,CREATE_FAILED,2383.240
scarce,547,35,200,OK,CREATE_FAILED,1967.513
scarce,543,31,200,OK,CREATE_FAILED,2016.390
scarce,626,50,200,OK,CREATE_FAILED,1304.508
scarce,581,5,200,OK,CREATE_FAILED,1654.017
scarce,489,41,200,OK,CREATE_FAILED,2399.242
scarce,570,58,200,OK,CREATE_FAILED,1799.139
scarce,568,56,200,OK,CREATE_FAILED,1801.387
scarce,566,54,200,OK,CREATE_FAILED,1803.760
scarce,592,16,200,OK,CREATE_FAILED,1580.366
scarce,447,63,200,OK,CREATE_FAILED,2725.932
scarce,509,61,200,OK,CREATE_FAILED,2354.282
scarce,644,4,200,OK,CREATE_FAILED,1229.610
scarce,614,38,200,OK,CREATE_FAILED,1491.036
scarce,576,0,200,OK,CREATE_FAILED,1783.385
scarce,560,48,200,OK,CREATE_FAILED,1928.801
scarce,612,36,200,OK,CREATE_FAILED,1493.743
scarce,643,3,200,OK,CREATE_FAILED,1232.738
scarce,457,9,200,OK,CREATE_FAILED,2684.202
scarce,595,19,200,OK,CREATE_FAILED,1638.952
scarce,564,52,202,OK,STOCK_PENDING,1902.044
scarce,682,42,200,OK,CREATE_FAILED,902.400
scarce,544,32,200,OK,CREATE_FAILED,2126.695
scarce,602,26,200,OK,CREATE_FAILED,1639.299
scarce,485,37,200,OK,CREATE_FAILED,2538.142
scarce,623,47,200,OK,CREATE_FAILED,1472.155
scarce,590,14,200,OK,CREATE_FAILED,1751.912
scarce,659,19,200,OK,CREATE_FAILED,1209.158
scarce,505,57,200,OK,CREATE_FAILED,2495.953
scarce,434,50,200,OK,CREATE_FAILED,2891.392
scarce,666,26,200,OK,CREATE_FAILED,1155.599
scarce,667,27,200,OK,CREATE_FAILED,1155.578
scarce,493,45,200,OK,CREATE_FAILED,2560.430
scarce,617,41,200,OK,CREATE_FAILED,1607.005
scarce,597,21,200,OK,CREATE_FAILED,1744.908
scarce,637,61,200,OK,CREATE_FAILED,1410.687
scarce,510,62,200,OK,CREATE_FAILED,2526.289
scarce,574,62,200,OK,CREATE_FAILED,1987.919
scarce,575,63,200,OK,CREATE_FAILED,1974.669
scarce,684,44,200,OK,CREATE_FAILED,1046.677
scarce,603,27,200,OK,CREATE_FAILED,1763.809
scarce,450,2,200,OK,CREATE_FAILED,2912.001
scarce,563,51,200,OK,CREATE_FAILED,2101.283
scarce,460,12,200,OK,CREATE_FAILED,2773.672
scarce,500,52,200,OK,CREATE_FAILED,2608.978
scarce,710,6,200,OK,CREATE_FAILED,903.038
scarce,585,9,200,OK,CREATE_FAILED,1911.465
scarce,651,11,200,OK,CREATE_FAILED,1371.251
scarce,545,33,200,OK,CREATE_FAILED,2292.320
scarce,653,13,200,OK,CREATE_FAILED,1389.310
scarce,691,51,200,OK,CREATE_FAILED,1025.030
scarce,589,13,200,OK,CREATE_FAILED,1915.805
scarce,605,29,200,OK,CREATE_FAILED,1787.036
scarce,664,24,200,OK,CREATE_FAILED,1295.608
scarce,584,8,200,OK,CREATE_FAILED,1962.936
scarce,582,6,200,OK,CREATE_FAILED,1964.377
scarce,629,53,200,OK,CREATE_FAILED,1593.328
scarce,604,28,200,OK,CREATE_FAILED,1833.076
scarce,696,56,200,OK,CREATE_FAILED,1032.027
scarce,403,19,200,OK,CREATE_FAILED,3156.768
scarce,442,58,200,OK,CREATE_FAILED,3057.718
scarce,572,60,200,OK,CREATE_FAILED,2130.497
scarce,642,2,200,OK,CREATE_FAILED,1541.325
scarce,616,40,200,OK,CREATE_FAILED,1800.152
scarce,639,63,200,OK,CREATE_FAILED,1587.556
scarce,703,63,200,OK,CREATE_FAILED,1068.471
scarce,593,17,200,OK,CREATE_FAILED,1967.268
scarce,416,32,200,OK,CREATE_FAILED,3172.812
scarce,413,29,200,OK,CREATE_FAILED,3173.196
scarce,624,48,200,OK,CREATE_FAILED,1735.077
scarce,660,20,200,OK,CREATE_FAILED,1451.066
scarce,690,50,200,OK,CREATE_FAILED,1194.647
scarce,692,52,200,OK,CREATE_FAILED,1162.652
scarce,662,22,200,OK,CREATE_FAILED,1442.008
scarce,611,35,200,OK,CREATE_FAILED,1939.405
scarce,591,15,200,OK,CREATE_FAILED,2039.244
scarce,606,30,200,OK,CREATE_FAILED,1965.168
scarce,665,25,200,OK,CREATE_FAILED,1449.552
scarce,694,54,200,OK,CREATE_FAILED,1186.471
scarce,718,14,200,OK,CREATE_FAILED,1103.159
scarce,714,10,200,OK,CREATE_FAILED,1122.026
scarce,715,11,200,OK,CREATE_FAILED,1121.803
scarce,699,59,200,OK,CREATE_FAILED,1205.316
scarce,552,40,200,OK,CREATE_FAILED,2463.609
scarce,669,29,200,OK,CREATE_FAILED,1472.209
scarce,599,23,200,OK,CREATE_FAILED,2071.998
scarce,732,28,200,OK,CREATE_FAILED,1078.643
scarce,733,29,200,OK,CREATE_FAILED,1078.075
scarce,681,41,200,OK,CREATE_FAILED,1352.898
scarce,704,0,200,OK,CREATE_FAILED,1211.438
scarce,727,23,200,OK,CREATE_FAILED,1116.028
scarce,645,5,200,OK,CREATE_FAILED,1710.081
scarce,654,14,200,OK,CREATE_FAILED,1642.566
scarce,578,2,200,OK,CREATE_FAILED,2255.985
scarce,685,45,200,OK,CREATE_FAILED,1356.558
scarce,675,35,200,OK,CREATE_FAILED,1402.876
scarce,738,34,200,OK,CREATE_FAILED,1127.860
scarce,693,53,200,OK,CREATE_FAILED,1331.797
scarce,627,51,200,OK,CREATE_FAILED,1913.926
scarce,721,17,200,OK,CREATE_FAILED,1255.615
scarce,600,24,200,OK,CREATE_FAILED,2207.904
scarce,571,59,200,OK,CREATE_FAILED,2432.825
scarce,514,2,200,OK,CREATE_FAILED,2966.176
scarce,697,57,200,OK,CREATE_FAILED,1359.845
scarce,598,22,200,OK,CREATE_FAILED,2210.725
scarce,672,32,200,OK,CREATE_FAILED,1591.458
scarce,618,42,200,OK,CREATE_FAILED,2074.996
scarce,539,27,200,OK,CREATE_FAILED,2777.559
scarce,621,45,200,OK,CREATE_FAILED,2059.762
scarce,535,23,200,OK,CREATE_FAILED,2819.121
scarce,546,34,200,OK,CREATE_FAILED,2763.803
scarce,709,5,200,OK,CREATE_FAILED,1394.765
scarce,657,17,200,OK,CREATE_FAILED,1844.108
scarce,708,4,200,OK,CREATE_FAILED,1394.859
scarce,632,56,200,OK,CREATE_FAILED,2004.043
scarce,744,40,200,OK,CREATE_FAILED,1243.810
scarce,783,15,200,OK,CREATE_FAILED,969.045
scarce,630,54,200,OK,CREATE_FAILED,2044.663
scarce,588,12,200,OK,CREATE_FAILED,2448.083
scarce,700,60,200,OK,CREATE_FAILED,1531.473
scarce,594,18,200,OK,CREATE_FAILED,2400.876
scarce,551,39,200,OK,CREATE_FAILED,2791.005
scarce,716,12,200,OK,CREATE_FAILED,1471.052
scarce,668,28,200,OK,CREATE_FAILED,1806.274
scarce,749,45,200,OK,CREATE_FAILED,1329.064
scarce,770,2,200,OK,CREATE_FAILED,1162.294
scarce,731,27,200,OK,CREATE_FAILED,1434.111
scarce,702,62,200,OK,CREATE_FAILED,1561.608
scarce,625,49,200,OK,CREATE_FAILED,2199.490
scarce,676,36,200,OK,CREATE_FAILED,1725.419
scarce,754,50,200,OK,CREATE_FAILED,1342.518
scarce,650,10,200,OK,CREATE_FAILED,2032.813
scarce,561,49,200,OK,CREATE_FAILED,2809.449
scarce,628,52,200,OK,CREATE_FAILED,2228.942
scarce,648,8,200,OK,CREATE_FAILED,2094.675
scarce,622,46,200,OK,CREATE_FAILED,2275.243
scarce,740,36,200,OK,CREATE_FAILED,1461.649
scarce,712,8,200,OK,CREATE_FAILED,1584.732
scarce,656,16,200,OK,CREATE_FAILED,2054.596
scarce,759,55,200,OK,CREATE_FAILED,1344.437
scarce,607,31,200,OK,CREATE_FAILED,2460.645
scarce,686,46,200,OK,CREATE_FAILED,1746.336
scarce,756,52,200,OK,CREATE_FAILED,1396.799
scarce,762,58,200,OK,CREATE_FAILED,1374.728
scarce,767,63,200,OK,CREATE_FAILED,1290.589
scarce,765,61,200,OK,CREATE_FAILED,1290.735
scarce,792,24,200,OK,CREATE_FAILED,1158.111
scarce,609,33,200,OK,CREATE_FAILED,2474.088
scarce,610,34,200,OK,CREATE_FAILED,2474.891
scarce,636,60,200,OK,CREATE_FAILED,2233.253
scarce,723,19,200,OK,CREATE_FAILED,1595.412
scarce,794,26,200,OK,CREATE_FAILED,1162.784
scarce,674,34,200,OK,CREATE_FAILED,1867.199
scarce,596,20,200,OK,CREATE_FAILED,2596.868
scarce,730,26,200,OK,CREATE_FAILED,1609.576
scarce,706,2,200,OK,CREATE_FAILED,1700.398
scarce,823,55,200,OK,CREATE_FAILED,959.845
scarce,646,6,200,OK,CREATE_FAILED,2217.077
scarce,683,43,200,OK,CREATE_FAILED,1883.267
scarce,776,8,200,OK,CREATE_FAILED,1299.965
scarce,752,48,200,OK,CREATE_FAILED,1532.094
scarce,679,39,200,OK,CREATE_FAILED,1888.537
scarce,753,49,200,OK,CREATE_FAILED,1519.853
scarce,658,18,200,OK,CREATE_FAILED,2151.306
scarce,760,56,200,OK,CREATE_FAILED,1483.574
scarce,785,17,200,OK,CREATE_FAILED,1292.260
scarce,713,9,200,OK,CREATE_FAILED,1740.414
scarce,831,63,200,OK,CREATE_FAILED,938.126
scarce,661,21,200,OK,CREATE_FAILED,2111.745
scarce,719,15,200,OK,CREATE_FAILED,1739.190
scarce,763,59,200,OK,CREATE_FAILED,1478.037
scarce,613,37,200,OK,CREATE_FAILED,2584.948
scarce,722,18,200,OK,CREATE_FAILED,1763.099
scarce,634,58,200,OK,CREATE_FAILED,2385.231
scarce,673,33,200,OK,CREATE_FAILED,2093.484
scarce,638,62,200,OK,CREATE_FAILED,2373.235
scarce,769,1,200,OK,CREATE_FAILED,1454.914
scarce,729,25,200,OK,CREATE_FAILED,1734.865
scarce,701,61,200,OK,CREATE_FAILED,1872.842
scarce,795,27,200,OK,CREATE_FAILED,1284.187
scarce,750,46,200,OK,CREATE_FAILED,1640.095
scarce,748,44,200,OK,CREATE_FAILED,1670.666
scarce,579,3,200,OK,CREATE_FAILED,2860.942
scarce,755,51,200,OK,CREATE_FAILED,1618.477
scarce,734,30,200,OK,CREATE_FAILED,1720.224
scarce,830,62,200,OK,CREATE_FAILED,1048.620
scarce,711,7,200,OK,CREATE_FAILED,1855.562
scarce,808,40,200,OK,CREATE_FAILED,1210.438
scarce,680,40,200,OK,CREATE_FAILED,2024.872
scarce,735,31,200,OK,CREATE_FAILED,1735.078
scarce,807,39,200,OK,CREATE_FAILED,1243.429
scarce,784,16,200,OK,CREATE_FAILED,1433.339
scarce,698,58,200,OK,CREATE_FAILED,1966.919
scarce,786,18,200,OK,CREATE_FAILED,1455.017
scarce,670,30,200,OK,CREATE_FAILED,2231.157
scarce,726,22,200,OK,CREATE_FAILED,1861.043
scarce,797,29,200,OK,CREATE_FAILED,1361.775
scarce,788,20,200,OK,CREATE_FAILED,1467.522
scarce,796,28,200,OK,CREATE_FAILED,1367.651
scarce,671,31,200,OK,CREATE_FAILED,2219.854
scarce,677,37,200,OK,CREATE_FAILED,2118.010
scarce,859,27,200,OK,CREATE_FAILED,992.404
scarce,771,3,200,OK,CREATE_FAILED,1550.635
scarce,736,32,200,OK,CREATE_FAILED,1822.173
scarce,860,28,200,OK,CREATE_FAILED,974.338
scarce,800,32,200,OK,CREATE_FAILED,1380.884
scarce,801,33,200,OK,CREATE_FAILED,1364.414
scarce,678,38,200,OK,CREATE_FAILED,2156.876
scarce,799,31,200,OK,CREATE_FAILED,1408.165
scarce,652,12,200,OK,CREATE_FAILED,2439.891
scarce,772,4,200,OK,CREATE_FAILED,1576.063
scarce,758,54,200,OK,CREATE_FAILED,1740.039
scarce,689,49,200,OK,CREATE_FAILED,2103.388
scarce,761,57,200,OK,CREATE_FAILED,1733.072
scarce,739,35,200,OK,CREATE_FAILED,1889.350
scarce,633,57,200,OK,CREATE_FAILED,2611.940
scarce,720,16,200,OK,CREATE_FAILED,2007.067
scarce,687,47,200,OK,CREATE_FAILED,2172.737
scarce,635,59,200,OK,CREATE_FAILED,2629.064
scarce,832,0,200,OK,CREATE_FAILED,1216.193
scarce,854,22,200,OK,CREATE_FAILED,1119.824
scarce,742,38,200,OK,CREATE_FAILED,1908.072
scarce,834,2,200,OK,CREATE_FAILED,1226.167
scarce,781,13,200,OK,CREATE_FAILED,1599.296
scarce,790,22,200,OK,CREATE_FAILED,1586.812
scarce,821,53,200,OK,CREATE_FAILED,1361.631
scarce,858,26,200,OK,CREATE_FAILED,1119.424
scarce,815,47,200,OK,CREATE_FAILED,1386.608
scarce,773,5,200,OK,CREATE_FAILED,1693.038
scarce,751,47,200,OK,CREATE_FAILED,1904.256
scarce,793,25,200,OK,CREATE_FAILED,1610.989
scarce,819,51,200,OK,CREATE_FAILED,1418.994
scarce,774,6,200,OK,CREATE_FAILED,1711.593
scarce,804,36,200,OK,CREATE_FAILED,1481.297
scarce,705,1,200,OK,CREATE_FAILED,2132.265
scarce,822,54,200,OK,CREATE_FAILED,1388.075
scarce,829,61,200,OK,CREATE_FAILED,1328.929
scarce,688,48,200,OK,CREATE_FAILED,2291.232
scarce,827,59,200,OK,CREATE_FAILED,1368.931
scarce,766,62,200,OK,CREATE_FAILED,1826.455
scarce,809,41,200,OK,CREATE_FAILED,1523.607
scarce,814,46,200,OK,CREATE_FAILED,1486.282
scarce,741,37,200,OK,CREATE_FAILED,2037.518
scarce,840,8,200,OK,CREATE_FAILED,1302.896
scarce,608,32,200,OK,CREATE_FAILED,3037.654
scarce,791,23,200,OK,CREATE_FAILED,1718.053
scarce,881,49,200,OK,CREATE_FAILED,1069.286
scarce,887,55,200,OK,CREATE_FAILED,1050.103
scarce,839,7,200,OK,CREATE_FAILED,1356.508
scarce,857,25,200,OK,CREATE_FAILED,1260.629
scarce,620,44,200,OK,CREATE_FAILED,2937.782
scarce,843,11,200,OK,CREATE_FAILED,1344.488
scarce,725,21,200,OK,CREATE_FAILED,2184.118
scarce,764,60,200,OK,CREATE_FAILED,1982.963
scarce,848,16,200,OK,CREATE_FAILED,1366.566
scarce,865,33,200,OK,CREATE_FAILED,1271.633
scarce,851,19,200,OK,CREATE_FAILED,1366.987
scarce,849,17,200,OK,CREATE_FAILED,1386.274
scarce,868,36,200,OK,CREATE_FAILED,1250.846
scarce,899,3,200,OK,CREATE_FAILED,1053.888
scarce,928,32,200,OK,CREATE_FAILED,786.543
scarce,745,41,200,OK,CREATE_FAILED,2156.980
scarce,877,45,200,OK,CREATE_FAILED,1218.092
scarce,833,1,200,OK,CREATE_FAILED,1502.411
scarce,724,20,200,OK,CREATE_FAILED,2277.511
scarce,855,23,200,OK,CREATE_FAILED,1386.403
scarce,842,10,200,OK,CREATE_FAILED,1455.858
scarce,901,5,200,OK,CREATE_FAILED,1059.386
scarce,885,53,200,OK,CREATE_FAILED,1256.531
scarce,728,24,200,OK,CREATE_FAILED,2328.555
scarce,886,54,200,OK,CREATE_FAILED,1240.036
scarce,912,16,200,OK,CREATE_FAILED,1008.669
scarce,866,34,200,OK,CREATE_FAILED,1410.457
scarce,818,50,200,OK,CREATE_FAILED,1740.680
scarce,828,60,200,OK,CREATE_FAILED,1630.277
scarce,893,61,200,OK,CREATE_FAILED,1239.395
scarce,707,3,200,OK,CREATE_FAILED,2432.216
scarce,803,35,200,OK,CREATE_FAILED,1832.212
scarce,777,9,200,OK,CREATE_FAILED,2048.343
scarce,873,41,200,OK,CREATE_FAILED,1392.419
scarce,847,15,200,OK,CREATE_FAILED,1574.594
scarce,757,53,200,OK,CREATE_FAILED,2248.660
scarce,922,26,200,OK,CREATE_FAILED,1004.876
scarce,778,10,200,OK,CREATE_FAILED,2066.694
scarce,782,14,200,OK,CREATE_FAILED,2049.959
scarce,655,15,200,OK,CREATE_FAILED,2952.920
scarce,876,44,200,OK,CREATE_FAILED,1393.048
scarce,789,21,200,OK,CREATE_FAILED,2069.662
scarce,945,49,200,OK,CREATE_FAILED,898.914
scarce,812,44,200,OK,CREATE_FAILED,1869.245
scarce,838,6,200,OK,CREATE_FAILED,1697.565
scarce,663,23,200,OK,CREATE_FAILED,2878.473
scarce,935,39,200,OK,CREATE_FAILED,981.130
scarce,640,0,200,OK,CREATE_FAILED,3131.350
scarce,934,38,200,OK,CREATE_FAILED,994.010
scarce,820,52,200,OK,CREATE_FAILED,1852.299
scarce,844,12,200,OK,CREATE_FAILED,1664.402
scarce,816,48,200,OK,CREATE_FAILED,1895.339
scarce,775,7,200,OK,CREATE_FAILED,2185.220
scarce,647,7,200,OK,CREATE_FAILED,3101.307
scarce,936,40,200,OK,CREATE_FAILED,1018.071
scarce,867,35,200,OK,CREATE_FAILED,1567.882
scarce,825,57,200,OK,CREATE_FAILED,1847.601
scarce,919,23,200,OK,CREATE_FAILED,1185.908
scarce,943,47,200,OK,CREATE_FAILED,1023.817
scarce,894,62,200,OK,CREATE_FAILED,1438.182
scarce,810,42,200,OK,CREATE_FAILED,1980.237
scarce,923,27,200,OK,CREATE_FAILED,1164.423
scarce,737,33,200,OK,CREATE_FAILED,2517.928
scarce,875,43,200,OK,CREATE_FAILED,1556.923
scarce,981,21,200,OK,CREATE_FAILED,854.102
scarce,908,12,200,OK,CREATE_FAILED,1361.876
scarce,907,11,200,OK,CREATE_FAILED,1395.855
scarce,884,52,200,OK,CREATE_FAILED,1572.507
scarce,747,43,200,OK,CREATE_FAILED,2565.767
scarce,965,5,200,OK,CREATE_FAILED,978.492
scarce,817,49,200,OK,CREATE_FAILED,2034.115
scarce,824,56,200,OK,CREATE_FAILED,1984.157
scarce,890,58,200,OK,CREATE_FAILED,1543.680
scarce,538,26,200,OK,CREATE_FAILED,4164.520
scarce,864,32,200,OK,CREATE_FAILED,1742.435
scarce,967,7,200,OK,CREATE_FAILED,996.420
scarce,897,1,200,OK,CREATE_FAILED,1526.673
scarce,779,11,200,OK,CREATE_FAILED,2324.051
scarce,895,63,200,OK,CREATE_FAILED,1561.752
scarce,869,37,200,OK,CREATE_FAILED,1720.272
scarce,942,46,200,OK,CREATE_FAILED,1154.197
scarce,870,38,200,OK,CREATE_FAILED,1725.464
scarce,904,8,200,OK,CREATE_FAILED,1477.592
scarce,953,57,200,OK,CREATE_FAILED,1121.568
scarce,952,56,200,OK,CREATE_FAILED,1137.541
scarce,976,16,200,OK,CREATE_FAILED,972.655
scarce,853,21,200,OK,CREATE_FAILED,1855.762
scarce,880,48,200,OK,CREATE_FAILED,1678.310
scarce,910,14,200,OK,CREATE_FAILED,1431.002
scarce,841,9,200,OK,CREATE_FAILED,1914.349
scarce,999,39,200,OK,CREATE_FAILED,883.710
scarce,962,2,200,OK,CREATE_FAILED,1086.293
scarce,837,5,200,OK,CREATE_FAILED,1972.621
scarce,889,57,200,OK,CREATE_FAILED,1620.872
scarce,960,0,200,OK,CREATE_FAILED,1088.984
scarce,802,34,200,OK,CREATE_FAILED,2204.647
scarce,966,6,200,OK,CREATE_FAILED,1083.065
scarce,917,21,200,OK,CREATE_FAILED,1431.927
scarce,940,44,200,OK,CREATE_FAILED,1222.764
scarce,780,12,200,OK,CREATE_FAILED,2402.916
scarce,950,54,200,OK,CREATE_FAILED,1215.018
scarce,926,30,200,OK,CREATE_FAILED,1349.779
scarce,898,2,200,OK,CREATE_FAILED,1598.495
scarce,850,18,200,OK,CREATE_FAILED,1930.701
scarce,930,34,200,OK,CREATE_FAILED,1330.749
scarce,811,43,200,OK,CREATE_FAILED,2202.689
scarce,787,19,200,OK,CREATE_FAILED,2396.131
scarce,905,9,200,OK,CREATE_FAILED,1552.976
scarce,906,10,200,OK,CREATE_FAILED,1571.950
scarce,982,22,200,OK,CREATE_FAILED,1049.158
scarce,933,37,200,OK,CREATE_FAILED,1314.966
scarce,743,39,200,OK,CREATE_FAILED,2722.130
scarce,914,18,200,OK,CREATE_FAILED,1479.192
scarce,892,60,200,OK,CREATE_FAILED,1683.447
scarce,871,39,200,OK,CREATE_FAILED,1817.558
scarce,891,59,200,OK,CREATE_FAILED,1686.127
scarce,959,63,200,OK,CREATE_FAILED,1188.586
scarce,987,27,200,OK,CREATE_FAILED,1037.408
scarce,896,0,200,OK,CREATE_FAILED,1679.100
scarce,963,3,200,OK,CREATE_FAILED,1170.486
scarce,846,14,200,OK,CREATE_FAILED,1992.922
scarce,916,20,200,OK,CREATE_FAILED,1498.649
scarce,924,28,200,OK,CREATE_FAILED,1399.655
scarce,918,22,200,OK,CREATE_FAILED,1481.560
scarce,874,42,200,OK,CREATE_FAILED,1827.311
scarce,975,15,200,OK,CREATE_FAILED,1123.319
scarce,862,30,200,OK,CREATE_FAILED,1914.491
scarce,900,4,200,OK,CREATE_FAILED,1657.776
scarce,768,0,200,OK,CREATE_FAILED,2565.925
scarce,932,36,200,OK,CREATE_FAILED,1363.737
scarce,997,37,200,OK,CREATE_FAILED,998.112
scarce,929,33,200,OK,CREATE_FAILED,1399.582
scarce,902,6,200,OK,CREATE_FAILED,1621.806
scarce,878,46,200,OK,CREATE_FAILED,1812.782
scarce,641,1,200,OK,CREATE_FAILED,3465.109
scarce,882,50,200,OK,CREATE_FAILED,1776.440
scarce,979,19,200,OK,CREATE_FAILED,1101.452
scarce,931,35,200,OK,CREATE_FAILED,1394.754
scarce,996,36,200,OK,CREATE_FAILED,1009.759
scarce,845,13,200,OK,CREATE_FAILED,2033.042
scarce,915,19,200,OK,CREATE_FAILED,1538.199
scarce,649,9,200,OK,CREATE_FAILED,3422.842
scarce,872,40,200,OK,CREATE_FAILED,1849.069
scarce,911,15,200,OK,CREATE_FAILED,1584.062
scarce,941,45,200,OK,CREATE_FAILED,1345.763
scarce,925,29,200,OK,CREATE_FAILED,1453.957
scarce,852,20,200,OK,CREATE_FAILED,2020.669
scarce,920,24,200,OK,CREATE_FAILED,1490.149
scarce,947,51,200,OK,CREATE_FAILED,1316.407
scarce,948,52,200,OK,CREATE_FAILED,1316.412
scarce,954,58,200,OK,CREATE_FAILED,1293.996
scarce,998,38,200,OK,CREATE_FAILED,1048.543
scarce,956,60,200,OK,CREATE_FAILED,1275.167
scarce,984,24,200,OK,CREATE_FAILED,1147.208
scarce,805,37,200,OK,CREATE_FAILED,2350.977
scarce,798,30,200,OK,CREATE_FAILED,2422.611
scarce,938,42,200,OK,CREATE_FAILED,1397.751
scarce,695,55,200,OK,CREATE_FAILED,3046.643
scarce,939,43,200,OK,CREATE_FAILED,1397.439
scarce,888,56,200,OK,CREATE_FAILED,1798.272
scarce,927,31,200,OK,CREATE_FAILED,1480.096
scarce,964,4,200,OK,CREATE_FAILED,1279.188
scarce,944,48,200,OK,CREATE_FAILED,1396.995
scarce,992,32,200,OK,CREATE_FAILED,1117.820
scarce,983,23,200,OK,CREATE_FAILED,1178.474
scarce,977,17,200,OK,CREATE_FAILED,1197.888
scarce,913,17,200,OK,CREATE_FAILED,1608.370
scarce,972,12,200,OK,CREATE_FAILED,1239.180
scarce,991,31,200,OK,CREATE_FAILED,1144.328
scarce,985,25,200,OK,CREATE_FAILED,1177.158
scarce,903,7,200,OK,CREATE_FAILED,1703.735
scarce,951,55,200,OK,CREATE_FAILED,1365.288
scarce,921,25,200,OK,CREATE_FAILED,1533.544
scarce,958,62,200,OK,CREATE_FAILED,1309.416
scarce,746,42,200,OK,CREATE_FAILED,2859.476
scarce,835,3,200,OK,CREATE_FAILED,2201.904
scarce,949,53,200,OK,CREATE_FAILED,1389.606
scarce,971,11,200,OK,CREATE_FAILED,1262.772
scarce,973,13,200,OK,CREATE_FAILED,1245.983
scarce,863,31,200,OK,CREATE_FAILED,2028.551
scarce,946,50,200,OK,CREATE_FAILED,1389.735
scarce,879,47,200,OK,CREATE_FAILED,1917.767
scarce,995,35,200,OK,CREATE_FAILED,1120.607
scarce,989,29,200,OK,CREATE_FAILED,1169.852
scarce,836,4,200,OK,CREATE_FAILED,2193.384
scarce,826,58,200,OK,CREATE_FAILED,2270.163
scarce,717,13,200,OK,CREATE_FAILED,3005.295
scarce,909,13,200,OK,CREATE_FAILED,1668.116
scarce,813,45,200,OK,CREATE_FAILED,2363.510
scarce,988,28,200,OK,CREATE_FAILED,1170.986
scarce,990,30,200,OK,CREATE_FAILED,1172.036
scarce,937,41,200,OK,CREATE_FAILED,1449.783
scarce,974,14,200,OK,CREATE_FAILED,1260.953
scarce,856,24,200,OK,CREATE_FAILED,2096.508
scarce,955,59,200,OK,CREATE_FAILED,1362.695
scarce,861,29,200,OK,CREATE_FAILED,2062.071
scarce,993,33,200,OK,CREATE_FAILED,1164.960
scarce,968,8,200,OK,CREATE_FAILED,1305.872
scarce,883,51,200,OK,CREATE_FAILED,1904.465
scarce,980,20,200,OK,CREATE_FAILED,1229.549
scarce,806,38,200,OK,CREATE_FAILED,2409.825
scarce,986,26,200,OK,CREATE_FAILED,1215.499
scarce,961,1,200,OK,CREATE_FAILED,1337.072
scarce,978,18,200,OK,CREATE_FAILED,1263.939
scarce,970,10,200,OK,CREATE_FAILED,1323.316
scarce,957,61,200,OK,CREATE_FAILED,1371.798
scarce,969,9,200,OK,CREATE_FAILED,1323.860
scarce,994,34,200,OK,CREATE_FAILED,1161.649
duplicate,1,0,202,OK,STOCK_PENDING,251.273
duplicate,30,0,202,OK,STOCK_PENDING,250.868
duplicate,12,0,202,OK,STOCK_PENDING,251.735
duplicate,62,0,202,OK,STOCK_PENDING,255.203
duplicate,72,0,202,OK,STOCK_PENDING,254.950
duplicate,6,0,202,OK,STOCK_PENDING,259.238
duplicate,75,0,202,OK,STOCK_PENDING,256.549
duplicate,48,0,202,OK,STOCK_PENDING,258.049
duplicate,45,0,202,OK,STOCK_PENDING,258.380
duplicate,81,0,202,OK,STOCK_PENDING,257.454
duplicate,78,0,202,OK,STOCK_PENDING,258.355
duplicate,212,0,202,OK,STOCK_PENDING,244.057
duplicate,102,0,202,OK,STOCK_PENDING,257.098
duplicate,119,0,202,OK,STOCK_PENDING,256.941
duplicate,111,0,202,OK,STOCK_PENDING,257.351
duplicate,211,0,202,OK,STOCK_PENDING,247.117
duplicate,97,0,202,OK,STOCK_PENDING,260.597
duplicate,92,0,202,OK,STOCK_PENDING,261.081
duplicate,217,0,202,OK,STOCK_PENDING,247.744
duplicate,205,0,202,OK,STOCK_PENDING,249.149
duplicate,243,0,202,OK,STOCK_PENDING,246.052
duplicate,22,0,202,OK,STOCK_PENDING,267.722
duplicate,206,0,202,OK,STOCK_PENDING,252.161
duplicate,254,0,202,OK,STOCK_PENDING,247.816
duplicate,54,0,202,OK,STOCK_PENDING,267.859
duplicate,142,0,202,OK,STOCK_PENDING,259.650
duplicate,250,0,202,OK,STOCK_PENDING,248.616
duplicate,214,0,202,OK,STOCK_PENDING,252.410
duplicate,46,0,202,OK,STOCK_PENDING,268.540
duplicate,53,0,202,OK,STOCK_PENDING,268.335
duplicate,128,0,202,OK,STOCK_PENDING,263.182
duplicate,18,0,202,OK,STOCK_PENDING,269.916
duplicate,135,0,202,OK,STOCK_PENDING,262.126
duplicate,162,0,202,OK,STOCK_PENDING,256.329
duplicate,80,0,202,OK,STOCK_PENDING,267.204
duplicate,242,0,202,OK,STOCK_PENDING,249.591
duplicate,222,0,202,OK,STOCK_PENDING,251.635
duplicate,232,0,202,OK,STOCK_PENDING,250.638
duplicate,230,0,202,OK,STOCK_PENDING,251.299
duplicate,207,0,202,OK,STOCK_PENDING,253.594
duplicate,248,0,202,OK,STOCK_PENDING,249.899
duplicate,220,0,202,OK,STOCK_PENDING,253.008
duplicate,191,0,202,OK,STOCK_PENDING,282.215
duplicate,7,0,202,OK,STOCK_PENDING,298.885
duplicate,21,0,202,OK,STOCK_PENDING,299.448
duplicate,194,0,202,OK,STOCK_PENDING,285.561
duplicate,8,0,202,OK,STOCK_PENDING,301.751
duplicate,198,0,202,OK,STOCK_PENDING,286.494
duplicate,255,0,202,OK,STOCK_PENDING,281.037
duplicate,42,0,202,OK,STOCK_PENDING,301.635
duplicate,218,0,202,OK,STOCK_PENDING,285.089
duplicate,226,0,202,OK,STOCK_PENDING,284.551
duplicate,238,0,202,OK,STOCK_PENDING,283.380
duplicate,26,0,202,OK,STOCK_PENDING,303.529
duplicate,29,0,202,OK,STOCK_PENDING,303.553
duplicate,183,0,202,OK,STOCK_PENDING,289.046
duplicate,247,0,202,OK,STOCK_PENDING,283.094
duplicate,61,0,202,OK,STOCK_PENDING,302.572
duplicate,201,0,202,OK,STOCK_PENDING,288.090
duplicate,56,0,202,OK,STOCK_PENDING,302.875
duplicate,256,0,202,OK,STOCK_PENDING,53.458
duplicate,65,0,202,OK,STOCK_PENDING,302.598
duplicate,77,0,202,OK,STOCK_PENDING,301.958
duplicate,224,0,202,OK,STOCK_PENDING,286.131
duplicate,100,0,202,OK,STOCK_PENDING,300.816
duplicate,249,0,202,OK,STOCK_PENDING,284.110
duplicate,237,0,202,OK,STOCK_PENDING,285.158
duplicate,15,0,202,OK,STOCK_PENDING,305.158
duplicate,174,0,202,OK,STOCK_PENDING,290.891
duplicate,203,0,202,OK,STOCK_PENDING,288.658
duplicate,216,0,202,OK,STOCK_PENDING,287.798
duplicate,233,0,202,OK,STOCK_PENDING,285.698
duplicate,251,0,202,OK,STOCK_PENDING,284.095
duplicate,253,0,202,OK,STOCK_PENDING,283.958
duplicate,236,0,202,OK,STOCK_PENDING,285.397
duplicate,244,0,202,OK,STOCK_PENDING,284.710
duplicate,241,0,202,OK,STOCK_PENDING,285.123
duplicate,261,0,202,OK,STOCK_PENDING,46.236
duplicate,58,0,202,OK,STOCK_PENDING,303.963
duplicate,106,0,202,OK,STOCK_PENDING,300.925
duplicate,221,0,202,OK,STOCK_PENDING,288.142
duplicate,264,0,202,OK,STOCK_PENDING,47.090
duplicate,245,0,202,OK,STOCK_PENDING,285.849
duplicate,148,0,202,OK,STOCK_PENDING,295.759
duplicate,215,0,202,OK,STOCK_PENDING,289.503
duplicate,157,0,202,OK,STOCK_PENDING,294.401
duplicate,268,0,202,OK,STOCK_PENDING,45.787
duplicate,149,0,202,OK,STOCK_PENDING,296.514
duplicate,152,0,202,OK,STOCK_PENDING,296.369
duplicate,235,0,202,OK,STOCK_PENDING,291.617
duplicate,49,0,202,OK,STOCK_PENDING,312.381
duplicate,115,0,202,OK,STOCK_PENDING,309.970
duplicate,141,0,202,OK,STOCK_PENDING,307.850
duplicate,260,0,202,OK,STOCK_PENDING,60.641
duplicate,239,0,202,OK,STOCK_PENDING,298.053
duplicate,258,0,202,OK,STOCK_PENDING,67.081
duplicate,91,0,202,OK,STOCK_PENDING,316.063
duplicate,164,0,202,OK,STOCK_PENDING,306.561
duplicate,271,0,202,OK,STOCK_PENDING,56.782
duplicate,20,0,202,OK,STOCK_PENDING,321.262
duplicate,90,0,202,OK,STOCK_PENDING,319.165
duplicate,124,0,202,OK,STOCK_PENDING,318.224
duplicate,176,0,202,OK,STOCK_PENDING,310.092
duplicate,323,0,202,OK,STOCK_PENDING,19.308
duplicate,41,0,202,OK,STOCK_PENDING,323.638
duplicate,32,0,202,OK,STOCK_PENDING,324.251
duplicate,0,0,202,OK,STOCK_PENDING,325.114
duplicate,305,0,202,OK,STOCK_PENDING,22.573
duplicate,107,0,202,OK,STOCK_PENDING,320.643
duplicate,288,0,202,OK,STOCK_PENDING,55.783
duplicate,156,0,202,OK,STOCK_PENDING,314.736
duplicate,69,0,202,OK,STOCK_PENDING,324.533
duplicate,17,0,202,OK,STOCK_PENDING,326.951
duplicate,172,0,202,OK,STOCK_PENDING,312.758
duplicate,63,0,202,OK,STOCK_PENDING,325.253
duplicate,3,0,202,OK,STOCK_PENDING,327.280
duplicate,297,0,202,OK,STOCK_PENDING,56.294
duplicate,192,0,202,OK,STOCK_PENDING,311.854
duplicate,200,0,202,OK,STOCK_PENDING,311.524
duplicate,180,0,202,OK,STOCK_PENDING,313.059
duplicate,210,0,202,OK,STOCK_PENDING,310.715
duplicate,219,0,202,OK,STOCK_PENDING,311.925
duplicate,74,0,202,OK,STOCK_PENDING,327.685
duplicate,290,0,202,OK,STOCK_PENDING,60.129
duplicate,101,0,202,OK,STOCK_PENDING,326.053
duplicate,185,0,202,OK,STOCK_PENDING,315.588
duplicate,195,0,202,OK,STOCK_PENDING,315.126
duplicate,292,0,202,OK,STOCK_PENDING,62.340
duplicate,225,0,202,OK,STOCK_PENDING,313.653
duplicate,60,0,202,OK,STOCK_PENDING,330.824
duplicate,24,0,202,OK,STOCK_PENDING,332.449
duplicate,89,0,202,OK,STOCK_PENDING,329.363
duplicate,213,0,202,OK,STOCK_PENDING,315.274
duplicate,104,0,202,OK,STOCK_PENDING,328.038
duplicate,324,0,202,OK,STOCK_PENDING,27.678
duplicate,71,0,202,OK,STOCK_PENDING,330.686
duplicate,40,0,202,OK,STOCK_PENDING,332.622
duplicate,293,0,202,OK,STOCK_PENDING,63.497
duplicate,280,0,202,OK,STOCK_PENDING,64.344
duplicate,276,0,202,OK,STOCK_PENDING,67.786
duplicate,204,0,202,OK,STOCK_PENDING,317.941
duplicate,332,0,202,OK,STOCK_PENDING,29.072
duplicate,112,0,202,OK,STOCK_PENDING,329.317
duplicate,47,0,202,OK,STOCK_PENDING,333.587
duplicate,269,0,202,OK,STOCK_PENDING,72.384
duplicate,163,0,202,OK,STOCK_PENDING,321.263
duplicate,273,0,202,OK,STOCK_PENDING,70.545
duplicate,166,0,202,OK,STOCK_PENDING,321.238
duplicate,186,0,202,OK,STOCK_PENDING,320.146
duplicate,188,0,202,OK,STOCK_PENDING,320.253
duplicate,109,0,202,OK,STOCK_PENDING,330.738
duplicate,231,0,202,OK,STOCK_PENDING,317.127
duplicate,98,0,202,OK,STOCK_PENDING,332.621
duplicate,4,0,202,OK,STOCK_PENDING,337.481
duplicate,272,0,202,OK,STOCK_PENDING,73.076
duplicate,150,0,202,OK,STOCK_PENDING,326.531
duplicate,326,0,202,OK,STOCK_PENDING,32.620
duplicate,300,0,202,OK,STOCK_PENDING,38.671
duplicate,307,0,202,OK,STOCK_PENDING,36.216
duplicate,121,0,202,OK,STOCK_PENDING,334.048
duplicate,246,0,202,OK,STOCK_PENDING,319.095
duplicate,123,0,202,OK,STOCK_PENDING,334.390
duplicate,266,0,202,OK,STOCK_PENDING,80.354
duplicate,73,0,202,OK,STOCK_PENDING,339.098
duplicate,144,0,202,OK,STOCK_PENDING,331.147
duplicate,35,0,202,OK,STOCK_PENDING,340.753
duplicate,170,0,202,OK,STOCK_PENDING,327.479
duplicate,125,0,202,OK,STOCK_PENDING,335.493
duplicate,336,0,202,OK,STOCK_PENDING,35.271
duplicate,175,0,202,OK,STOCK_PENDING,327.441
duplicate,171,0,202,OK,STOCK_PENDING,327.684
duplicate,11,0,202,OK,STOCK_PENDING,341.945
duplicate,94,0,202,OK,STOCK_PENDING,338.751
duplicate,108,0,202,OK,STOCK_PENDING,337.538
duplicate,169,0,202,OK,STOCK_PENDING,329.246
duplicate,131,0,202,OK,STOCK_PENDING,336.050
duplicate,153,0,202,OK,STOCK_PENDING,333.664
duplicate,202,0,202,OK,STOCK_PENDING,329.010
duplicate,310,0,202,OK,STOCK_PENDING,41.737
duplicate,197,0,202,OK,STOCK_PENDING,330.426
duplicate,59,0,202,OK,STOCK_PENDING,344.412
duplicate,5,0,202,OK,STOCK_PENDING,346.238
duplicate,298,0,202,OK,STOCK_PENDING,48.535
duplicate,161,0,202,OK,STOCK_PENDING,332.792
duplicate,285,0,202,OK,STOCK_PENDING,76.560
duplicate,99,0,202,OK,STOCK_PENDING,342.310
duplicate,311,0,202,OK,STOCK_PENDING,42.631
duplicate,117,0,202,OK,STOCK_PENDING,341.051
duplicate,267,0,202,OK,STOCK_PENDING,85.297
duplicate,173,0,202,OK,STOCK_PENDING,332.346
duplicate,44,0,202,OK,STOCK_PENDING,345.606
duplicate,19,0,202,OK,STOCK_PENDING,346.630
duplicate,160,0,202,OK,STOCK_PENDING,333.290
duplicate,31,0,202,OK,STOCK_PENDING,346.379
duplicate,281,0,202,OK,STOCK_PENDING,77.165
duplicate,275,0,202,OK,STOCK_PENDING,80.782
duplicate,50,0,202,OK,STOCK_PENDING,345.339
duplicate,137,0,202,OK,STOCK_PENDING,338.754
duplicate,193,0,202,OK,STOCK_PENDING,331.343
duplicate,147,0,202,OK,STOCK_PENDING,335.987
duplicate,190,0,202,OK,STOCK_PENDING,331.601
duplicate,318,0,202,OK,STOCK_PENDING,42.176
duplicate,274,0,202,OK,STOCK_PENDING,81.783
duplicate,279,0,202,OK,STOCK_PENDING,77.919
duplicate,265,0,202,OK,STOCK_PENDING,86.819
duplicate,43,0,202,OK,STOCK_PENDING,346.200
duplicate,227,0,202,OK,STOCK_PENDING,328.199
duplicate,105,0,202,OK,STOCK_PENDING,342.557
duplicate,287,0,202,OK,STOCK_PENDING,77.467
duplicate,196,0,202,OK,STOCK_PENDING,331.932
duplicate,67,0,202,OK,STOCK_PENDING,345.437
duplicate,322,0,202,OK,STOCK_PENDING,42.513
duplicate,270,0,202,OK,STOCK_PENDING,85.148
duplicate,52,0,202,OK,STOCK_PENDING,346.260
duplicate,120,0,202,OK,STOCK_PENDING,342.096
duplicate,66,0,202,OK,STOCK_PENDING,345.627
duplicate,57,0,202,OK,STOCK_PENDING,346.290
duplicate,263,0,202,OK,STOCK_PENDING,88.589
duplicate,313,0,202,OK,STOCK_PENDING,43.777
duplicate,229,0,202,OK,STOCK_PENDING,328.955
duplicate,28,0,202,OK,STOCK_PENDING,347.905
duplicate,259,0,202,OK,STOCK_PENDING,91.171
duplicate,184,0,202,OK,STOCK_PENDING,333.276
duplicate,55,0,202,OK,STOCK_PENDING,346.647
duplicate,289,0,202,OK,STOCK_PENDING,78.277
duplicate,329,0,202,OK,STOCK_PENDING,43.053
duplicate,321,0,202,OK,STOCK_PENDING,43.513
duplicate,333,0,202,OK,STOCK_PENDING,43.190
duplicate,39,0,202,OK,STOCK_PENDING,347.793
duplicate,83,0,202,OK,STOCK_PENDING,345.909
duplicate,146,0,202,OK,STOCK_PENDING,338.375
duplicate,335,0,202,OK,STOCK_PENDING,43.133
duplicate,68,0,202,OK,STOCK_PENDING,346.918
duplicate,177,0,202,OK,STOCK_PENDING,334.733
duplicate,343,0,202,OK,STOCK_PENDING,42.924
duplicate,262,0,202,OK,STOCK_PENDING,92.052
duplicate,303,0,202,OK,STOCK_PENDING,48.838
duplicate,284,0,202,OK,STOCK_PENDING,81.700
duplicate,208,0,202,OK,STOCK_PENDING,336.754
duplicate,110,0,202,OK,STOCK_PENDING,349.076
duplicate,93,0,202,OK,STOCK_PENDING,350.448
duplicate,168,0,202,OK,STOCK_PENDING,340.890
duplicate,10,0,202,OK,STOCK_PENDING,354.886
duplicate,283,0,202,OK,STOCK_PENDING,85.155
duplicate,145,0,202,OK,STOCK_PENDING,344.446
duplicate,85,0,202,OK,STOCK_PENDING,352.513
duplicate,132,0,202,OK,STOCK_PENDING,348.407
duplicate,103,0,202,OK,STOCK_PENDING,351.183
duplicate,181,0,202,OK,STOCK_PENDING,340.893
duplicate,79,0,202,OK,STOCK_PENDING,353.738
duplicate,64,0,202,OK,STOCK_PENDING,354.672
duplicate,154,0,202,OK,STOCK_PENDING,345.067
duplicate,36,0,202,OK,STOCK_PENDING,355.797
duplicate,126,0,202,OK,STOCK_PENDING,350.643
duplicate,317,0,202,OK,STOCK_PENDING,53.214
duplicate,234,0,202,OK,STOCK_PENDING,338.126
duplicate,282,0,202,OK,STOCK_PENDING,88.383
duplicate,257,0,202,OK,STOCK_PENDING,109.950
duplicate,344,0,202,OK,STOCK_PENDING,53.395
duplicate,158,0,202,OK,STOCK_PENDING,348.514
duplicate,139,0,202,OK,STOCK_PENDING,352.160
duplicate,165,0,202,OK,STOCK_PENDING,347.817
duplicate,133,0,202,OK,STOCK_PENDING,354.217
duplicate,16,0,202,OK,STOCK_PENDING,361.801
duplicate,134,0,202,OK,STOCK_PENDING,354.359
duplicate,143,0,202,OK,STOCK_PENDING,352.236
duplicate,199,0,202,OK,STOCK_PENDING,346.189
duplicate,348,0,202,OK,STOCK_PENDING,44.769
duplicate,209,0,202,OK,STOCK_PENDING,345.255
duplicate,228,0,202,OK,STOCK_PENDING,343.365
duplicate,151,0,202,OK,STOCK_PENDING,351.273
duplicate,187,0,202,OK,STOCK_PENDING,347.820
duplicate,240,0,202,OK,STOCK_PENDING,342.564
duplicate,25,0,202,OK,STOCK_PENDING,363.379
duplicate,358,0,202,OK,STOCK_PENDING,39.977
duplicate,122,0,202,OK,STOCK_PENDING,359.936
duplicate,33,0,202,OK,STOCK_PENDING,365.154
duplicate,34,0,202,OK,STOCK_PENDING,365.124
duplicate,361,0,202,OK,STOCK_PENDING,41.643
duplicate,375,0,202,OK,STOCK_PENDING,38.536
duplicate,356,0,202,OK,STOCK_PENDING,44.146
duplicate,136,0,202,OK,STOCK_PENDING,358.753
duplicate,351,0,202,OK,STOCK_PENDING,50.732
duplicate,301,0,202,OK,STOCK_PENDING,68.608
duplicate,295,0,202,OK,STOCK_PENDING,98.997
duplicate,286,0,202,OK,STOCK_PENDING,100.264
duplicate,319,0,202,OK,STOCK_PENDING,65.310
duplicate,316,0,202,OK,STOCK_PENDING,66.315
duplicate,352,0,202,OK,STOCK_PENDING,51.716
duplicate,304,0,202,OK,STOCK_PENDING,68.665
duplicate,277,0,202,OK,STOCK_PENDING,103.478
duplicate,354,0,202,OK,STOCK_PENDING,50.622
duplicate,325,0,202,OK,STOCK_PENDING,66.672
duplicate,341,0,202,OK,STOCK_PENDING,66.229
duplicate,364,0,202,OK,STOCK_PENDING,47.624
duplicate,365,0,202,OK,STOCK_PENDING,47.762
duplicate,366,0,202,OK,STOCK_PENDING,46.850
duplicate,309,0,202,OK,STOCK_PENDING,70.666
duplicate,308,0,202,OK,STOCK_PENDING,70.986
duplicate,82,0,202,OK,STOCK_PENDING,371.626
duplicate,2,0,202,OK,STOCK_PENDING,374.915
duplicate,373,0,202,OK,STOCK_PENDING,48.265
duplicate,374,0,202,OK,STOCK_PENDING,48.346
duplicate,84,0,202,OK,STOCK_PENDING,373.063
duplicate,337,0,202,OK,STOCK_PENDING,69.664
duplicate,252,0,202,OK,STOCK_PENDING,355.196
duplicate,9,0,202,OK,STOCK_PENDING,376.614
duplicate,51,0,202,OK,STOCK_PENDING,376.592
duplicate,96,0,202,OK,STOCK_PENDING,374.910
duplicate,392,0,202,OK,STOCK_PENDING,46.412
duplicate,138,0,202,OK,STOCK_PENDING,371.080
duplicate,402,0,202,OK,STOCK_PENDING,45.282
duplicate,386,0,202,OK,STOCK_PENDING,47.740
duplicate,116,0,202,OK,STOCK_PENDING,374.941
duplicate,130,0,202,OK,STOCK_PENDING,374.232
duplicate,179,0,202,OK,STOCK_PENDING,366.694
duplicate,127,0,202,OK,STOCK_PENDING,374.861
duplicate,27,0,202,OK,STOCK_PENDING,381.529
duplicate,393,0,202,OK,STOCK_PENDING,48.199
duplicate,338,0,202,OK,STOCK_PENDING,75.625
duplicate,88,0,202,OK,STOCK_PENDING,379.269
duplicate,385,0,202,OK,STOCK_PENDING,49.913
duplicate,296,0,202,OK,STOCK_PENDING,112.055
duplicate,299,0,202,OK,STOCK_PENDING,84.128
duplicate,315,0,202,OK,STOCK_PENDING,78.836
duplicate,294,0,202,OK,STOCK_PENDING,112.948
duplicate,118,0,202,OK,STOCK_PENDING,378.309
duplicate,114,0,202,OK,STOCK_PENDING,378.795
duplicate,129,0,202,OK,STOCK_PENDING,377.384
duplicate,314,0,202,OK,STOCK_PENDING,80.087
duplicate,37,0,202,OK,STOCK_PENDING,383.801
duplicate,70,0,202,OK,STOCK_PENDING,382.512
duplicate,86,0,202,OK,STOCK_PENDING,381.826
duplicate,13,0,202,OK,STOCK_PENDING,385.126
duplicate,331,0,202,OK,STOCK_PENDING,79.782
duplicate,334,0,202,OK,STOCK_PENDING,79.678
duplicate,291,0,202,OK,STOCK_PENDING,115.477
duplicate,76,0,202,OK,STOCK_PENDING,382.972
duplicate,159,0,202,OK,STOCK_PENDING,372.404
duplicate,330,0,202,OK,STOCK_PENDING,80.615
duplicate,320,0,202,OK,STOCK_PENDING,81.165
duplicate,140,0,202,OK,STOCK_PENDING,376.536
duplicate,182,0,202,OK,STOCK_PENDING,371.447
duplicate,223,0,202,OK,STOCK_PENDING,367.617
duplicate,404,0,202,OK,STOCK_PENDING,51.341
duplicate,327,0,202,OK,STOCK_PENDING,81.472
duplicate,401,0,202,OK,STOCK_PENDING,51.807
duplicate,113,0,202,OK,STOCK_PENDING,381.792
duplicate,306,0,202,OK,STOCK_PENDING,84.698
duplicate,312,0,202,OK,STOCK_PENDING,83.980
duplicate,95,0,202,OK,STOCK_PENDING,384.497
duplicate,302,0,202,OK,STOCK_PENDING,87.454
duplicate,278,0,202,OK,STOCK_PENDING,119.742
duplicate,178,0,202,OK,STOCK_PENDING,374.523
duplicate,363,0,202,OK,STOCK_PENDING,65.912
duplicate,394,0,202,OK,STOCK_PENDING,57.518
duplicate,400,0,202,OK,STOCK_PENDING,56.382
duplicate,189,0,202,OK,STOCK_PENDING,378.456
duplicate,14,0,202,OK,STOCK_PENDING,393.668
duplicate,38,0,202,OK,STOCK_PENDING,392.867
duplicate,155,0,202,OK,STOCK_PENDING,381.843
duplicate,167,0,202,OK,STOCK_PENDING,380.513
duplicate,87,0,202,OK,STOCK_PENDING,391.430
duplicate,409,0,202,OK,STOCK_PENDING,57.580
duplicate,328,0,202,OK,STOCK_PENDING,89.745
duplicate,411,0,202,OK,STOCK_PENDING,57.358
duplicate,391,0,202,OK,STOCK_PENDING,62.270
duplicate,408,0,202,OK,STOCK_PENDING,58.698
duplicate,23,0,200,OK,PENDING_PAYMENT,395.848
duplicate,427,0,200,OK,PENDING_PAYMENT,54.161
duplicate,357,0,200,OK,PENDING_PAYMENT,71.800
duplicate,379,0,200,OK,PENDING_PAYMENT,66.305
duplicate,414,0,200,OK,PENDING_PAYMENT,59.922
duplicate,420,0,200,OK,PENDING_PAYMENT,58.240
duplicate,415,0,200,OK,PENDING_PAYMENT,59.937
duplicate,410,0,200,OK,PENDING_PAYMENT,62.280
duplicate,425,0,200,OK,PENDING_PAYMENT,58.101
duplicate,431,0,200,OK,PENDING_PAYMENT,56.597
duplicate,342,0,200,OK,PENDING_PAYMENT,92.843
duplicate,432,0,200,OK,PENDING_PAYMENT,55.359
duplicate,340,0,200,OK,PENDING_PAYMENT,94.243
duplicate,412,0,200,OK,PENDING_PAYMENT,63.943
duplicate,418,0,200,OK,PENDING_PAYMENT,60.559
duplicate,378,0,200,OK,PENDING_PAYMENT,74.728
duplicate,450,0,200,OK,PENDING_PAYMENT,58.073
duplicate,475,0,200,OK,PENDING_PAYMENT,56.708
duplicate,395,0,200,OK,PENDING_PAYMENT,70.834
duplicate,355,0,200,OK,PENDING_PAYMENT,84.022
duplicate,422,0,200,OK,PENDING_PAYMENT,63.959
duplicate,398,0,200,OK,PENDING_PAYMENT,76.547
duplicate,447,0,200,OK,PENDING_PAYMENT,64.506
duplicate,426,0,200,OK,PENDING_PAYMENT,69.370
duplicate,435,0,200,OK,PENDING_PAYMENT,65.171
duplicate,406,0,200,OK,PENDING_PAYMENT,75.389
duplicate,353,0,200,OK,PENDING_PAYMENT,90.909
duplicate,405,0,200,OK,PENDING_PAYMENT,75.832
duplicate,441,0,200,OK,PENDING_PAYMENT,64.844
duplicate,381,0,200,OK,PENDING_PAYMENT,80.813
duplicate,438,0,200,OK,PENDING_PAYMENT,65.849
duplicate,419,0,200,OK,PENDING_PAYMENT,71.479
duplicate,423,0,200,OK,PENDING_PAYMENT,73.332
duplicate,476,0,200,OK,PENDING_PAYMENT,67.612
duplicate,428,0,200,OK,PENDING_PAYMENT,73.732
duplicate,453,0,200,OK,PENDING_PAYMENT,69.615
duplicate,445,0,200,OK,PENDING_PAYMENT,69.766
duplicate,429,0,200,OK,PENDING_PAYMENT,74.624
duplicate,433,0,200,OK,PENDING_PAYMENT,73.671
duplicate,436,0,200,OK,PENDING_PAYMENT,73.075
duplicate,437,0,200,OK,PENDING_PAYMENT,74.843
duplicate,456,0,200,OK,PENDING_PAYMENT,74.703
duplicate,490,0,200,OK,PENDING_PAYMENT,70.945
duplicate,467,0,200,OK,PENDING_PAYMENT,73.944
duplicate,459,0,200,OK,PENDING_PAYMENT,77.027
duplicate,449,0,200,OK,PENDING_PAYMENT,77.469
duplicate,430,0,200,OK,PENDING_PAYMENT,81.958
duplicate,481,0,200,OK,PENDING_PAYMENT,76.908
duplicate,443,0,200,OK,PENDING_PAYMENT,79.305
duplicate,387,0,200,OK,PENDING_PAYMENT,99.783
duplicate,462,0,200,OK,PENDING_PAYMENT,85.190
duplicate,440,0,200,OK,PENDING_PAYMENT,86.012
duplicate,465,0,200,OK,PENDING_PAYMENT,89.803
duplicate,444,0,200,OK,PENDING_PAYMENT,90.776
duplicate,434,0,200,OK,PENDING_PAYMENT,91.860
duplicate,417,0,200,OK,PENDING_PAYMENT,96.996
duplicate,461,0,200,OK,PENDING_PAYMENT,90.362
duplicate,397,0,200,OK,PENDING_PAYMENT,103.263
duplicate,383,0,200,OK,PENDING_PAYMENT,105.347
duplicate,471,0,200,OK,PENDING_PAYMENT,90.752
duplicate,480,0,200,OK,PENDING_PAYMENT,91.273
duplicate,452,0,200,OK,PENDING_PAYMENT,93.136
duplicate,463,0,200,OK,PENDING_PAYMENT,95.082
duplicate,339,0,200,OK,PENDING_PAYMENT,135.504
duplicate,488,0,200,OK,PENDING_PAYMENT,93.285
duplicate,478,0,200,OK,PENDING_PAYMENT,95.591
duplicate,454,0,200,OK,PENDING_PAYMENT,97.145
duplicate,439,0,200,OK,PENDING_PAYMENT,98.243
duplicate,368,0,200,OK,PENDING_PAYMENT,117.629
duplicate,442,0,200,OK,PENDING_PAYMENT,100.191
duplicate,482,0,200,OK,PENDING_PAYMENT,98.132
duplicate,446,0,200,OK,PENDING_PAYMENT,101.616
duplicate,479,0,200,OK,PENDING_PAYMENT,100.196
duplicate,492,0,200,OK,PENDING_PAYMENT,98.198
duplicate,448,0,200,OK,PENDING_PAYMENT,103.718
duplicate,466,0,200,OK,PENDING_PAYMENT,102.955
duplicate,403,0,200,OK,PENDING_PAYMENT,116.045
duplicate,469,0,200,OK,PENDING_PAYMENT,103.708
duplicate,388,0,200,OK,PENDING_PAYMENT,120.819
duplicate,501,0,200,OK,PENDING_PAYMENT,97.945
duplicate,495,0,200,OK,PENDING_PAYMENT,99.467
duplicate,483,0,200,OK,PENDING_PAYMENT,106.489
duplicate,413,0,200,OK,PENDING_PAYMENT,116.952
duplicate,470,0,200,OK,PENDING_PAYMENT,107.426
duplicate,457,0,200,OK,PENDING_PAYMENT,110.231
duplicate,455,0,200,OK,PENDING_PAYMENT,110.505
duplicate,347,0,200,OK,PENDING_PAYMENT,143.589
duplicate,460,0,200,OK,PENDING_PAYMENT,112.452
duplicate,407,0,200,OK,PENDING_PAYMENT,123.547
duplicate,360,0,200,OK,PENDING_PAYMENT,136.913
duplicate,464,0,200,OK,PENDING_PAYMENT,114.118
duplicate,504,0,200,OK,PENDING_PAYMENT,107.099
duplicate,458,0,200,OK,PENDING_PAYMENT,115.779
duplicate,486,0,200,OK,PENDING_PAYMENT,116.476
duplicate,424,0,200,OK,PENDING_PAYMENT,124.190
duplicate,508,0,200,OK,PENDING_PAYMENT,109.811
duplicate,506,0,200,OK,PENDING_PAYMENT,109.972
duplicate,345,0,200,OK,PENDING_PAYMENT,155.407
duplicate,416,0,200,OK,PENDING_PAYMENT,127.590
duplicate,477,0,200,OK,PENDING_PAYMENT,119.431
duplicate,499,0,200,OK,PENDING_PAYMENT,114.338
duplicate,468,0,200,OK,PENDING_PAYMENT,122.615
duplicate,496,0,200,OK,PENDING_PAYMENT,116.688
duplicate,384,0,200,OK,PENDING_PAYMENT,139.093
duplicate,474,0,200,OK,PENDING_PAYMENT,123.925
duplicate,472,0,200,OK,PENDING_PAYMENT,124.220
duplicate,371,0,200,OK,PENDING_PAYMENT,146.683
duplicate,498,0,200,OK,PENDING_PAYMENT,119.264
duplicate,491,0,200,OK,PENDING_PAYMENT,123.077
duplicate,507,0,200,OK,PENDING_PAYMENT,118.627
duplicate,494,0,200,OK,PENDING_PAYMENT,122.590
duplicate,509,0,200,OK,PENDING_PAYMENT,119.558
duplicate,502,0,200,OK,PENDING_PAYMENT,122.398
duplicate,359,0,200,OK,PENDING_PAYMENT,154.079
duplicate,484,0,200,OK,PENDING_PAYMENT,130.464
duplicate,510,0,200,OK,PENDING_PAYMENT,122.379
duplicate,485,0,200,OK,PENDING_PAYMENT,132.180
duplicate,505,0,200,OK,PENDING_PAYMENT,124.765
duplicate,362,0,200,OK,PENDING_PAYMENT,156.707
duplicate,512,0,200,OK,PENDING_PAYMENT,125.251
duplicate,473,0,200,OK,PENDING_PAYMENT,135.377
duplicate,489,0,200,OK,PENDING_PAYMENT,134.168
duplicate,511,0,200,OK,PENDING_PAYMENT,125.743
duplicate,500,0,200,OK,PENDING_PAYMENT,129.781
duplicate,487,0,200,OK,PENDING_PAYMENT,135.759
duplicate,451,0,200,OK,PENDING_PAYMENT,138.501
duplicate,346,0,200,OK,PENDING_PAYMENT,171.542
duplicate,370,0,200,OK,PENDING_PAYMENT,158.310
duplicate,503,0,200,OK,PENDING_PAYMENT,130.379
duplicate,497,0,200,OK,PENDING_PAYMENT,132.690
duplicate,493,0,200,OK,PENDING_PAYMENT,136.320
duplicate,521,0,200,OK,PENDING_PAYMENT,127.144
duplicate,520,0,200,OK,PENDING_PAYMENT,127.206
duplicate,523,0,200,OK,PENDING_PAYMENT,126.933
duplicate,517,0,200,OK,PENDING_PAYMENT,128.276
duplicate,522,0,200,OK,PENDING_PAYMENT,128.140
duplicate,519,0,200,OK,PENDING_PAYMENT,129.064
duplicate,524,0,200,OK,PENDING_PAYMENT,128.499
duplicate,518,0,200,OK,PENDING_PAYMENT,129.382
duplicate,528,0,200,OK,PENDING_PAYMENT,128.699
duplicate,529,0,200,OK,PENDING_PAYMENT,129.842
duplicate,513,0,200,OK,PENDING_PAYMENT,133.257
duplicate,526,0,200,OK,PENDING_PAYMENT,132.074
duplicate,525,0,200,OK,PENDING_PAYMENT,132.879
duplicate,527,0,200,OK,PENDING_PAYMENT,133.009
duplicate,514,0,200,OK,PENDING_PAYMENT,134.957
duplicate,516,0,200,OK,PENDING_PAYMENT,135.025
duplicate,530,0,200,OK,PENDING_PAYMENT,132.304
duplicate,531,0,200,OK,PENDING_PAYMENT,133.839
duplicate,533,0,200,OK,PENDING_PAYMENT,133.666
duplicate,532,0,200,OK,PENDING_PAYMENT,133.689
duplicate,515,0,200,OK,PENDING_PAYMENT,138.595
duplicate,534,0,200,OK,PENDING_PAYMENT,134.183
duplicate,535,0,200,OK,PENDING_PAYMENT,134.196
duplicate,536,0,200,OK,PENDING_PAYMENT,134.242
duplicate,537,0,200,OK,PENDING_PAYMENT,134.643
duplicate,382,0,200,OK,PENDING_PAYMENT,171.285
duplicate,367,0,200,OK,PENDING_PAYMENT,177.275
duplicate,350,0,200,OK,PENDING_PAYMENT,186.117
duplicate,349,0,200,OK,PENDING_PAYMENT,186.465
duplicate,540,0,200,OK,PENDING_PAYMENT,134.744
duplicate,538,0,200,OK,PENDING_PAYMENT,134.962
duplicate,539,0,200,OK,PENDING_PAYMENT,135.181
duplicate,541,0,200,OK,PENDING_PAYMENT,136.447
duplicate,543,0,200,OK,PENDING_PAYMENT,135.819
duplicate,542,0,200,OK,PENDING_PAYMENT,136.533
duplicate,544,0,200,OK,PENDING_PAYMENT,138.362
duplicate,545,0,200,OK,PENDING_PAYMENT,138.408
duplicate,546,0,200,OK,PENDING_PAYMENT,138.914
duplicate,548,0,200,OK,PENDING_PAYMENT,138.465
duplicate,547,0,200,OK,PENDING_PAYMENT,139.064
duplicate,549,0,200,OK,PENDING_PAYMENT,138.937
duplicate,550,0,200,OK,PENDING_PAYMENT,139.486
duplicate,551,0,200,OK,PENDING_PAYMENT,139.530
duplicate,552,0,200,OK,PENDING_PAYMENT,139.934
duplicate,554,0,200,OK,PENDING_PAYMENT,145.795
duplicate,369,0,200,OK,PENDING_PAYMENT,193.374
duplicate,555,0,200,OK,PENDING_PAYMENT,145.872
duplicate,553,0,200,OK,PENDING_PAYMENT,146.165
duplicate,558,0,200,OK,PENDING_PAYMENT,144.567
duplicate,556,0,200,OK,PENDING_PAYMENT,145.992
duplicate,372,0,200,OK,PENDING_PAYMENT,193.644
duplicate,557,0,200,OK,PENDING_PAYMENT,145.545
duplicate,560,0,200,OK,PENDING_PAYMENT,146.548
duplicate,559,0,200,OK,PENDING_PAYMENT,146.646
duplicate,562,0,200,OK,PENDING_PAYMENT,148.239
duplicate,561,0,200,OK,PENDING_PAYMENT,149.996
duplicate,376,0,200,OK,PENDING_PAYMENT,198.650
duplicate,564,0,200,OK,PENDING_PAYMENT,148.625
duplicate,380,0,200,OK,PENDING_PAYMENT,197.060
duplicate,563,0,200,OK,PENDING_PAYMENT,149.749
duplicate,573,0,200,OK,PENDING_PAYMENT,147.239
duplicate,569,0,200,OK,PENDING_PAYMENT,150.071
duplicate,377,0,200,OK,PENDING_PAYMENT,200.792
duplicate,578,0,200,OK,PENDING_PAYMENT,147.926
duplicate,591,0,200,OK,PENDING_PAYMENT,146.779
duplicate,583,0,200,OK,PENDING_PAYMENT,147.958
duplicate,572,0,200,OK,PENDING_PAYMENT,150.578
duplicate,579,0,200,OK,PENDING_PAYMENT,149.370
duplicate,568,0,200,OK,PENDING_PAYMENT,152.681
duplicate,565,0,200,OK,PENDING_PAYMENT,154.273
duplicate,575,0,200,OK,PENDING_PAYMENT,152.194
duplicate,399,0,200,OK,PENDING_PAYMENT,201.496
duplicate,570,0,200,OK,PENDING_PAYMENT,155.127
duplicate,584,0,200,OK,PENDING_PAYMENT,152.195
duplicate,396,0,200,OK,PENDING_PAYMENT,202.191
duplicate,606,0,200,OK,PENDING_PAYMENT,149.489
duplicate,592,0,200,OK,PENDING_PAYMENT,152.294
duplicate,574,0,200,OK,PENDING_PAYMENT,156.473
duplicate,595,0,200,OK,PENDING_PAYMENT,154.676
duplicate,566,0,200,OK,PENDING_PAYMENT,160.741
duplicate,585,0,200,OK,PENDING_PAYMENT,156.517
duplicate,588,0,200,OK,PENDING_PAYMENT,156.466
duplicate,576,0,200,OK,PENDING_PAYMENT,159.121
duplicate,594,0,200,OK,PENDING_PAYMENT,156.271
duplicate,567,0,200,OK,PENDING_PAYMENT,161.847
duplicate,602,0,200,OK,PENDING_PAYMENT,156.697
duplicate,586,0,200,OK,PENDING_PAYMENT,161.186
duplicate,589,0,200,OK,PENDING_PAYMENT,160.829
duplicate,587,0,200,OK,PENDING_PAYMENT,161.294
duplicate,608,0,200,OK,PENDING_PAYMENT,157.227
duplicate,571,0,200,OK,PENDING_PAYMENT,165.558
duplicate,421,0,200,OK,PENDING_PAYMENT,205.530
duplicate,390,0,200,OK,PENDING_PAYMENT,214.884
duplicate,596,0,200,OK,PENDING_PAYMENT,163.324
duplicate,593,0,200,OK,PENDING_PAYMENT,164.227
duplicate,597,0,200,OK,PENDING_PAYMENT,164.622
duplicate,580,0,200,OK,PENDING_PAYMENT,167.895
duplicate,590,0,200,OK,PENDING_PAYMENT,166.465
duplicate,577,0,200,OK,PENDING_PAYMENT,169.195
duplicate,600,0,200,OK,PENDING_PAYMENT,166.011
duplicate,603,0,200,OK,PENDING_PAYMENT,165.409
duplicate,598,0,200,OK,PENDING_PAYMENT,166.566
duplicate,601,0,200,OK,PENDING_PAYMENT,166.986
duplicate,582,0,200,OK,PENDING_PAYMENT,170.188
duplicate,605,0,200,OK,PENDING_PAYMENT,166.486
duplicate,599,0,200,OK,PENDING_PAYMENT,169.649
duplicate,581,0,200,OK,PENDING_PAYMENT,172.389
duplicate,604,0,200,OK,PENDING_PAYMENT,169.087
duplicate,609,0,200,OK,PENDING_PAYMENT,167.540
duplicate,607,0,200,OK,PENDING_PAYMENT,168.562
duplicate,389,0,200,OK,PENDING_PAYMENT,225.363
duplicate,612,0,200,OK,PENDING_PAYMENT,166.997
duplicate,611,0,200,OK,PENDING_PAYMENT,167.446
duplicate,610,0,200,OK,PENDING_PAYMENT,168.944
duplicate,614,0,200,OK,PENDING_PAYMENT,168.795
duplicate,613,0,200,OK,PENDING_PAYMENT,168.857
duplicate,616,0,200,OK,PENDING_PAYMENT,168.768
duplicate,615,0,200,OK,PENDING_PAYMENT,168.977
duplicate,617,0,200,OK,PENDING_PAYMENT,168.475
duplicate,618,0,200,OK,PENDING_PAYMENT,168.750
duplicate,621,0,200,OK,PENDING_PAYMENT,169.743
duplicate,619,0,200,OK,PENDING_PAYMENT,169.930
duplicate,622,0,200,OK,PENDING_PAYMENT,172.190
duplicate,620,0,200,OK,PENDING_PAYMENT,172.465
duplicate,623,0,200,OK,PENDING_PAYMENT,172.214
duplicate,624,0,200,OK,PENDING_PAYMENT,171.888
duplicate,625,0,200,OK,PENDING_PAYMENT,172.095
duplicate,626,0,200,OK,PENDING_PAYMENT,172.951
duplicate,627,0,200,OK,PENDING_PAYMENT,172.620
duplicate,629,0,200,OK,PENDING_PAYMENT,169.548
duplicate,630,0,200,OK,PENDING_PAYMENT,170.258
duplicate,628,0,200,OK,PENDING_PAYMENT,171.205
duplicate,632,0,200,OK,PENDING_PAYMENT,171.305
duplicate,631,0,200,OK,PENDING_PAYMENT,172.056
duplicate,633,0,200,OK,PENDING_PAYMENT,172.261
duplicate,634,0,200,OK,PENDING_PAYMENT,172.670
duplicate,635,0,200,OK,PENDING_PAYMENT,172.786
duplicate,636,0,200,OK,PENDING_PAYMENT,173.386
duplicate,637,0,200,OK,PENDING_PAYMENT,172.821
duplicate,638,0,200,OK,PENDING_PAYMENT,172.830
duplicate,639,0,200,OK,PENDING_PAYMENT,171.362
duplicate,642,0,200,OK,PENDING_PAYMENT,171.169
duplicate,640,0,200,OK,PENDING_PAYMENT,171.556
duplicate,643,0,200,OK,PENDING_PAYMENT,173.699
duplicate,641,0,200,OK,PENDING_PAYMENT,174.255
duplicate,644,0,200,OK,PENDING_PAYMENT,173.810
duplicate,646,0,200,OK,PENDING_PAYMENT,169.217
duplicate,650,0,200,OK,PENDING_PAYMENT,169.181
duplicate,647,0,200,OK,PENDING_PAYMENT,169.282
duplicate,649,0,200,OK,PENDING_PAYMENT,169.509
duplicate,648,0,200,OK,PENDING_PAYMENT,169.663
duplicate,652,0,200,OK,PENDING_PAYMENT,170.348
duplicate,653,0,200,OK,PENDING_PAYMENT,171.483
duplicate,651,0,200,OK,PENDING_PAYMENT,172.242
duplicate,645,0,200,OK,PENDING_PAYMENT,173.188
duplicate,655,0,200,OK,PENDING_PAYMENT,171.725
duplicate,654,0,200,OK,PENDING_PAYMENT,172.785
duplicate,656,0,200,OK,PENDING_PAYMENT,169.882
duplicate,658,0,200,OK,PENDING_PAYMENT,169.455
duplicate,657,0,200,OK,PENDING_PAYMENT,170.941
duplicate,659,0,200,OK,PENDING_PAYMENT,175.442
duplicate,660,0,200,OK,PENDING_PAYMENT,176.819
duplicate,661,0,200,OK,PENDING_PAYMENT,176.064
duplicate,667,0,200,OK,PENDING_PAYMENT,171.781
duplicate,663,0,200,OK,PENDING_PAYMENT,174.315
duplicate,669,0,200,OK,PENDING_PAYMENT,169.252
duplicate,666,0,200,OK,PENDING_PAYMENT,172.499
duplicate,662,0,200,OK,PENDING_PAYMENT,175.187
duplicate,668,0,200,OK,PENDING_PAYMENT,170.261
duplicate,664,0,200,OK,PENDING_PAYMENT,173.529
duplicate,671,0,200,OK,PENDING_PAYMENT,171.265
duplicate,672,0,200,OK,PENDING_PAYMENT,170.634
duplicate,670,0,200,OK,PENDING_PAYMENT,171.289
duplicate,665,0,200,OK,PENDING_PAYMENT,175.132
duplicate,674,0,200,OK,PENDING_PAYMENT,166.713
duplicate,673,0,200,OK,PENDING_PAYMENT,166.743
duplicate,675,0,200,OK,PENDING_PAYMENT,166.701
duplicate,676,0,200,OK,PENDING_PAYMENT,161.814
duplicate,679,0,200,OK,PENDING_PAYMENT,163.070
duplicate,682,0,200,OK,PENDING_PAYMENT,163.020
duplicate,680,0,200,OK,PENDING_PAYMENT,163.713
duplicate,678,0,200,OK,PENDING_PAYMENT,164.365
duplicate,681,0,200,OK,PENDING_PAYMENT,165.174
duplicate,677,0,200,OK,PENDING_PAYMENT,167.006
duplicate,683,0,200,OK,PENDING_PAYMENT,166.076
duplicate,685,0,200,OK,PENDING_PAYMENT,165.671
duplicate,686,0,200,OK,PENDING_PAYMENT,163.511
duplicate,684,0,200,OK,PENDING_PAYMENT,166.388
duplicate,687,0,200,OK,PENDING_PAYMENT,163.798
duplicate,688,0,200,OK,PENDING_PAYMENT,163.844
duplicate,690,0,200,OK,PENDING_PAYMENT,163.706
duplicate,692,0,200,OK,PENDING_PAYMENT,163.020
duplicate,689,0,200,OK,PENDING_PAYMENT,163.887
duplicate,691,0,200,OK,PENDING_PAYMENT,163.773
duplicate,694,0,200,OK,PENDING_PAYMENT,162.582
duplicate,693,0,200,OK,PENDING_PAYMENT,163.872
duplicate,695,0,200,OK,PENDING_PAYMENT,162.425
duplicate,696,0,200,OK,PENDING_PAYMENT,162.423
duplicate,697,0,200,OK,PENDING_PAYMENT,161.937
duplicate,698,0,200,OK,PENDING_PAYMENT,162.490
duplicate,699,0,200,OK,PENDING_PAYMENT,162.359
duplicate,700,0,200,OK,PENDING_PAYMENT,161.965
duplicate,701,0,200,OK,PENDING_PAYMENT,163.336
duplicate,703,0,200,OK,PENDING_PAYMENT,161.483
duplicate,702,0,200,OK,PENDING_PAYMENT,161.588
duplicate,704,0,200,OK,PENDING_PAYMENT,161.953
duplicate,705,0,200,OK,PENDING_PAYMENT,161.773
duplicate,707,0,200,OK,PENDING_PAYMENT,161.926
duplicate,709,0,200,OK,PENDING_PAYMENT,160.186
duplicate,706,0,200,OK,PENDING_PAYMENT,162.331
duplicate,708,0,200,OK,PENDING_PAYMENT,160.852
duplicate,710,0,200,OK,PENDING_PAYMENT,159.700
duplicate,711,0,200,OK,PENDING_PAYMENT,159.484
duplicate,712,0,200,OK,PENDING_PAYMENT,159.303
duplicate,715,0,200,OK,PENDING_PAYMENT,169.514
duplicate,714,0,200,OK,PENDING_PAYMENT,170.749
duplicate,713,0,200,OK,PENDING_PAYMENT,170.787
duplicate,716,0,200,OK,PENDING_PAYMENT,172.752
duplicate,718,0,200,OK,PENDING_PAYMENT,170.159
duplicate,720,0,200,OK,PENDING_PAYMENT,169.765
duplicate,717,0,200,OK,PENDING_PAYMENT,171.110
duplicate,721,0,200,OK,PENDING_PAYMENT,170.609
duplicate,719,0,200,OK,PENDING_PAYMENT,170.997
duplicate,722,0,200,OK,PENDING_PAYMENT,170.502
duplicate,723,0,200,OK,PENDING_PAYMENT,170.706
duplicate,724,0,200,OK,PENDING_PAYMENT,170.272
duplicate,725,0,200,OK,PENDING_PAYMENT,169.369
duplicate,727,0,200,OK,PENDING_PAYMENT,168.513
duplicate,726,0,200,OK,PENDING_PAYMENT,168.829
duplicate,728,0,200,OK,PENDING_PAYMENT,169.187
duplicate,729,0,200,OK,PENDING_PAYMENT,169.123
duplicate,731,0,200,OK,PENDING_PAYMENT,167.902
duplicate,730,0,200,OK,PENDING_PAYMENT,168.924
duplicate,732,0,200,OK,PENDING_PAYMENT,168.800
duplicate,735,0,200,OK,PENDING_PAYMENT,167.172
duplicate,733,0,200,OK,PENDING_PAYMENT,168.589
duplicate,736,0,200,OK,PENDING_PAYMENT,167.281
duplicate,734,0,200,OK,PENDING_PAYMENT,168.781
duplicate,737,0,200,OK,PENDING_PAYMENT,168.024
duplicate,738,0,200,OK,PENDING_PAYMENT,167.383
duplicate,741,0,200,OK,PENDING_PAYMENT,166.599
duplicate,739,0,200,OK,PENDING_PAYMENT,167.687
duplicate,740,0,200,OK,PENDING_PAYMENT,166.887
duplicate,744,0,200,OK,PENDING_PAYMENT,164.926
duplicate,742,0,200,OK,PENDING_PAYMENT,167.098
duplicate,743,0,200,OK,PENDING_PAYMENT,166.368
duplicate,747,0,200,OK,PENDING_PAYMENT,165.147
duplicate,745,0,200,OK,PENDING_PAYMENT,166.744
duplicate,746,0,200,OK,PENDING_PAYMENT,166.548
duplicate,748,0,200,OK,PENDING_PAYMENT,166.740
duplicate,749,0,200,OK,PENDING_PAYMENT,166.635
duplicate,750,0,200,OK,PENDING_PAYMENT,166.594
duplicate,751,0,200,OK,PENDING_PAYMENT,167.215
duplicate,752,0,200,OK,PENDING_PAYMENT,166.906
duplicate,753,0,200,OK,PENDING_PAYMENT,166.188
duplicate,754,0,200,OK,PENDING_PAYMENT,166.237
duplicate,756,0,200,OK,PENDING_PAYMENT,164.976
duplicate,757,0,200,OK,PENDING_PAYMENT,165.578
duplicate,758,0,200,OK,PENDING_PAYMENT,165.400
duplicate,755,0,200,OK,PENDING_PAYMENT,166.104
duplicate,759,0,200,OK,PENDING_PAYMENT,166.070
duplicate,761,0,200,OK,PENDING_PAYMENT,165.842
duplicate,760,0,200,OK,PENDING_PAYMENT,166.021
duplicate,763,0,200,OK,PENDING_PAYMENT,166.486
duplicate,762,0,200,OK,PENDING_PAYMENT,166.836
duplicate,764,0,200,OK,PENDING_PAYMENT,164.669
duplicate,766,0,200,OK,PENDING_PAYMENT,164.873
duplicate,765,0,200,OK,PENDING_PAYMENT,165.117
duplicate,767,0,200,OK,PENDING_PAYMENT,164.734
duplicate,768,0,200,OK,PENDING_PAYMENT,164.564
duplicate,769,0,200,OK,PENDING_PAYMENT,165.019
duplicate,770,0,200,OK,PENDING_PAYMENT,165.152
duplicate,771,0,200,OK,PENDING_PAYMENT,165.001
duplicate,772,0,200,OK,PENDING_PAYMENT,162.317
duplicate,774,0,200,OK,PENDING_PAYMENT,162.909
duplicate,773,0,200,OK,PENDING_PAYMENT,163.458
duplicate,775,0,200,OK,PENDING_PAYMENT,163.788
duplicate,776,0,200,OK,PENDING_PAYMENT,164.711
duplicate,777,0,200,OK,PENDING_PAYMENT,164.694
duplicate,778,0,200,OK,PENDING_PAYMENT,165.165
duplicate,779,0,200,OK,PENDING_PAYMENT,165.057
duplicate,780,0,200,OK,PENDING_PAYMENT,165.053
duplicate,781,0,200,OK,PENDING_PAYMENT,163.169
duplicate,784,0,200,OK,PENDING_PAYMENT,163.854
duplicate,782,0,200,OK,PENDING_PAYMENT,163.941
duplicate,783,0,200,OK,PENDING_PAYMENT,164.631
duplicate,786,0,200,OK,PENDING_PAYMENT,164.216
duplicate,785,0,200,OK,PENDING_PAYMENT,165.089
duplicate,788,0,200,OK,PENDING_PAYMENT,164.386
duplicate,787,0,200,OK,PENDING_PAYMENT,164.586
duplicate,789,0,200,OK,PENDING_PAYMENT,164.703
duplicate,791,0,200,OK,PENDING_PAYMENT,162.077
duplicate,790,0,200,OK,PENDING_PAYMENT,162.261
duplicate,793,0,200,OK,PENDING_PAYMENT,167.511
duplicate,796,0,200,OK,PENDING_PAYMENT,165.576
duplicate,795,0,200,OK,PENDING_PAYMENT,166.187
duplicate,794,0,200,OK,PENDING_PAYMENT,167.510
duplicate,792,0,200,OK,PENDING_PAYMENT,168.143
duplicate,797,0,200,OK,PENDING_PAYMENT,166.316
duplicate,801,0,200,OK,PENDING_PAYMENT,158.989
duplicate,799,0,200,OK,PENDING_PAYMENT,159.575
duplicate,798,0,200,OK,PENDING_PAYMENT,166.671
duplicate,802,0,200,OK,PENDING_PAYMENT,159.653
duplicate,800,0,200,OK,PENDING_PAYMENT,160.195
duplicate,805,0,200,OK,PENDING_PAYMENT,162.770
duplicate,807,0,200,OK,PENDING_PAYMENT,160.822
duplicate,803,0,200,OK,PENDING_PAYMENT,162.926
duplicate,804,0,200,OK,PENDING_PAYMENT,162.858
duplicate,806,0,200,OK,PENDING_PAYMENT,162.817
duplicate,811,0,200,OK,PENDING_PAYMENT,157.398
duplicate,810,0,200,OK,PENDING_PAYMENT,157.786
duplicate,808,0,200,OK,PENDING_PAYMENT,161.482
duplicate,809,0,200,OK,PENDING_PAYMENT,159.602
duplicate,812,0,200,OK,PENDING_PAYMENT,157.313
duplicate,813,0,200,OK,PENDING_PAYMENT,157.642
duplicate,814,0,200,OK,PENDING_PAYMENT,158.146
duplicate,815,0,200,OK,PENDING_PAYMENT,157.823
duplicate,816,0,200,OK,PENDING_PAYMENT,157.113
duplicate,817,0,200,OK,PENDING_PAYMENT,157.177
duplicate,818,0,200,OK,PENDING_PAYMENT,157.562
duplicate,821,0,200,OK,PENDING_PAYMENT,157.079
duplicate,822,0,200,OK,PENDING_PAYMENT,156.886
duplicate,820,0,200,OK,PENDING_PAYMENT,157.644
duplicate,819,0,200,OK,PENDING_PAYMENT,158.074
duplicate,823,0,200,OK,PENDING_PAYMENT,157.368
duplicate,824,0,200,OK,PENDING_PAYMENT,156.735
duplicate,827,0,200,OK,PENDING_PAYMENT,155.042
duplicate,825,0,200,OK,PENDING_PAYMENT,157.116
duplicate,826,0,200,OK,PENDING_PAYMENT,155.947
duplicate,828,0,200,OK,PENDING_PAYMENT,156.212
duplicate,829,0,200,OK,PENDING_PAYMENT,156.309
duplicate,830,0,200,OK,PENDING_PAYMENT,155.884
duplicate,831,0,200,OK,PENDING_PAYMENT,155.861
duplicate,832,0,200,OK,PENDING_PAYMENT,156.193
duplicate,834,0,200,OK,PENDING_PAYMENT,153.674
duplicate,833,0,200,OK,PENDING_PAYMENT,154.556
duplicate,837,0,200,OK,PENDING_PAYMENT,154.009
duplicate,836,0,200,OK,PENDING_PAYMENT,154.267
duplicate,839,0,200,OK,PENDING_PAYMENT,154.539
duplicate,835,0,200,OK,PENDING_PAYMENT,155.692
duplicate,838,0,200,OK,PENDING_PAYMENT,155.725
duplicate,840,0,200,OK,PENDING_PAYMENT,155.015
duplicate,842,0,200,OK,PENDING_PAYMENT,152.532
duplicate,843,0,200,OK,PENDING_PAYMENT,152.723
duplicate,841,0,200,OK,PENDING_PAYMENT,153.627
duplicate,844,0,200,OK,PENDING_PAYMENT,153.174
duplicate,845,0,200,OK,PENDING_PAYMENT,153.336
duplicate,846,0,200,OK,PENDING_PAYMENT,153.687
duplicate,847,0,200,OK,PENDING_PAYMENT,153.056
duplicate,848,0,200,OK,PENDING_PAYMENT,151.426
duplicate,849,0,200,OK,PENDING_PAYMENT,151.814
duplicate,850,0,200,OK,PENDING_PAYMENT,150.905
duplicate,851,0,200,OK,PENDING_PAYMENT,150.973
duplicate,852,0,200,OK,PENDING_PAYMENT,150.710
duplicate,853,0,200,OK,PENDING_PAYMENT,151.070
duplicate,855,0,200,OK,PENDING_PAYMENT,150.386
duplicate,854,0,200,OK,PENDING_PAYMENT,151.676
duplicate,856,0,200,OK,PENDING_PAYMENT,151.306
duplicate,857,0,200,OK,PENDING_PAYMENT,150.919
duplicate,858,0,200,OK,PENDING_PAYMENT,151.302
duplicate,859,0,200,OK,PENDING_PAYMENT,151.145
duplicate,860,0,200,OK,PENDING_PAYMENT,150.288
duplicate,863,0,200,OK,PENDING_PAYMENT,150.093
duplicate,862,0,200,OK,PENDING_PAYMENT,150.389
duplicate,861,0,200,OK,PENDING_PAYMENT,150.961
duplicate,865,0,200,OK,PENDING_PAYMENT,149.290
duplicate,866,0,200,OK,PENDING_PAYMENT,149.026
duplicate,864,0,200,OK,PENDING_PAYMENT,149.667
duplicate,867,0,200,OK,PENDING_PAYMENT,149.100
duplicate,868,0,200,OK,PENDING_PAYMENT,148.153
duplicate,871,0,200,OK,PENDING_PAYMENT,146.333
duplicate,869,0,200,OK,PENDING_PAYMENT,146.725
duplicate,870,0,200,OK,PENDING_PAYMENT,147.311
duplicate,872,0,200,OK,PENDING_PAYMENT,147.511
duplicate,873,0,200,OK,PENDING_PAYMENT,147.987
duplicate,874,0,200,OK,PENDING_PAYMENT,147.797
duplicate,876,0,200,OK,PENDING_PAYMENT,146.345
duplicate,879,0,200,OK,PENDING_PAYMENT,143.821
duplicate,875,0,200,OK,PENDING_PAYMENT,146.672
duplicate,878,0,200,OK,PENDING_PAYMENT,144.270
duplicate,877,0,200,OK,PENDING_PAYMENT,145.035
duplicate,880,0,200,OK,PENDING_PAYMENT,145.280
duplicate,881,0,200,OK,PENDING_PAYMENT,146.089
duplicate,882,0,200,OK,PENDING_PAYMENT,145.883
duplicate,883,0,200,OK,PENDING_PAYMENT,145.953
duplicate,884,0,200,OK,PENDING_PAYMENT,146.205
duplicate,885,0,200,OK,PENDING_PAYMENT,145.784
duplicate,886,0,200,OK,PENDING_PAYMENT,145.353
duplicate,887,0,200,OK,PENDING_PAYMENT,145.503
duplicate,888,0,200,OK,PENDING_PAYMENT,145.317
duplicate,889,0,200,OK,PENDING_PAYMENT,146.336
duplicate,890,0,200,OK,PENDING_PAYMENT,146.208
duplicate,891,0,200,OK,PENDING_PAYMENT,145.774
duplicate,892,0,200,OK,PENDING_PAYMENT,144.705
duplicate,893,0,200,OK,PENDING_PAYMENT,144.902
duplicate,895,0,200,OK,PENDING_PAYMENT,144.243
duplicate,894,0,200,OK,PENDING_PAYMENT,145.581
duplicate,896,0,200,OK,PENDING_PAYMENT,144.168
duplicate,897,0,200,OK,PENDING_PAYMENT,144.470
duplicate,900,0,200,OK,PENDING_PAYMENT,142.086
duplicate,898,0,200,OK,PENDING_PAYMENT,143.652
duplicate,899,0,200,OK,PENDING_PAYMENT,143.890
duplicate,901,0,200,OK,PENDING_PAYMENT,142.879
duplicate,903,0,200,OK,PENDING_PAYMENT,143.773
duplicate,902,0,200,OK,PENDING_PAYMENT,144.008
duplicate,904,0,200,OK,PENDING_PAYMENT,143.815
duplicate,906,0,200,OK,PENDING_PAYMENT,143.255
duplicate,905,0,200,OK,PENDING_PAYMENT,144.140
duplicate,907,0,200,OK,PENDING_PAYMENT,142.269
duplicate,908,0,200,OK,PENDING_PAYMENT,143.016
duplicate,910,0,200,OK,PENDING_PAYMENT,142.629
duplicate,909,0,200,OK,PENDING_PAYMENT,143.051
duplicate,911,0,200,OK,PENDING_PAYMENT,143.435
duplicate,912,0,200,OK,PENDING_PAYMENT,143.631
duplicate,913,0,200,OK,PENDING_PAYMENT,143.741
duplicate,914,0,200,OK,PENDING_PAYMENT,142.818
duplicate,915,0,200,OK,PENDING_PAYMENT,138.065
duplicate,916,0,200,OK,PENDING_PAYMENT,137.726
duplicate,919,0,200,OK,PENDING_PAYMENT,138.374
duplicate,917,0,200,OK,PENDING_PAYMENT,138.533
duplicate,918,0,200,OK,PENDING_PAYMENT,139.081
duplicate,920,0,200,OK,PENDING_PAYMENT,139.512
duplicate,921,0,200,OK,PENDING_PAYMENT,139.346
duplicate,925,0,200,OK,PENDING_PAYMENT,137.280
duplicate,924,0,200,OK,PENDING_PAYMENT,139.480
duplicate,922,0,200,OK,PENDING_PAYMENT,140.011
duplicate,923,0,200,OK,PENDING_PAYMENT,140.443
duplicate,928,0,200,OK,PENDING_PAYMENT,138.710
duplicate,926,0,200,OK,PENDING_PAYMENT,139.724
duplicate,927,0,200,OK,PENDING_PAYMENT,139.726
duplicate,932,0,200,OK,PENDING_PAYMENT,138.549
duplicate,933,0,200,OK,PENDING_PAYMENT,137.238
duplicate,929,0,200,OK,PENDING_PAYMENT,138.615
duplicate,930,0,200,OK,PENDING_PAYMENT,138.608
duplicate,931,0,200,OK,PENDING_PAYMENT,138.638
duplicate,935,0,200,OK,PENDING_PAYMENT,137.176
duplicate,934,0,200,OK,PENDING_PAYMENT,137.643
duplicate,936,0,200,OK,PENDING_PAYMENT,140.046
duplicate,937,0,200,OK,PENDING_PAYMENT,139.387
duplicate,938,0,200,OK,PENDING_PAYMENT,138.058
duplicate,942,0,200,OK,PENDING_PAYMENT,137.786
duplicate,939,0,200,OK,PENDING_PAYMENT,139.121
duplicate,940,0,200,OK,PENDING_PAYMENT,138.137
duplicate,947,0,200,OK,PENDING_PAYMENT,136.111
duplicate,945,0,200,OK,PENDING_PAYMENT,136.191
duplicate,943,0,200,OK,PENDING_PAYMENT,137.657
duplicate,952,0,200,OK,PENDING_PAYMENT,133.855
duplicate,941,0,200,OK,PENDING_PAYMENT,138.792
duplicate,948,0,200,OK,PENDING_PAYMENT,136.390
duplicate,949,0,200,OK,PENDING_PAYMENT,135.453
duplicate,946,0,200,OK,PENDING_PAYMENT,137.181
duplicate,951,0,200,OK,PENDING_PAYMENT,134.124
duplicate,944,0,200,OK,PENDING_PAYMENT,138.599
duplicate,955,0,200,OK,PENDING_PAYMENT,132.390
duplicate,950,0,200,OK,PENDING_PAYMENT,134.795
duplicate,953,0,200,OK,PENDING_PAYMENT,134.467
duplicate,956,0,200,OK,PENDING_PAYMENT,133.892
duplicate,954,0,200,OK,PENDING_PAYMENT,134.951
duplicate,957,0,200,OK,PENDING_PAYMENT,133.237
duplicate,959,0,200,OK,PENDING_PAYMENT,133.048
duplicate,958,0,200,OK,PENDING_PAYMENT,133.443
duplicate,960,0,200,OK,PENDING_PAYMENT,133.287
duplicate,962,0,200,OK,PENDING_PAYMENT,131.914
duplicate,961,0,200,OK,PENDING_PAYMENT,132.249
duplicate,963,0,200,OK,PENDING_PAYMENT,131.790
duplicate,964,0,200,OK,PENDING_PAYMENT,131.918
duplicate,965,0,200,OK,PENDING_PAYMENT,132.409
duplicate,966,0,200,OK,PENDING_PAYMENT,132.003
duplicate,968,0,200,OK,PENDING_PAYMENT,131.642
duplicate,967,0,200,OK,PENDING_PAYMENT,132.531
duplicate,971,0,200,OK,PENDING_PAYMENT,119.616
duplicate,970,0,200,OK,PENDING_PAYMENT,119.952
duplicate,969,0,200,OK,PENDING_PAYMENT,121.093
duplicate,972,0,200,OK,PENDING_PAYMENT,117.865
duplicate,974,0,200,OK,PENDING_PAYMENT,117.891
duplicate,973,0,200,OK,PENDING_PAYMENT,118.031
duplicate,975,0,200,OK,PENDING_PAYMENT,118.621
duplicate,976,0,200,OK,PENDING_PAYMENT,117.986
duplicate,977,0,200,OK,PENDING_PAYMENT,118.216
duplicate,978,0,200,OK,PENDING_PAYMENT,118.692
duplicate,979,0,200,OK,PENDING_PAYMENT,118.856
duplicate,980,0,200,OK,PENDING_PAYMENT,117.964
duplicate,981,0,200,OK,PENDING_PAYMENT,118.323
duplicate,982,0,200,OK,PENDING_PAYMENT,118.234
duplicate,983,0,200,OK,PENDING_PAYMENT,118.763
duplicate,985,0,200,OK,PENDING_PAYMENT,118.051
duplicate,984,0,200,OK,PENDING_PAYMENT,118.458
duplicate,986,0,200,OK,PENDING_PAYMENT,118.197
duplicate,987,0,200,OK,PENDING_PAYMENT,117.584
duplicate,988,0,200,OK,PENDING_PAYMENT,118.279
duplicate,989,0,200,OK,PENDING_PAYMENT,118.031
duplicate,990,0,200,OK,PENDING_PAYMENT,118.483
duplicate,991,0,200,OK,PENDING_PAYMENT,117.731
duplicate,992,0,200,OK,PENDING_PAYMENT,117.726
duplicate,994,0,200,OK,PENDING_PAYMENT,117.070
duplicate,993,0,200,OK,PENDING_PAYMENT,117.434
duplicate,995,0,200,OK,PENDING_PAYMENT,116.322
duplicate,997,0,200,OK,PENDING_PAYMENT,119.536
duplicate,998,0,200,OK,PENDING_PAYMENT,119.272
duplicate,996,0,200,OK,PENDING_PAYMENT,119.688
duplicate,999,0,200,OK,PENDING_PAYMENT,118.877
payment_success,5,5,200,OK,SUCCESS,990.047
payment_success,16,16,200,OK,SUCCESS,1046.957
payment_success,10,10,200,OK,SUCCESS,1039.446
payment_success,4,4,200,OK,SUCCESS,1053.867
payment_success,11,11,200,OK,SUCCESS,989.507
payment_success,15,15,200,OK,SUCCESS,1029.025
payment_success,19,19,200,OK,SUCCESS,1079.033
payment_success,9,9,200,OK,SUCCESS,1013.122
payment_success,7,7,200,OK,SUCCESS,1027.908
payment_success,6,6,200,OK,SUCCESS,990.499
payment_success,8,8,200,OK,SUCCESS,1011.814
payment_success,13,13,200,OK,SUCCESS,1012.047
payment_success,1,1,200,OK,SUCCESS,990.138
payment_success,26,26,200,OK,SUCCESS,1003.399
payment_success,17,17,200,OK,SUCCESS,990.732
payment_success,0,0,200,OK,SUCCESS,985.226
payment_success,14,14,200,OK,SUCCESS,1013.846
payment_success,23,23,200,OK,SUCCESS,1039.170
payment_success,45,45,200,OK,SUCCESS,1018.380
payment_success,105,41,200,OK,SUCCESS,985.545
payment_success,25,25,200,OK,SUCCESS,1053.896
payment_success,37,37,200,OK,SUCCESS,991.030
payment_success,27,27,200,OK,SUCCESS,1038.857
payment_success,29,29,200,OK,SUCCESS,1039.192
payment_success,22,22,200,OK,SUCCESS,1039.028
payment_success,32,32,200,OK,SUCCESS,1039.092
payment_success,44,44,200,OK,SUCCESS,1013.780
payment_success,31,31,200,OK,SUCCESS,1013.505
payment_success,48,48,200,OK,SUCCESS,1052.086
payment_success,51,51,200,OK,SUCCESS,1048.090
payment_success,34,34,200,OK,SUCCESS,1079.111
payment_success,12,12,200,OK,SUCCESS,987.870
payment_success,49,49,200,OK,SUCCESS,80.996
payment_success,2,2,200,OK,SUCCESS,71.808
payment_success,69,5,200,OK,SUCCESS,80.035
payment_success,74,10,200,OK,SUCCESS,80.649
payment_success,61,61,200,OK,SUCCESS,80.878
payment_success,108,44,200,OK,SUCCESS,80.365
payment_success,106,42,200,OK,SUCCESS,81.082
payment_success,67,3,200,OK,SUCCESS,81.274
payment_success,60,60,200,OK,SUCCESS,80.448
payment_success,113,49,200,OK,SUCCESS,81.268
payment_success,71,7,200,OK,SUCCESS,77.558
payment_success,3,3,200,OK,SUCCESS,88.148
payment_success,47,47,200,OK,SUCCESS,81.456
payment_success,18,18,200,OK,SUCCESS,81.904
payment_success,89,25,200,OK,SUCCESS,78.912
payment_success,86,22,200,OK,SUCCESS,138.466
payment_success,124,60,200,OK,SUCCESS,88.439
payment_success,88,24,200,OK,SUCCESS,80.997
payment_success,43,43,200,OK,SUCCESS,76.293
payment_success,39,39,200,OK,SUCCESS,79.907
payment_success,46,46,200,OK,SUCCESS,137.463
payment_success,93,29,200,OK,SUCCESS,88.434
payment_success,84,20,200,OK,SUCCESS,86.728
payment_success,96,32,200,OK,SUCCESS,85.216
payment_success,100,36,200,OK,SUCCESS,79.214
payment_success,110,46,200,OK,SUCCESS,142.804
payment_success,59,59,200,OK,SUCCESS,85.588
payment_success,109,45,200,OK,SUCCESS,98.818
payment_success,103,39,200,OK,SUCCESS,78.646
payment_success,55,55,200,OK,SUCCESS,79.214
payment_success,62,62,200,OK,SUCCESS,80.749
payment_success,102,38,200,OK,SUCCESS,45.523
payment_success,70,6,200,OK,SUCCESS,71.548
payment_success,121,57,200,OK,SUCCESS,70.936
payment_success,125,61,200,OK,SUCCESS,70.974
payment_success,123,59,200,OK,SUCCESS,71.820
payment_success,78,14,200,OK,SUCCESS,71.941
payment_success,80,16,200,OK,SUCCESS,73.064
payment_success,76,12,200,OK,SUCCESS,93.107
payment_success,20,20,200,OK,SUCCESS,71.002
payment_success,119,55,200,OK,SUCCESS,101.631
payment_success,120,56,200,OK,SUCCESS,86.250
payment_success,131,3,200,OK,SUCCESS,85.179
payment_success,129,1,200,OK,SUCCESS,86.527
payment_success,138,10,200,OK,SUCCESS,84.077
payment_success,137,9,200,OK,SUCCESS,84.998
payment_success,150,22,200,OK,SUCCESS,86.472
payment_success,162,34,200,OK,SUCCESS,81.180
payment_success,158,30,200,OK,SUCCESS,86.727
payment_success,155,27,200,OK,SUCCESS,96.673
payment_success,83,19,200,OK,SUCCESS,72.102
payment_success,91,27,200,OK,SUCCESS,71.539
payment_success,167,39,200,OK,SUCCESS,77.566
payment_success,170,42,200,OK,SUCCESS,92.089
payment_success,180,52,200,OK,SUCCESS,82.624
payment_success,172,44,200,OK,SUCCESS,77.700
payment_success,187,59,200,OK,SUCCESS,79.060
payment_success,192,0,200,OK,SUCCESS,73.562
payment_success,196,4,200,OK,SUCCESS,71.270
payment_success,194,2,200,OK,SUCCESS,77.396
payment_success,107,43,200,OK,SUCCESS,78.384
payment_success,200,8,200,OK,SUCCESS,41.750
payment_success,114,50,200,OK,SUCCESS,41.624
payment_success,87,23,200,OK,SUCCESS,35.523
payment_success,151,23,200,OK,SUCCESS,29.262
payment_success,169,41,200,OK,SUCCESS,35.178
payment_success,163,35,200,OK,SUCCESS,33.369
payment_success,104,40,200,OK,SUCCESS,26.694
