phase,index,user,http,code,initialState,latencyMs
warm_A,9,9,200,OK,PENDING_PAYMENT,1605.029
warm_A,11,11,200,OK,PENDING_PAYMENT,1604.901
warm_A,25,25,200,OK,PENDING_PAYMENT,1603.925
warm_A,22,22,200,OK,PENDING_PAYMENT,1604.323
warm_A,5,5,200,OK,PENDING_PAYMENT,1620.146
warm_A,26,26,200,OK,PENDING_PAYMENT,1636.802
warm_A,14,14,200,OK,PENDING_PAYMENT,1656.025
warm_A,1,1,200,OK,PENDING_PAYMENT,1673.977
warm_A,4,4,200,OK,PENDING_PAYMENT,1694.699
warm_A,3,3,200,OK,PENDING_PAYMENT,1704.752
warm_A,29,29,200,OK,PENDING_PAYMENT,1716.482
warm_A,21,21,200,OK,PENDING_PAYMENT,1730.080
warm_A,8,8,200,OK,PENDING_PAYMENT,1743.260
warm_A,6,6,200,OK,PENDING_PAYMENT,1763.651
warm_A,12,12,200,OK,PENDING_PAYMENT,1779.703
warm_A,30,30,200,OK,PENDING_PAYMENT,1787.166
warm_A,17,17,200,OK,PENDING_PAYMENT,1806.221
warm_A,10,10,200,OK,PENDING_PAYMENT,1820.054
warm_A,20,20,200,OK,PENDING_PAYMENT,1840.815
warm_A,15,15,200,OK,PENDING_PAYMENT,1853.155
warm_A,2,2,200,OK,PENDING_PAYMENT,1868.717
warm_A,23,23,200,OK,PENDING_PAYMENT,1881.695
warm_A,16,16,200,OK,PENDING_PAYMENT,1904.390
warm_A,24,24,200,OK,PENDING_PAYMENT,1913.063
warm_A,7,7,200,OK,PENDING_PAYMENT,1930.538
warm_A,27,27,200,OK,PENDING_PAYMENT,1940.310
warm_A,0,0,200,OK,PENDING_PAYMENT,1959.261
warm_A,28,28,200,OK,PENDING_PAYMENT,1976.636
warm_A,19,19,200,OK,PENDING_PAYMENT,1988.696
warm_A,31,31,200,OK,PENDING_PAYMENT,2003.500
warm_A,13,13,200,OK,PENDING_PAYMENT,2021.450
warm_A,18,18,200,OK,PENDING_PAYMENT,2038.025
warm_A,35,35,200,OK,PENDING_PAYMENT,449.011
warm_A,33,33,200,OK,PENDING_PAYMENT,460.790
warm_A,32,32,200,OK,PENDING_PAYMENT,474.697
warm_A,34,34,200,OK,PENDING_PAYMENT,509.458
warm_A,36,36,200,OK,PENDING_PAYMENT,502.665
warm_A,37,37,200,OK,PENDING_PAYMENT,523.790
warm_A,38,38,200,OK,PENDING_PAYMENT,523.548
warm_A,39,39,200,OK,PENDING_PAYMENT,515.914
warm_A,40,40,200,OK,PENDING_PAYMENT,545.062
warm_A,41,41,200,OK,PENDING_PAYMENT,562.477
warm_A,42,42,200,OK,PENDING_PAYMENT,579.347
warm_A,43,43,200,OK,PENDING_PAYMENT,566.690
warm_A,45,45,200,OK,PENDING_PAYMENT,579.883
warm_A,44,44,200,OK,PENDING_PAYMENT,616.876
warm_A,46,46,200,OK,PENDING_PAYMENT,586.874
warm_A,47,47,200,OK,PENDING_PAYMENT,623.426
warm_A,48,48,200,OK,PENDING_PAYMENT,619.216
warm_A,49,49,200,OK,PENDING_PAYMENT,646.918
warm_A,50,50,200,OK,PENDING_PAYMENT,650.356
warm_A,51,51,200,OK,PENDING_PAYMENT,656.122
warm_A,52,52,200,OK,PENDING_PAYMENT,656.619
warm_A,53,53,200,OK,PENDING_PAYMENT,668.179
warm_A,54,54,200,OK,PENDING_PAYMENT,659.664
warm_A,55,55,200,OK,PENDING_PAYMENT,678.285
warm_A,56,56,200,OK,PENDING_PAYMENT,683.389
warm_A,57,57,200,OK,PENDING_PAYMENT,700.242
warm_A,58,58,200,OK,PENDING_PAYMENT,689.505
warm_A,59,59,200,OK,PENDING_PAYMENT,682.979
warm_A,60,60,200,OK,PENDING_PAYMENT,684.531
warm_A,61,61,200,OK,PENDING_PAYMENT,685.932
warm_A,62,62,200,OK,PENDING_PAYMENT,684.832
warm_A,63,63,200,OK,PENDING_PAYMENT,682.423
warm_A,66,2,200,OK,PENDING_PAYMENT,656.231
warm_A,64,0,200,OK,PENDING_PAYMENT,699.504
warm_A,65,1,200,OK,PENDING_PAYMENT,704.289
warm_A,67,3,200,OK,PENDING_PAYMENT,669.744
warm_A,68,4,200,OK,PENDING_PAYMENT,677.071
warm_A,69,5,200,OK,PENDING_PAYMENT,654.379
warm_A,71,7,200,OK,PENDING_PAYMENT,642.243
warm_A,70,6,200,OK,PENDING_PAYMENT,667.782
warm_A,72,8,200,OK,PENDING_PAYMENT,618.230
warm_A,73,9,200,OK,PENDING_PAYMENT,603.921
warm_A,75,11,200,OK,PENDING_PAYMENT,586.985
warm_A,74,10,200,OK,PENDING_PAYMENT,602.640
warm_A,76,12,200,OK,PENDING_PAYMENT,570.059
warm_A,78,14,200,OK,PENDING_PAYMENT,558.798
warm_A,79,15,200,OK,PENDING_PAYMENT,528.755
warm_A,77,13,200,OK,PENDING_PAYMENT,599.990
warm_A,80,16,200,OK,PENDING_PAYMENT,567.293
warm_A,81,17,200,OK,PENDING_PAYMENT,529.770
warm_A,82,18,200,OK,PENDING_PAYMENT,521.513
warm_A,83,19,200,OK,PENDING_PAYMENT,521.329
warm_A,84,20,200,OK,PENDING_PAYMENT,518.393
warm_A,85,21,200,OK,PENDING_PAYMENT,505.785
warm_A,86,22,200,OK,PENDING_PAYMENT,508.338
warm_A,87,23,200,OK,PENDING_PAYMENT,502.010
warm_A,88,24,200,OK,PENDING_PAYMENT,490.225
warm_A,89,25,200,OK,PENDING_PAYMENT,489.220
warm_A,90,26,200,OK,PENDING_PAYMENT,494.722
warm_A,91,27,200,OK,PENDING_PAYMENT,505.691
warm_A,92,28,200,OK,PENDING_PAYMENT,511.386
warm_A,93,29,200,OK,PENDING_PAYMENT,508.666
warm_A,94,30,200,OK,PENDING_PAYMENT,506.470
warm_A,95,31,200,OK,PENDING_PAYMENT,510.403
warm_A,96,32,200,OK,PENDING_PAYMENT,508.488
warm_A,97,33,200,OK,PENDING_PAYMENT,503.634
warm_A,98,34,200,OK,PENDING_PAYMENT,499.675
warm_A,99,35,200,OK,PENDING_PAYMENT,491.908
A_pool10_hot1,13,13,200,OK,PENDING_PAYMENT,264.687
A_pool10_hot1,17,17,200,OK,PENDING_PAYMENT,285.214
A_pool10_hot1,10,10,200,OK,PENDING_PAYMENT,288.342
A_pool10_hot1,22,22,200,OK,PENDING_PAYMENT,342.902
A_pool10_hot1,12,12,200,OK,PENDING_PAYMENT,347.506
A_pool10_hot1,7,7,200,OK,PENDING_PAYMENT,367.105
A_pool10_hot1,14,14,200,OK,PENDING_PAYMENT,408.755
A_pool10_hot1,8,8,200,OK,PENDING_PAYMENT,432.723
A_pool10_hot1,4,4,200,OK,PENDING_PAYMENT,438.798
A_pool10_hot1,6,6,200,OK,PENDING_PAYMENT,474.437
A_pool10_hot1,16,16,200,OK,PENDING_PAYMENT,476.035
A_pool10_hot1,11,11,200,OK,PENDING_PAYMENT,503.553
A_pool10_hot1,1,1,200,OK,PENDING_PAYMENT,535.480
A_pool10_hot1,21,21,200,OK,PENDING_PAYMENT,630.042
A_pool10_hot1,19,19,200,OK,PENDING_PAYMENT,636.972
A_pool10_hot1,26,26,200,OK,PENDING_PAYMENT,702.230
A_pool10_hot1,5,5,200,OK,PENDING_PAYMENT,726.019
A_pool10_hot1,28,28,200,OK,PENDING_PAYMENT,741.573
A_pool10_hot1,31,31,200,OK,PENDING_PAYMENT,760.079
A_pool10_hot1,25,25,200,OK,PENDING_PAYMENT,767.291
A_pool10_hot1,2,2,200,OK,PENDING_PAYMENT,775.278
A_pool10_hot1,3,3,200,OK,PENDING_PAYMENT,811.400
A_pool10_hot1,30,30,200,OK,PENDING_PAYMENT,824.677
A_pool10_hot1,15,15,200,OK,PENDING_PAYMENT,828.769
A_pool10_hot1,46,46,200,OK,PENDING_PAYMENT,867.647
A_pool10_hot1,29,29,200,OK,PENDING_PAYMENT,872.309
A_pool10_hot1,24,24,200,OK,PENDING_PAYMENT,914.465
A_pool10_hot1,0,0,200,OK,PENDING_PAYMENT,922.914
A_pool10_hot1,23,23,200,OK,PENDING_PAYMENT,953.085
A_pool10_hot1,42,42,200,OK,PENDING_PAYMENT,947.071
A_pool10_hot1,39,39,200,OK,PENDING_PAYMENT,971.869
A_pool10_hot1,80,16,200,OK,PENDING_PAYMENT,980.573
A_pool10_hot1,9,9,200,OK,PENDING_PAYMENT,1012.332
A_pool10_hot1,34,34,200,OK,PENDING_PAYMENT,1030.927
A_pool10_hot1,18,18,200,OK,PENDING_PAYMENT,1057.591
A_pool10_hot1,36,36,200,OK,PENDING_PAYMENT,1077.240
A_pool10_hot1,48,48,200,OK,PENDING_PAYMENT,1096.744
A_pool10_hot1,33,33,200,OK,PENDING_PAYMENT,1140.788
A_pool10_hot1,37,37,200,OK,PENDING_PAYMENT,1141.216
A_pool10_hot1,47,47,200,OK,PENDING_PAYMENT,1161.840
A_pool10_hot1,51,51,200,OK,PENDING_PAYMENT,1173.881
A_pool10_hot1,45,45,200,OK,PENDING_PAYMENT,1215.474
A_pool10_hot1,49,49,200,OK,PENDING_PAYMENT,1222.642
A_pool10_hot1,32,32,200,OK,PENDING_PAYMENT,1240.080
A_pool10_hot1,50,50,200,OK,PENDING_PAYMENT,1259.251
A_pool10_hot1,27,27,200,OK,PENDING_PAYMENT,1298.034
A_pool10_hot1,62,62,200,OK,PENDING_PAYMENT,1293.596
A_pool10_hot1,40,40,200,OK,PENDING_PAYMENT,1329.409
A_pool10_hot1,52,52,200,OK,PENDING_PAYMENT,1330.533
A_pool10_hot1,60,60,200,OK,PENDING_PAYMENT,1358.917
A_pool10_hot1,63,63,200,OK,PENDING_PAYMENT,1358.485
A_pool10_hot1,57,57,200,OK,PENDING_PAYMENT,1406.560
A_pool10_hot1,68,4,200,OK,PENDING_PAYMENT,1439.025
A_pool10_hot1,44,44,200,OK,PENDING_PAYMENT,1451.431
A_pool10_hot1,54,54,200,OK,PENDING_PAYMENT,1562.028
A_pool10_hot1,66,2,200,OK,PENDING_PAYMENT,1599.453
A_pool10_hot1,67,3,200,OK,PENDING_PAYMENT,1599.495
A_pool10_hot1,41,41,200,OK,PENDING_PAYMENT,1633.136
A_pool10_hot1,55,55,200,OK,PENDING_PAYMENT,1687.072
A_pool10_hot1,69,5,200,OK,PENDING_PAYMENT,1750.617
A_pool10_hot1,77,13,200,OK,PENDING_PAYMENT,1749.687
A_pool10_hot1,65,1,200,OK,PENDING_PAYMENT,1751.126
A_pool10_hot1,56,56,200,OK,PENDING_PAYMENT,1782.783
A_pool10_hot1,83,19,200,OK,PENDING_PAYMENT,1787.159
A_pool10_hot1,64,0,200,OK,PENDING_PAYMENT,1826.639
A_pool10_hot1,81,17,200,OK,PENDING_PAYMENT,1839.462
A_pool10_hot1,72,8,200,OK,PENDING_PAYMENT,1860.894
A_pool10_hot1,73,9,200,OK,PENDING_PAYMENT,1907.769
A_pool10_hot1,76,12,200,OK,PENDING_PAYMENT,1908.528
A_pool10_hot1,82,18,200,OK,PENDING_PAYMENT,1953.116
A_pool10_hot1,84,20,200,OK,PENDING_PAYMENT,1954.682
A_pool10_hot1,89,25,200,OK,PENDING_PAYMENT,1952.386
A_pool10_hot1,43,43,200,OK,PENDING_PAYMENT,1964.663
A_pool10_hot1,85,21,200,OK,PENDING_PAYMENT,1965.848
A_pool10_hot1,90,26,200,OK,PENDING_PAYMENT,2038.375
A_pool10_hot1,74,10,200,OK,PENDING_PAYMENT,2054.350
A_pool10_hot1,91,27,200,OK,PENDING_PAYMENT,2044.022
A_pool10_hot1,96,32,200,OK,PENDING_PAYMENT,2081.857
A_pool10_hot1,35,35,200,OK,PENDING_PAYMENT,2100.962
A_pool10_hot1,99,35,200,OK,PENDING_PAYMENT,2097.050
A_pool10_hot1,114,50,200,OK,PENDING_PAYMENT,2078.580
A_pool10_hot1,78,14,200,OK,PENDING_PAYMENT,2145.535
A_pool10_hot1,88,24,200,OK,PENDING_PAYMENT,2144.705
A_pool10_hot1,111,47,200,OK,PENDING_PAYMENT,2127.368
A_pool10_hot1,86,22,200,OK,PENDING_PAYMENT,2172.715
A_pool10_hot1,109,45,200,OK,PENDING_PAYMENT,2160.750
A_pool10_hot1,98,34,200,OK,PENDING_PAYMENT,2189.205
A_pool10_hot1,94,30,200,OK,PENDING_PAYMENT,2211.342
A_pool10_hot1,70,6,200,OK,PENDING_PAYMENT,2224.906
A_pool10_hot1,253,61,200,OK,PENDING_PAYMENT,2092.048
A_pool10_hot1,100,36,200,OK,PENDING_PAYMENT,2233.029
A_pool10_hot1,110,46,200,OK,PENDING_PAYMENT,2243.563
A_pool10_hot1,75,11,200,OK,PENDING_PAYMENT,2284.695
A_pool10_hot1,106,42,200,OK,PENDING_PAYMENT,2291.822
A_pool10_hot1,105,41,200,OK,PENDING_PAYMENT,2295.191
A_pool10_hot1,104,40,200,OK,PENDING_PAYMENT,2314.701
A_pool10_hot1,240,48,200,OK,PENDING_PAYMENT,2209.344
A_pool10_hot1,102,38,200,OK,PENDING_PAYMENT,2350.495
A_pool10_hot1,95,31,200,OK,PENDING_PAYMENT,2362.019
A_pool10_hot1,274,18,200,OK,PENDING_PAYMENT,1643.710
A_pool10_hot1,93,29,200,OK,PENDING_PAYMENT,2399.774
A_pool10_hot1,101,37,200,OK,PENDING_PAYMENT,2420.929
A_pool10_hot1,276,20,200,OK,PENDING_PAYMENT,1690.944
A_pool10_hot1,125,61,200,OK,PENDING_PAYMENT,2419.101
A_pool10_hot1,118,54,200,OK,PENDING_PAYMENT,2439.212
A_pool10_hot1,124,60,200,OK,PENDING_PAYMENT,2456.366
A_pool10_hot1,97,33,200,OK,PENDING_PAYMENT,2517.759
A_pool10_hot1,117,53,200,OK,PENDING_PAYMENT,2515.980
A_pool10_hot1,116,52,200,OK,PENDING_PAYMENT,2546.140
A_pool10_hot1,113,49,200,OK,PENDING_PAYMENT,2592.482
A_pool10_hot1,108,44,200,OK,PENDING_PAYMENT,2617.864
A_pool10_hot1,123,59,200,OK,PENDING_PAYMENT,2603.681
A_pool10_hot1,119,55,200,OK,PENDING_PAYMENT,2627.243
A_pool10_hot1,121,57,200,OK,PENDING_PAYMENT,2638.202
A_pool10_hot1,115,51,200,OK,PENDING_PAYMENT,2664.975
A_pool10_hot1,112,48,200,OK,PENDING_PAYMENT,2693.060
A_pool10_hot1,122,58,200,OK,PENDING_PAYMENT,2702.121
A_pool10_hot1,127,63,200,OK,PENDING_PAYMENT,2711.807
A_pool10_hot1,126,62,200,OK,PENDING_PAYMENT,2728.333
A_pool10_hot1,120,56,200,OK,PENDING_PAYMENT,2745.201
A_pool10_hot1,129,1,200,OK,PENDING_PAYMENT,2753.317
A_pool10_hot1,128,0,200,OK,PENDING_PAYMENT,2801.426
A_pool10_hot1,308,52,200,OK,PENDING_PAYMENT,1429.308
A_pool10_hot1,130,2,200,OK,PENDING_PAYMENT,2827.596
A_pool10_hot1,139,11,200,OK,PENDING_PAYMENT,2843.696
A_pool10_hot1,137,9,200,OK,PENDING_PAYMENT,2856.617
A_pool10_hot1,143,15,200,OK,PENDING_PAYMENT,2870.262
A_pool10_hot1,141,13,200,OK,PENDING_PAYMENT,2879.483
A_pool10_hot1,142,14,200,OK,PENDING_PAYMENT,2903.918
A_pool10_hot1,146,18,200,OK,PENDING_PAYMENT,2897.430
A_pool10_hot1,136,8,200,OK,PENDING_PAYMENT,2944.021
A_pool10_hot1,144,16,200,OK,PENDING_PAYMENT,2949.093
A_pool10_hot1,132,4,200,OK,PENDING_PAYMENT,2972.714
A_pool10_hot1,140,12,200,OK,PENDING_PAYMENT,2993.647
A_pool10_hot1,131,3,200,OK,PENDING_PAYMENT,3005.363
A_pool10_hot1,133,5,200,OK,PENDING_PAYMENT,3023.976
A_pool10_hot1,138,10,200,OK,PENDING_PAYMENT,3045.401
A_pool10_hot1,135,7,200,OK,PENDING_PAYMENT,3057.561
A_pool10_hot1,145,17,200,OK,PENDING_PAYMENT,3054.444
A_pool10_hot1,147,19,200,OK,PENDING_PAYMENT,3064.809
A_pool10_hot1,154,26,200,OK,PENDING_PAYMENT,3073.554
A_pool10_hot1,149,21,200,OK,PENDING_PAYMENT,3095.264
A_pool10_hot1,161,33,200,OK,PENDING_PAYMENT,3097.939
A_pool10_hot1,152,24,200,OK,PENDING_PAYMENT,3125.786
A_pool10_hot1,148,20,200,OK,PENDING_PAYMENT,3148.250
A_pool10_hot1,151,23,200,OK,PENDING_PAYMENT,3154.059
A_pool10_hot1,156,28,200,OK,PENDING_PAYMENT,3161.325
A_pool10_hot1,158,30,200,OK,PENDING_PAYMENT,3166.154
A_pool10_hot1,155,27,200,OK,PENDING_PAYMENT,3200.574
A_pool10_hot1,166,38,200,OK,PENDING_PAYMENT,3193.644
A_pool10_hot1,165,37,200,OK,PENDING_PAYMENT,3208.604
A_pool10_hot1,150,22,200,OK,PENDING_PAYMENT,3240.383
A_pool10_hot1,162,34,200,OK,PENDING_PAYMENT,3246.529
A_pool10_hot1,153,25,200,OK,PENDING_PAYMENT,3280.403
A_pool10_hot1,160,32,200,OK,PENDING_PAYMENT,3275.542
A_pool10_hot1,163,35,200,OK,PENDING_PAYMENT,3316.245
A_pool10_hot1,159,31,200,OK,PENDING_PAYMENT,3323.722
A_pool10_hot1,157,29,200,OK,PENDING_PAYMENT,3323.112
A_pool10_hot1,169,41,200,OK,PENDING_PAYMENT,3336.766
A_pool10_hot1,167,39,200,OK,PENDING_PAYMENT,3346.534
A_pool10_hot1,173,45,200,OK,PENDING_PAYMENT,3358.145
A_pool10_hot1,178,50,200,OK,PENDING_PAYMENT,3375.792
A_pool10_hot1,182,54,200,OK,PENDING_PAYMENT,3398.655
A_pool10_hot1,164,36,200,OK,PENDING_PAYMENT,3429.753
A_pool10_hot1,168,40,200,OK,PENDING_PAYMENT,3452.748
A_pool10_hot1,181,53,200,OK,PENDING_PAYMENT,3470.420
A_pool10_hot1,175,47,200,OK,PENDING_PAYMENT,3490.749
A_pool10_hot1,170,42,200,OK,PENDING_PAYMENT,3507.605
A_pool10_hot1,180,52,200,OK,PENDING_PAYMENT,3520.985
A_pool10_hot1,171,43,200,OK,PENDING_PAYMENT,3539.544
A_pool10_hot1,172,44,200,OK,PENDING_PAYMENT,3555.357
A_pool10_hot1,176,48,200,OK,PENDING_PAYMENT,3569.706
A_pool10_hot1,195,3,200,OK,PENDING_PAYMENT,3582.443
A_pool10_hot1,183,55,200,OK,PENDING_PAYMENT,3606.050
A_pool10_hot1,174,46,200,OK,PENDING_PAYMENT,3615.239
A_pool10_hot1,194,2,200,OK,PENDING_PAYMENT,3624.439
A_pool10_hot1,196,4,200,OK,PENDING_PAYMENT,3645.883
A_pool10_hot1,198,6,200,OK,PENDING_PAYMENT,3653.482
A_pool10_hot1,197,5,200,OK,PENDING_PAYMENT,3668.577
A_pool10_hot1,185,57,200,OK,PENDING_PAYMENT,3676.764
A_pool10_hot1,187,59,200,OK,PENDING_PAYMENT,3698.547
A_pool10_hot1,179,51,200,OK,PENDING_PAYMENT,3707.629
A_pool10_hot1,189,61,200,OK,PENDING_PAYMENT,3727.223
A_pool10_hot1,204,12,200,OK,PENDING_PAYMENT,3737.585
A_pool10_hot1,177,49,200,OK,PENDING_PAYMENT,3762.696
A_pool10_hot1,206,14,200,OK,PENDING_PAYMENT,3773.477
A_pool10_hot1,191,63,200,OK,PENDING_PAYMENT,3792.657
A_pool10_hot1,188,60,200,OK,PENDING_PAYMENT,3808.957
A_pool10_hot1,190,62,200,OK,PENDING_PAYMENT,3826.104
A_pool10_hot1,202,10,200,OK,PENDING_PAYMENT,3842.546
A_pool10_hot1,200,8,200,OK,PENDING_PAYMENT,3856.368
A_pool10_hot1,186,58,200,OK,PENDING_PAYMENT,3875.918
A_pool10_hot1,214,22,200,OK,PENDING_PAYMENT,3879.611
A_pool10_hot1,207,15,200,OK,PENDING_PAYMENT,3911.248
A_pool10_hot1,208,16,200,OK,PENDING_PAYMENT,3930.149
A_pool10_hot1,201,9,200,OK,PENDING_PAYMENT,3941.713
A_pool10_hot1,220,28,200,OK,PENDING_PAYMENT,3949.022
A_pool10_hot1,221,29,200,OK,PENDING_PAYMENT,3961.446
A_pool10_hot1,223,31,200,OK,PENDING_PAYMENT,3973.652
A_pool10_hot1,225,33,200,OK,PENDING_PAYMENT,3983.792
A_pool10_hot1,192,0,200,OK,PENDING_PAYMENT,4010.785
A_pool10_hot1,209,17,200,OK,PENDING_PAYMENT,4018.449
A_pool10_hot1,215,23,200,OK,PENDING_PAYMENT,4030.282
A_pool10_hot1,193,1,200,OK,PENDING_PAYMENT,4056.484
A_pool10_hot1,229,37,200,OK,PENDING_PAYMENT,4069.802
A_pool10_hot1,203,11,200,OK,PENDING_PAYMENT,4102.350
A_pool10_hot1,234,42,200,OK,PENDING_PAYMENT,4100.483
A_pool10_hot1,219,27,200,OK,PENDING_PAYMENT,4120.344
A_pool10_hot1,224,32,200,OK,PENDING_PAYMENT,4135.075
A_pool10_hot1,212,20,200,OK,PENDING_PAYMENT,4191.278
A_pool10_hot1,213,21,200,OK,PENDING_PAYMENT,4195.543
A_pool10_hot1,239,47,200,OK,PENDING_PAYMENT,4201.702
A_pool10_hot1,238,46,200,OK,PENDING_PAYMENT,4217.105
A_pool10_hot1,210,18,200,OK,PENDING_PAYMENT,4250.159
A_pool10_hot1,217,25,200,OK,PENDING_PAYMENT,4255.823
A_pool10_hot1,222,30,200,OK,PENDING_PAYMENT,4269.855
A_pool10_hot1,247,55,200,OK,PENDING_PAYMENT,4268.149
A_pool10_hot1,20,20,200,OK,PENDING_PAYMENT,4434.448
A_pool10_hot1,227,35,200,OK,PENDING_PAYMENT,4300.111
A_pool10_hot1,228,36,200,OK,PENDING_PAYMENT,4316.774
A_pool10_hot1,61,61,200,OK,PENDING_PAYMENT,4456.410
A_pool10_hot1,235,43,200,OK,PENDING_PAYMENT,4338.437
A_pool10_hot1,59,59,200,OK,PENDING_PAYMENT,4491.471
A_pool10_hot1,216,24,200,OK,PENDING_PAYMENT,4383.338
A_pool10_hot1,244,52,200,OK,PENDING_PAYMENT,4417.687
A_pool10_hot1,261,5,200,OK,PENDING_PAYMENT,4225.971
A_pool10_hot1,236,44,200,OK,PENDING_PAYMENT,4464.150
A_pool10_hot1,252,60,200,OK,PENDING_PAYMENT,4498.222
A_pool10_hot1,53,53,200,OK,PENDING_PAYMENT,4666.374
A_pool10_hot1,211,19,200,OK,PENDING_PAYMENT,4547.830
A_pool10_hot1,205,13,200,OK,PENDING_PAYMENT,4572.280
A_pool10_hot1,255,63,200,OK,PENDING_PAYMENT,4575.797
A_pool10_hot1,257,1,200,OK,PENDING_PAYMENT,4465.610
A_pool10_hot1,259,3,200,OK,PENDING_PAYMENT,4415.727
A_pool10_hot1,79,15,200,OK,PENDING_PAYMENT,4765.425
A_pool10_hot1,250,58,200,OK,PENDING_PAYMENT,4631.887
A_pool10_hot1,242,50,200,OK,PENDING_PAYMENT,4652.065
A_pool10_hot1,87,23,200,OK,PENDING_PAYMENT,4802.370
A_pool10_hot1,254,62,200,OK,PENDING_PAYMENT,4678.232
A_pool10_hot1,199,7,200,OK,PENDING_PAYMENT,4714.328
A_pool10_hot1,249,57,200,OK,PENDING_PAYMENT,4714.523
A_pool10_hot1,218,26,200,OK,PENDING_PAYMENT,4737.286
A_pool10_hot1,230,38,200,OK,PENDING_PAYMENT,4752.722
A_pool10_hot1,243,51,200,OK,PENDING_PAYMENT,4760.728
A_pool10_hot1,266,10,200,OK,PENDING_PAYMENT,4446.429
A_pool10_hot1,237,45,200,OK,PENDING_PAYMENT,4790.747
A_pool10_hot1,260,4,200,OK,PENDING_PAYMENT,4602.585
A_pool10_hot1,241,49,200,OK,PENDING_PAYMENT,4816.990
A_pool10_hot1,231,39,200,OK,PENDING_PAYMENT,4844.743
A_pool10_hot1,262,6,200,OK,PENDING_PAYMENT,4593.921
A_pool10_hot1,265,9,200,OK,PENDING_PAYMENT,4544.825
A_pool10_hot1,268,12,200,OK,PENDING_PAYMENT,4499.675
A_pool10_hot1,272,16,200,OK,PENDING_PAYMENT,4325.537
A_pool10_hot1,267,11,200,OK,PENDING_PAYMENT,4574.160
A_pool10_hot1,248,56,200,OK,PENDING_PAYMENT,4946.562
A_pool10_hot1,264,8,200,OK,PENDING_PAYMENT,4665.311
A_pool10_hot1,232,40,200,OK,PENDING_PAYMENT,4984.354
A_pool10_hot1,271,15,200,OK,PENDING_PAYMENT,4440.326
A_pool10_hot1,107,43,200,OK,PENDING_PAYMENT,5118.544
A_pool10_hot1,233,41,200,OK,PENDING_PAYMENT,5027.881
A_pool10_hot1,270,14,200,OK,PENDING_PAYMENT,4542.871
A_pool10_hot1,226,34,200,OK,PENDING_PAYMENT,5057.756
A_pool10_hot1,251,59,200,OK,PENDING_PAYMENT,5054.819
A_pool10_hot1,246,54,200,OK,PENDING_PAYMENT,5073.001
A_pool10_hot1,184,56,200,OK,PENDING_PAYMENT,5110.074
A_pool10_hot1,269,13,200,OK,PENDING_PAYMENT,4634.052
A_pool10_hot1,103,39,200,OK,PENDING_PAYMENT,5261.113
A_pool10_hot1,245,53,200,OK,PENDING_PAYMENT,5138.128
A_pool10_hot1,71,7,200,OK,PENDING_PAYMENT,5298.886
A_pool10_hot1,38,38,200,OK,PENDING_PAYMENT,5311.030
A_pool10_hot1,58,58,200,OK,PENDING_PAYMENT,5329.795
A_pool10_hot1,278,22,200,OK,PENDING_PAYMENT,4518.314
A_pool10_hot1,258,2,200,OK,PENDING_PAYMENT,5082.734
A_pool10_hot1,275,19,200,OK,PENDING_PAYMENT,4610.022
A_pool10_hot1,256,0,200,OK,PENDING_PAYMENT,5134.357
A_pool10_hot1,281,25,200,OK,PENDING_PAYMENT,4538.854
A_pool10_hot1,279,23,200,OK,PENDING_PAYMENT,4610.941
A_pool10_hot1,92,28,200,OK,PENDING_PAYMENT,5436.654
A_pool10_hot1,280,24,200,OK,PENDING_PAYMENT,4589.837
A_pool10_hot1,282,26,200,OK,PENDING_PAYMENT,4566.904
A_pool10_hot1,263,7,200,OK,PENDING_PAYMENT,5056.900
A_pool10_hot1,273,17,200,OK,PENDING_PAYMENT,4771.058
A_pool10_hot1,286,30,200,OK,PENDING_PAYMENT,4547.692
A_pool10_hot1,283,27,200,OK,PENDING_PAYMENT,4632.126
A_pool10_hot1,277,21,200,OK,PENDING_PAYMENT,4754.576
A_pool10_hot1,284,28,200,OK,PENDING_PAYMENT,4637.839
A_pool10_hot1,285,29,200,OK,PENDING_PAYMENT,4660.353
A_pool10_hot1,287,31,200,OK,PENDING_PAYMENT,4639.181
A_pool10_hot1,288,32,200,OK,PENDING_PAYMENT,4633.009
A_pool10_hot1,289,33,200,OK,PENDING_PAYMENT,4623.501
A_pool10_hot1,290,34,200,OK,PENDING_PAYMENT,4619.762
A_pool10_hot1,291,35,200,OK,PENDING_PAYMENT,4608.199
A_pool10_hot1,292,36,200,OK,PENDING_PAYMENT,4610.608
A_pool10_hot1,293,37,200,OK,PENDING_PAYMENT,4585.453
A_pool10_hot1,294,38,200,OK,PENDING_PAYMENT,4592.188
A_pool10_hot1,295,39,200,OK,PENDING_PAYMENT,4582.036
A_pool10_hot1,296,40,200,OK,PENDING_PAYMENT,4579.603
A_pool10_hot1,298,42,200,OK,PENDING_PAYMENT,4548.498
A_pool10_hot1,297,41,200,OK,PENDING_PAYMENT,4564.078
A_pool10_hot1,299,43,200,OK,PENDING_PAYMENT,4565.380
A_pool10_hot1,300,44,200,OK,PENDING_PAYMENT,4550.450
A_pool10_hot1,301,45,200,OK,PENDING_PAYMENT,4530.879
A_pool10_hot1,303,47,200,OK,PENDING_PAYMENT,4511.138
A_pool10_hot1,302,46,200,OK,PENDING_PAYMENT,4557.165
A_pool10_hot1,304,48,200,OK,PENDING_PAYMENT,4539.375
A_pool10_hot1,305,49,200,OK,PENDING_PAYMENT,4520.591
A_pool10_hot1,307,51,200,OK,PENDING_PAYMENT,4486.615
A_pool10_hot1,306,50,200,OK,PENDING_PAYMENT,4541.188
A_pool10_hot1,134,6,200,OK,PENDING_PAYMENT,5857.580
A_pool10_hot1,309,53,200,OK,PENDING_PAYMENT,4481.750
A_pool10_hot1,310,54,200,OK,PENDING_PAYMENT,4389.084
A_pool10_hot1,312,56,200,OK,PENDING_PAYMENT,4365.928
A_pool10_hot1,311,55,200,OK,PENDING_PAYMENT,4372.469
A_pool10_hot1,313,57,200,OK,PENDING_PAYMENT,4358.653
A_pool10_hot1,314,58,200,OK,PENDING_PAYMENT,4306.825
A_pool10_hot1,317,61,200,OK,PENDING_PAYMENT,4266.749
A_pool10_hot1,315,59,200,OK,PENDING_PAYMENT,4283.169
A_pool10_hot1,316,60,200,OK,PENDING_PAYMENT,4290.646
A_pool10_hot1,318,62,200,OK,PENDING_PAYMENT,4275.781
A_pool10_hot1,319,63,200,OK,PENDING_PAYMENT,4276.984
A_pool10_hot1,320,0,200,OK,PENDING_PAYMENT,4261.227
A_pool10_hot1,321,1,200,OK,PENDING_PAYMENT,4256.573
A_pool10_hot1,322,2,200,OK,PENDING_PAYMENT,4257.152
A_pool10_hot1,323,3,200,OK,PENDING_PAYMENT,4219.738
A_pool10_hot1,324,4,200,OK,PENDING_PAYMENT,4243.895
A_pool10_hot1,325,5,200,OK,PENDING_PAYMENT,4202.843
A_pool10_hot1,326,6,200,OK,PENDING_PAYMENT,4215.435
A_pool10_hot1,327,7,200,OK,PENDING_PAYMENT,4233.191
A_pool10_hot1,329,9,200,OK,PENDING_PAYMENT,4242.782
A_pool10_hot1,328,8,200,OK,PENDING_PAYMENT,4266.618
A_pool10_hot1,330,10,200,OK,PENDING_PAYMENT,4190.579
A_pool10_hot1,331,11,200,OK,PENDING_PAYMENT,4196.700
A_pool10_hot1,332,12,200,OK,PENDING_PAYMENT,4210.398
A_pool10_hot1,333,13,200,OK,PENDING_PAYMENT,4187.556
A_pool10_hot1,334,14,200,OK,PENDING_PAYMENT,4209.142
A_pool10_hot1,336,16,200,OK,PENDING_PAYMENT,4203.919
A_pool10_hot1,335,15,200,OK,PENDING_PAYMENT,4226.626
A_pool10_hot1,337,17,200,OK,PENDING_PAYMENT,4200.397
A_pool10_hot1,338,18,200,OK,PENDING_PAYMENT,4214.888
A_pool10_hot1,339,19,200,OK,PENDING_PAYMENT,4227.449
A_pool10_hot1,340,20,200,OK,PENDING_PAYMENT,4214.564
A_pool10_hot1,341,21,200,OK,PENDING_PAYMENT,4217.396
A_pool10_hot1,342,22,200,OK,PENDING_PAYMENT,4221.159
A_pool10_hot1,343,23,200,OK,PENDING_PAYMENT,4221.472
A_pool10_hot1,344,24,200,OK,PENDING_PAYMENT,4237.039
A_pool10_hot1,345,25,200,OK,PENDING_PAYMENT,4244.179
A_pool10_hot1,346,26,200,OK,PENDING_PAYMENT,4249.352
A_pool10_hot1,347,27,200,OK,PENDING_PAYMENT,4246.631
A_pool10_hot1,348,28,200,OK,PENDING_PAYMENT,4255.370
A_pool10_hot1,349,29,200,OK,PENDING_PAYMENT,4257.180
A_pool10_hot1,350,30,200,OK,PENDING_PAYMENT,4275.033
A_pool10_hot1,351,31,200,OK,PENDING_PAYMENT,4275.838
A_pool10_hot1,352,32,200,OK,PENDING_PAYMENT,4277.551
A_pool10_hot1,353,33,200,OK,PENDING_PAYMENT,4273.209
A_pool10_hot1,354,34,200,OK,PENDING_PAYMENT,4275.229
A_pool10_hot1,355,35,200,OK,PENDING_PAYMENT,4270.258
A_pool10_hot1,357,37,200,OK,PENDING_PAYMENT,4258.654
A_pool10_hot1,356,36,200,OK,PENDING_PAYMENT,4293.728
A_pool10_hot1,358,38,200,OK,PENDING_PAYMENT,4260.355
A_pool10_hot1,359,39,200,OK,PENDING_PAYMENT,4265.875
A_pool10_hot1,360,40,200,OK,PENDING_PAYMENT,4259.288
A_pool10_hot1,361,41,200,OK,PENDING_PAYMENT,4258.192
A_pool10_hot1,362,42,200,OK,PENDING_PAYMENT,4235.156
A_pool10_hot1,363,43,200,OK,PENDING_PAYMENT,4229.409
A_pool10_hot1,364,44,200,OK,PENDING_PAYMENT,4225.396
A_pool10_hot1,365,45,200,OK,PENDING_PAYMENT,4198.113
A_pool10_hot1,366,46,200,OK,PENDING_PAYMENT,4194.710
A_pool10_hot1,367,47,200,OK,PENDING_PAYMENT,4195.014
A_pool10_hot1,368,48,200,OK,PENDING_PAYMENT,4189.339
A_pool10_hot1,369,49,200,OK,PENDING_PAYMENT,4197.949
A_pool10_hot1,370,50,200,OK,PENDING_PAYMENT,4180.771
A_pool10_hot1,371,51,200,OK,PENDING_PAYMENT,4182.347
A_pool10_hot1,372,52,200,OK,PENDING_PAYMENT,4167.078
A_pool10_hot1,373,53,200,OK,PENDING_PAYMENT,4175.853
A_pool10_hot1,374,54,200,OK,PENDING_PAYMENT,4174.022
A_pool10_hot1,375,55,200,OK,PENDING_PAYMENT,4177.314
A_pool10_hot1,376,56,200,OK,PENDING_PAYMENT,4171.599
A_pool10_hot1,377,57,200,OK,PENDING_PAYMENT,4148.215
A_pool10_hot1,378,58,200,OK,PENDING_PAYMENT,4151.592
A_pool10_hot1,379,59,200,OK,PENDING_PAYMENT,4142.956
A_pool10_hot1,380,60,200,OK,PENDING_PAYMENT,4136.172
A_pool10_hot1,381,61,200,OK,PENDING_PAYMENT,4140.786
A_pool10_hot1,382,62,200,OK,PENDING_PAYMENT,4140.785
A_pool10_hot1,383,63,200,OK,PENDING_PAYMENT,4150.144
A_pool10_hot1,384,0,200,OK,PENDING_PAYMENT,4147.614
A_pool10_hot1,385,1,200,OK,PENDING_PAYMENT,4172.408
A_pool10_hot1,386,2,200,OK,PENDING_PAYMENT,4160.056
A_pool10_hot1,387,3,200,OK,PENDING_PAYMENT,4151.518
A_pool10_hot1,388,4,200,OK,PENDING_PAYMENT,4164.613
A_pool10_hot1,389,5,200,OK,PENDING_PAYMENT,4156.470
A_pool10_hot1,390,6,200,OK,PENDING_PAYMENT,4182.644
A_pool10_hot1,392,8,200,OK,PENDING_PAYMENT,4143.097
A_pool10_hot1,391,7,200,OK,PENDING_PAYMENT,4193.905
A_pool10_hot1,393,9,200,OK,PENDING_PAYMENT,4168.516
A_pool10_hot1,394,10,200,OK,PENDING_PAYMENT,4166.828
A_pool10_hot1,395,11,200,OK,PENDING_PAYMENT,4171.808
A_pool10_hot1,396,12,200,OK,PENDING_PAYMENT,4185.272
A_pool10_hot1,397,13,200,OK,PENDING_PAYMENT,4173.769
A_pool10_hot1,398,14,200,OK,PENDING_PAYMENT,4173.129
A_pool10_hot1,399,15,200,OK,PENDING_PAYMENT,4179.687
A_pool10_hot1,400,16,200,OK,PENDING_PAYMENT,4176.263
A_pool10_hot1,401,17,200,OK,PENDING_PAYMENT,4185.083
A_pool10_hot1,402,18,200,OK,PENDING_PAYMENT,4194.350
A_pool10_hot1,403,19,200,OK,PENDING_PAYMENT,4203.048
A_pool10_hot1,404,20,200,OK,PENDING_PAYMENT,4197.743
A_pool10_hot1,405,21,200,OK,PENDING_PAYMENT,4214.714
A_pool10_hot1,406,22,200,OK,PENDING_PAYMENT,4227.863
A_pool10_hot1,407,23,200,OK,PENDING_PAYMENT,4233.564
A_pool10_hot1,408,24,200,OK,PENDING_PAYMENT,4237.968
A_pool10_hot1,410,26,200,OK,PENDING_PAYMENT,4233.452
A_pool10_hot1,409,25,200,OK,PENDING_PAYMENT,4265.844
A_pool10_hot1,411,27,200,OK,PENDING_PAYMENT,4219.565
A_pool10_hot1,413,29,200,OK,PENDING_PAYMENT,4240.912
A_pool10_hot1,412,28,200,OK,PENDING_PAYMENT,4247.660
A_pool10_hot1,414,30,200,OK,PENDING_PAYMENT,4247.555
A_pool10_hot1,415,31,200,OK,PENDING_PAYMENT,4250.689
A_pool10_hot1,416,32,200,OK,PENDING_PAYMENT,4254.789
A_pool10_hot1,417,33,200,OK,PENDING_PAYMENT,4246.046
A_pool10_hot1,418,34,200,OK,PENDING_PAYMENT,4252.955
A_pool10_hot1,419,35,200,OK,PENDING_PAYMENT,4246.095
A_pool10_hot1,420,36,200,OK,PENDING_PAYMENT,4238.530
A_pool10_hot1,421,37,200,OK,PENDING_PAYMENT,4230.888
A_pool10_hot1,422,38,200,OK,PENDING_PAYMENT,4231.563
A_pool10_hot1,423,39,200,OK,PENDING_PAYMENT,4232.030
A_pool10_hot1,424,40,200,OK,PENDING_PAYMENT,4240.444
A_pool10_hot1,425,41,200,OK,PENDING_PAYMENT,4237.561
A_pool10_hot1,426,42,200,OK,PENDING_PAYMENT,4234.254
A_pool10_hot1,427,43,200,OK,PENDING_PAYMENT,4232.005
A_pool10_hot1,428,44,200,OK,PENDING_PAYMENT,4240.377
A_pool10_hot1,429,45,200,OK,PENDING_PAYMENT,4233.916
A_pool10_hot1,430,46,200,OK,PENDING_PAYMENT,4253.373
A_pool10_hot1,431,47,200,OK,PENDING_PAYMENT,4244.313
A_pool10_hot1,432,48,200,OK,PENDING_PAYMENT,4239.769
A_pool10_hot1,433,49,200,OK,PENDING_PAYMENT,4239.702
A_pool10_hot1,435,51,200,OK,PENDING_PAYMENT,4229.794
A_pool10_hot1,434,50,200,OK,PENDING_PAYMENT,4266.197
A_pool10_hot1,436,52,200,OK,PENDING_PAYMENT,4257.040
A_pool10_hot1,437,53,200,OK,PENDING_PAYMENT,4261.053
A_pool10_hot1,438,54,200,OK,PENDING_PAYMENT,4260.017
A_pool10_hot1,439,55,200,OK,PENDING_PAYMENT,4262.663
A_pool10_hot1,440,56,200,OK,PENDING_PAYMENT,4261.785
A_pool10_hot1,441,57,200,OK,PENDING_PAYMENT,4277.249
A_pool10_hot1,442,58,200,OK,PENDING_PAYMENT,4268.501
A_pool10_hot1,443,59,200,OK,PENDING_PAYMENT,4266.884
A_pool10_hot1,444,60,200,OK,PENDING_PAYMENT,4269.968
A_pool10_hot1,445,61,200,OK,PENDING_PAYMENT,4277.683
A_pool10_hot1,446,62,200,OK,PENDING_PAYMENT,4268.011
A_pool10_hot1,447,63,200,OK,PENDING_PAYMENT,4263.530
A_pool10_hot1,448,0,200,OK,PENDING_PAYMENT,4257.883
A_pool10_hot1,449,1,200,OK,PENDING_PAYMENT,4255.601
A_pool10_hot1,450,2,200,OK,PENDING_PAYMENT,4256.513
A_pool10_hot1,451,3,200,OK,PENDING_PAYMENT,4265.075
A_pool10_hot1,452,4,200,OK,PENDING_PAYMENT,4261.596
A_pool10_hot1,453,5,200,OK,PENDING_PAYMENT,4268.641
A_pool10_hot1,454,6,200,OK,PENDING_PAYMENT,4272.996
A_pool10_hot1,455,7,200,OK,PENDING_PAYMENT,4281.603
A_pool10_hot1,456,8,200,OK,PENDING_PAYMENT,4276.763
A_pool10_hot1,458,10,200,OK,PENDING_PAYMENT,4273.365
A_pool10_hot1,457,9,200,OK,PENDING_PAYMENT,4298.926
A_pool10_hot1,459,11,200,OK,PENDING_PAYMENT,4282.473
A_pool10_hot1,460,12,200,OK,PENDING_PAYMENT,4268.716
A_pool10_hot1,461,13,200,OK,PENDING_PAYMENT,4265.721
A_pool10_hot1,462,14,200,OK,PENDING_PAYMENT,4287.609
A_pool10_hot1,463,15,200,OK,PENDING_PAYMENT,4282.518
A_pool10_hot1,464,16,200,OK,PENDING_PAYMENT,4302.460
A_pool10_hot1,465,17,200,OK,PENDING_PAYMENT,4265.042
A_pool10_hot1,467,19,200,OK,PENDING_PAYMENT,4291.834
A_pool10_hot1,466,18,200,OK,PENDING_PAYMENT,4327.622
A_pool10_hot1,468,20,200,OK,PENDING_PAYMENT,4301.840
A_pool10_hot1,469,21,200,OK,PENDING_PAYMENT,4294.785
A_pool10_hot1,470,22,200,OK,PENDING_PAYMENT,4300.187
A_pool10_hot1,471,23,200,OK,PENDING_PAYMENT,4304.740
A_pool10_hot1,472,24,200,OK,PENDING_PAYMENT,4328.564
A_pool10_hot1,473,25,200,OK,PENDING_PAYMENT,4322.978
A_pool10_hot1,474,26,200,OK,PENDING_PAYMENT,4339.159
A_pool10_hot1,475,27,200,OK,PENDING_PAYMENT,4342.142
A_pool10_hot1,476,28,200,OK,PENDING_PAYMENT,4358.556
A_pool10_hot1,477,29,200,OK,PENDING_PAYMENT,4370.015
A_pool10_hot1,478,30,200,OK,PENDING_PAYMENT,4365.582
A_pool10_hot1,480,32,200,OK,PENDING_PAYMENT,4316.115
A_pool10_hot1,479,31,200,OK,PENDING_PAYMENT,4378.777
A_pool10_hot1,481,33,200,OK,PENDING_PAYMENT,4331.562
A_pool10_hot1,482,34,200,OK,PENDING_PAYMENT,4318.054
A_pool10_hot1,483,35,200,OK,PENDING_PAYMENT,4305.516
A_pool10_hot1,484,36,200,OK,PENDING_PAYMENT,4290.454
A_pool10_hot1,485,37,200,OK,PENDING_PAYMENT,4300.627
A_pool10_hot1,486,38,200,OK,PENDING_PAYMENT,4289.155
A_pool10_hot1,487,39,200,OK,PENDING_PAYMENT,4281.555
A_pool10_hot1,488,40,200,OK,PENDING_PAYMENT,4264.781
A_pool10_hot1,489,41,200,OK,PENDING_PAYMENT,4276.276
A_pool10_hot1,490,42,200,OK,PENDING_PAYMENT,4277.254
A_pool10_hot1,491,43,200,OK,PENDING_PAYMENT,4288.106
A_pool10_hot1,492,44,200,OK,PENDING_PAYMENT,4298.566
A_pool10_hot1,493,45,200,OK,PENDING_PAYMENT,4304.855
A_pool10_hot1,494,46,200,OK,PENDING_PAYMENT,4308.917
A_pool10_hot1,495,47,200,OK,PENDING_PAYMENT,4304.744
A_pool10_hot1,496,48,200,OK,PENDING_PAYMENT,4298.259
A_pool10_hot1,497,49,200,OK,PENDING_PAYMENT,4299.225
A_pool10_hot1,498,50,200,OK,PENDING_PAYMENT,4296.759
A_pool10_hot1,499,51,200,OK,PENDING_PAYMENT,4305.703
A_pool10_hot1,500,52,200,OK,PENDING_PAYMENT,4317.353
A_pool10_hot1,501,53,200,OK,PENDING_PAYMENT,4315.199
A_pool10_hot1,502,54,200,OK,PENDING_PAYMENT,4315.352
A_pool10_hot1,503,55,200,OK,PENDING_PAYMENT,4317.421
A_pool10_hot1,504,56,200,OK,PENDING_PAYMENT,4312.775
A_pool10_hot1,505,57,200,OK,PENDING_PAYMENT,4308.745
A_pool10_hot1,506,58,200,OK,PENDING_PAYMENT,4308.796
A_pool10_hot1,507,59,200,OK,PENDING_PAYMENT,4306.327
A_pool10_hot1,508,60,200,OK,PENDING_PAYMENT,4317.417
A_pool10_hot1,509,61,200,OK,PENDING_PAYMENT,4309.865
A_pool10_hot1,510,62,200,OK,PENDING_PAYMENT,4311.833
A_pool10_hot1,511,63,200,OK,PENDING_PAYMENT,4324.224
A_pool10_hot1,512,0,200,OK,PENDING_PAYMENT,4318.204
A_pool10_hot1,513,1,200,OK,PENDING_PAYMENT,4313.582
A_pool10_hot1,514,2,200,OK,PENDING_PAYMENT,4325.413
A_pool10_hot1,515,3,200,OK,PENDING_PAYMENT,4332.123
A_pool10_hot1,516,4,200,OK,PENDING_PAYMENT,4336.393
A_pool10_hot1,517,5,200,OK,PENDING_PAYMENT,4337.282
A_pool10_hot1,518,6,200,OK,PENDING_PAYMENT,4354.375
A_pool10_hot1,519,7,200,OK,PENDING_PAYMENT,4415.017
A_pool10_hot1,520,8,200,OK,PENDING_PAYMENT,4398.145
A_pool10_hot1,521,9,200,OK,PENDING_PAYMENT,4380.461
A_pool10_hot1,522,10,200,OK,PENDING_PAYMENT,4379.530
A_pool10_hot1,523,11,200,OK,PENDING_PAYMENT,4404.227
A_pool10_hot1,524,12,200,OK,PENDING_PAYMENT,4401.159
A_pool10_hot1,525,13,200,OK,PENDING_PAYMENT,4420.422
A_pool10_hot1,526,14,200,OK,PENDING_PAYMENT,4417.619
A_pool10_hot1,527,15,200,OK,PENDING_PAYMENT,4433.935
A_pool10_hot1,528,16,200,OK,PENDING_PAYMENT,4430.010
A_pool10_hot1,529,17,200,OK,PENDING_PAYMENT,4439.179
A_pool10_hot1,530,18,200,OK,PENDING_PAYMENT,4425.432
A_pool10_hot1,531,19,200,OK,PENDING_PAYMENT,4440.073
A_pool10_hot1,532,20,200,OK,PENDING_PAYMENT,4435.251
A_pool10_hot1,533,21,200,OK,PENDING_PAYMENT,4427.972
A_pool10_hot1,534,22,200,OK,PENDING_PAYMENT,4447.834
A_pool10_hot1,535,23,200,OK,PENDING_PAYMENT,4450.975
A_pool10_hot1,536,24,200,OK,PENDING_PAYMENT,4461.594
A_pool10_hot1,537,25,200,OK,PENDING_PAYMENT,4444.645
A_pool10_hot1,538,26,200,OK,PENDING_PAYMENT,4450.456
A_pool10_hot1,539,27,200,OK,PENDING_PAYMENT,4436.126
A_pool10_hot1,540,28,200,OK,PENDING_PAYMENT,4438.042
A_pool10_hot1,541,29,200,OK,PENDING_PAYMENT,4439.113
A_pool10_hot1,542,30,200,OK,PENDING_PAYMENT,4420.940
A_pool10_hot1,543,31,200,OK,PENDING_PAYMENT,4424.894
A_pool10_hot1,544,32,200,OK,PENDING_PAYMENT,4415.688
A_pool10_hot1,546,34,200,OK,PENDING_PAYMENT,4407.494
A_pool10_hot1,545,33,200,OK,PENDING_PAYMENT,4426.295
A_pool10_hot1,547,35,200,OK,PENDING_PAYMENT,4418.000
A_pool10_hot1,548,36,200,OK,PENDING_PAYMENT,4400.826
A_pool10_hot1,549,37,200,OK,PENDING_PAYMENT,4406.296
A_pool10_hot1,550,38,200,OK,PENDING_PAYMENT,4402.898
A_pool10_hot1,551,39,200,OK,PENDING_PAYMENT,4404.038
A_pool10_hot1,552,40,200,OK,PENDING_PAYMENT,4420.237
A_pool10_hot1,553,41,200,OK,PENDING_PAYMENT,4430.562
A_pool10_hot1,554,42,200,OK,PENDING_PAYMENT,4434.920
A_pool10_hot1,555,43,200,OK,PENDING_PAYMENT,4427.669
A_pool10_hot1,556,44,200,OK,PENDING_PAYMENT,4437.923
A_pool10_hot1,557,45,200,OK,PENDING_PAYMENT,4436.772
A_pool10_hot1,558,46,200,OK,PENDING_PAYMENT,4446.464
A_pool10_hot1,559,47,200,OK,PENDING_PAYMENT,4440.901
A_pool10_hot1,560,48,200,OK,PENDING_PAYMENT,4443.810
A_pool10_hot1,562,50,200,OK,PENDING_PAYMENT,4440.238
A_pool10_hot1,561,49,200,OK,PENDING_PAYMENT,4469.247
A_pool10_hot1,563,51,200,OK,PENDING_PAYMENT,4467.681
A_pool10_hot1,564,52,200,OK,PENDING_PAYMENT,4470.317
A_pool10_hot1,565,53,200,OK,PENDING_PAYMENT,4471.575
A_pool10_hot1,567,55,200,OK,PENDING_PAYMENT,4447.264
A_pool10_hot1,566,54,200,OK,PENDING_PAYMENT,4481.367
A_pool10_hot1,568,56,200,OK,PENDING_PAYMENT,4478.422
A_pool10_hot1,569,57,200,OK,PENDING_PAYMENT,4474.219
A_pool10_hot1,570,58,200,OK,PENDING_PAYMENT,4483.084
A_pool10_hot1,572,60,200,OK,PENDING_PAYMENT,4457.392
A_pool10_hot1,571,59,200,OK,PENDING_PAYMENT,4500.095
A_pool10_hot1,573,61,200,OK,PENDING_PAYMENT,4511.708
A_pool10_hot1,574,62,200,OK,PENDING_PAYMENT,4513.936
A_pool10_hot1,575,63,200,OK,PENDING_PAYMENT,4522.007
A_pool10_hot1,576,0,200,OK,PENDING_PAYMENT,4521.313
A_pool10_hot1,577,1,200,OK,PENDING_PAYMENT,4546.119
A_pool10_hot1,579,3,200,OK,PENDING_PAYMENT,4525.330
A_pool10_hot1,578,2,200,OK,PENDING_PAYMENT,4550.697
A_pool10_hot1,580,4,200,OK,PENDING_PAYMENT,4526.109
A_pool10_hot1,581,5,200,OK,PENDING_PAYMENT,4538.266
A_pool10_hot1,582,6,200,OK,PENDING_PAYMENT,4535.093
A_pool10_hot1,583,7,200,OK,PENDING_PAYMENT,4530.180
A_pool10_hot1,584,8,200,OK,PENDING_PAYMENT,4527.210
A_pool10_hot1,585,9,200,OK,PENDING_PAYMENT,4517.287
A_pool10_hot1,586,10,200,OK,PENDING_PAYMENT,4524.317
A_pool10_hot1,587,11,200,OK,PENDING_PAYMENT,4526.795
A_pool10_hot1,588,12,200,OK,PENDING_PAYMENT,4527.730
A_pool10_hot1,589,13,200,OK,PENDING_PAYMENT,4520.181
A_pool10_hot1,591,15,200,OK,PENDING_PAYMENT,4500.933
A_pool10_hot1,590,14,200,OK,PENDING_PAYMENT,4529.396
A_pool10_hot1,592,16,200,OK,PENDING_PAYMENT,4502.984
A_pool10_hot1,593,17,200,OK,PENDING_PAYMENT,4518.117
A_pool10_hot1,594,18,200,OK,PENDING_PAYMENT,4501.127
A_pool10_hot1,595,19,200,OK,PENDING_PAYMENT,4499.053
A_pool10_hot1,596,20,200,OK,PENDING_PAYMENT,4506.343
A_pool10_hot1,597,21,200,OK,PENDING_PAYMENT,4513.771
A_pool10_hot1,598,22,200,OK,PENDING_PAYMENT,4510.096
A_pool10_hot1,599,23,200,OK,PENDING_PAYMENT,4505.928
A_pool10_hot1,600,24,200,OK,PENDING_PAYMENT,4513.617
A_pool10_hot1,601,25,200,OK,PENDING_PAYMENT,4519.587
A_pool10_hot1,602,26,200,OK,PENDING_PAYMENT,4510.038
A_pool10_hot1,603,27,200,OK,PENDING_PAYMENT,4501.106
A_pool10_hot1,604,28,200,OK,PENDING_PAYMENT,4488.087
A_pool10_hot1,605,29,200,OK,PENDING_PAYMENT,4479.209
A_pool10_hot1,606,30,200,OK,PENDING_PAYMENT,4470.127
A_pool10_hot1,607,31,200,OK,PENDING_PAYMENT,4467.319
A_pool10_hot1,608,32,200,OK,PENDING_PAYMENT,4466.448
A_pool10_hot1,609,33,200,OK,PENDING_PAYMENT,4468.863
A_pool10_hot1,610,34,200,OK,PENDING_PAYMENT,4484.609
A_pool10_hot1,611,35,200,OK,PENDING_PAYMENT,4478.390
A_pool10_hot1,612,36,200,OK,PENDING_PAYMENT,4470.522
A_pool10_hot1,613,37,200,OK,PENDING_PAYMENT,4465.756
A_pool10_hot1,614,38,200,OK,PENDING_PAYMENT,4475.976
A_pool10_hot1,615,39,200,OK,PENDING_PAYMENT,4487.377
A_pool10_hot1,616,40,200,OK,PENDING_PAYMENT,4489.412
A_pool10_hot1,617,41,200,OK,PENDING_PAYMENT,4493.982
A_pool10_hot1,618,42,200,OK,PENDING_PAYMENT,4504.433
A_pool10_hot1,619,43,200,OK,PENDING_PAYMENT,4506.363
A_pool10_hot1,620,44,200,OK,PENDING_PAYMENT,4494.383
A_pool10_hot1,621,45,200,OK,PENDING_PAYMENT,4504.480
A_pool10_hot1,622,46,200,OK,PENDING_PAYMENT,4504.984
A_pool10_hot1,623,47,200,OK,PENDING_PAYMENT,4516.790
A_pool10_hot1,624,48,200,OK,PENDING_PAYMENT,4518.436
A_pool10_hot1,625,49,200,OK,PENDING_PAYMENT,4517.162
A_pool10_hot1,626,50,200,OK,PENDING_PAYMENT,4523.221
A_pool10_hot1,627,51,200,OK,PENDING_PAYMENT,4521.986
A_pool10_hot1,628,52,200,OK,PENDING_PAYMENT,4527.538
A_pool10_hot1,629,53,200,OK,PENDING_PAYMENT,4524.638
A_pool10_hot1,630,54,200,OK,PENDING_PAYMENT,4525.164
A_pool10_hot1,631,55,200,OK,PENDING_PAYMENT,4521.886
A_pool10_hot1,632,56,200,OK,PENDING_PAYMENT,4524.488
A_pool10_hot1,634,58,200,OK,PENDING_PAYMENT,4511.034
A_pool10_hot1,633,57,200,OK,PENDING_PAYMENT,4556.164
A_pool10_hot1,635,59,200,OK,PENDING_PAYMENT,4552.864
A_pool10_hot1,636,60,200,OK,PENDING_PAYMENT,4557.039
A_pool10_hot1,637,61,200,OK,PENDING_PAYMENT,4557.987
A_pool10_hot1,638,62,200,OK,PENDING_PAYMENT,4557.793
A_pool10_hot1,639,63,200,OK,PENDING_PAYMENT,4544.298
A_pool10_hot1,640,0,200,OK,PENDING_PAYMENT,4537.190
A_pool10_hot1,641,1,200,OK,PENDING_PAYMENT,4512.342
A_pool10_hot1,643,3,200,OK,PENDING_PAYMENT,4515.304
A_pool10_hot1,642,2,200,OK,PENDING_PAYMENT,4526.602
A_pool10_hot1,644,4,200,OK,PENDING_PAYMENT,4510.693
A_pool10_hot1,645,5,200,OK,PENDING_PAYMENT,4507.777
A_pool10_hot1,646,6,200,OK,PENDING_PAYMENT,4492.377
A_pool10_hot1,647,7,200,OK,PENDING_PAYMENT,4502.524
A_pool10_hot1,648,8,200,OK,PENDING_PAYMENT,4490.885
A_pool10_hot1,649,9,200,OK,PENDING_PAYMENT,4494.767
A_pool10_hot1,650,10,200,OK,PENDING_PAYMENT,4493.527
A_pool10_hot1,651,11,200,OK,PENDING_PAYMENT,4490.048
A_pool10_hot1,652,12,200,OK,PENDING_PAYMENT,4475.178
A_pool10_hot1,653,13,200,OK,PENDING_PAYMENT,4478.772
A_pool10_hot1,654,14,200,OK,PENDING_PAYMENT,4473.713
A_pool10_hot1,656,16,200,OK,PENDING_PAYMENT,4456.062
A_pool10_hot1,655,15,200,OK,PENDING_PAYMENT,4486.636
A_pool10_hot1,657,17,200,OK,PENDING_PAYMENT,4471.401
A_pool10_hot1,658,18,200,OK,PENDING_PAYMENT,4465.241
A_pool10_hot1,659,19,200,OK,PENDING_PAYMENT,4468.240
A_pool10_hot1,660,20,200,OK,PENDING_PAYMENT,4455.348
A_pool10_hot1,661,21,200,OK,PENDING_PAYMENT,4443.267
A_pool10_hot1,662,22,200,OK,PENDING_PAYMENT,4431.652
A_pool10_hot1,663,23,200,OK,PENDING_PAYMENT,4428.210
A_pool10_hot1,664,24,200,OK,PENDING_PAYMENT,4415.146
A_pool10_hot1,665,25,200,OK,PENDING_PAYMENT,4409.755
A_pool10_hot1,666,26,200,OK,PENDING_PAYMENT,4410.251
A_pool10_hot1,667,27,200,OK,PENDING_PAYMENT,4409.490
A_pool10_hot1,668,28,200,OK,PENDING_PAYMENT,4410.467
A_pool10_hot1,669,29,200,OK,PENDING_PAYMENT,4407.107
A_pool10_hot1,670,30,200,OK,PENDING_PAYMENT,4399.734
A_pool10_hot1,671,31,200,OK,PENDING_PAYMENT,4396.138
A_pool10_hot1,672,32,200,OK,PENDING_PAYMENT,4394.288
A_pool10_hot1,673,33,200,OK,PENDING_PAYMENT,4399.589
A_pool10_hot1,674,34,200,OK,PENDING_PAYMENT,4396.357
A_pool10_hot1,675,35,200,OK,PENDING_PAYMENT,4395.192
A_pool10_hot1,676,36,200,OK,PENDING_PAYMENT,4390.639
A_pool10_hot1,677,37,200,OK,PENDING_PAYMENT,4396.500
A_pool10_hot1,678,38,200,OK,PENDING_PAYMENT,4392.263
A_pool10_hot1,679,39,200,OK,PENDING_PAYMENT,4394.794
A_pool10_hot1,680,40,200,OK,PENDING_PAYMENT,4388.673
A_pool10_hot1,682,42,200,OK,PENDING_PAYMENT,4373.031
A_pool10_hot1,681,41,200,OK,PENDING_PAYMENT,4400.986
A_pool10_hot1,684,44,200,OK,PENDING_PAYMENT,4366.561
A_pool10_hot1,683,43,200,OK,PENDING_PAYMENT,4403.595
A_pool10_hot1,685,45,200,OK,PENDING_PAYMENT,4375.976
A_pool10_hot1,686,46,200,OK,PENDING_PAYMENT,4368.163
A_pool10_hot1,687,47,200,OK,PENDING_PAYMENT,4383.852
A_pool10_hot1,688,48,200,OK,PENDING_PAYMENT,4376.443
A_pool10_hot1,689,49,200,OK,PENDING_PAYMENT,4384.811
A_pool10_hot1,691,51,200,OK,PENDING_PAYMENT,4350.487
A_pool10_hot1,690,50,200,OK,PENDING_PAYMENT,4395.539
A_pool10_hot1,692,52,200,OK,PENDING_PAYMENT,4349.933
A_pool10_hot1,693,53,200,OK,PENDING_PAYMENT,4350.734
A_pool10_hot1,694,54,200,OK,PENDING_PAYMENT,4340.484
A_pool10_hot1,695,55,200,OK,PENDING_PAYMENT,4343.543
A_pool10_hot1,697,57,200,OK,PENDING_PAYMENT,4327.573
A_pool10_hot1,696,56,200,OK,PENDING_PAYMENT,4359.533
A_pool10_hot1,698,58,200,OK,PENDING_PAYMENT,4328.969
A_pool10_hot1,699,59,200,OK,PENDING_PAYMENT,4341.583
A_pool10_hot1,700,60,200,OK,PENDING_PAYMENT,4351.371
A_pool10_hot1,701,61,200,OK,PENDING_PAYMENT,4343.386
A_pool10_hot1,702,62,200,OK,PENDING_PAYMENT,4346.348
A_pool10_hot1,703,63,200,OK,PENDING_PAYMENT,4348.640
A_pool10_hot1,704,0,200,OK,PENDING_PAYMENT,4347.546
A_pool10_hot1,705,1,200,OK,PENDING_PAYMENT,4341.479
A_pool10_hot1,706,2,200,OK,PENDING_PAYMENT,4344.247
A_pool10_hot1,707,3,200,OK,PENDING_PAYMENT,4341.281
A_pool10_hot1,708,4,200,OK,PENDING_PAYMENT,4338.052
A_pool10_hot1,709,5,200,OK,PENDING_PAYMENT,4336.367
A_pool10_hot1,710,6,200,OK,PENDING_PAYMENT,4338.349
A_pool10_hot1,711,7,200,OK,PENDING_PAYMENT,4340.712
A_pool10_hot1,712,8,200,OK,PENDING_PAYMENT,4336.763
A_pool10_hot1,713,9,200,OK,PENDING_PAYMENT,4330.696
A_pool10_hot1,714,10,200,OK,PENDING_PAYMENT,4336.242
A_pool10_hot1,715,11,200,OK,PENDING_PAYMENT,4332.719
A_pool10_hot1,716,12,200,OK,PENDING_PAYMENT,4337.942
A_pool10_hot1,717,13,200,OK,PENDING_PAYMENT,4337.190
A_pool10_hot1,718,14,200,OK,PENDING_PAYMENT,4326.084
A_pool10_hot1,720,16,200,OK,PENDING_PAYMENT,4296.001
A_pool10_hot1,721,17,200,OK,PENDING_PAYMENT,4292.907
A_pool10_hot1,719,15,200,OK,PENDING_PAYMENT,4359.327
A_pool10_hot1,722,18,200,OK,PENDING_PAYMENT,4274.155
A_pool10_hot1,723,19,200,OK,PENDING_PAYMENT,4269.906
A_pool10_hot1,724,20,200,OK,PENDING_PAYMENT,4286.641
A_pool10_hot1,725,21,200,OK,PENDING_PAYMENT,4274.738
A_pool10_hot1,726,22,200,OK,PENDING_PAYMENT,4271.100
A_pool10_hot1,727,23,200,OK,PENDING_PAYMENT,4266.703
A_pool10_hot1,728,24,200,OK,PENDING_PAYMENT,4251.620
A_pool10_hot1,729,25,200,OK,PENDING_PAYMENT,4258.623
A_pool10_hot1,730,26,200,OK,PENDING_PAYMENT,4254.089
A_pool10_hot1,731,27,200,OK,PENDING_PAYMENT,4252.708
A_pool10_hot1,732,28,200,OK,PENDING_PAYMENT,4242.263
A_pool10_hot1,733,29,200,OK,PENDING_PAYMENT,4227.581
A_pool10_hot1,734,30,200,OK,PENDING_PAYMENT,4232.228
A_pool10_hot1,735,31,200,OK,PENDING_PAYMENT,4233.189
A_pool10_hot1,736,32,200,OK,PENDING_PAYMENT,4226.854
A_pool10_hot1,737,33,200,OK,PENDING_PAYMENT,4220.198
A_pool10_hot1,738,34,200,OK,PENDING_PAYMENT,4229.446
A_pool10_hot1,739,35,200,OK,PENDING_PAYMENT,4216.578
A_pool10_hot1,740,36,200,OK,PENDING_PAYMENT,4219.160
A_pool10_hot1,741,37,200,OK,PENDING_PAYMENT,4213.613
A_pool10_hot1,742,38,200,OK,PENDING_PAYMENT,4220.655
A_pool10_hot1,744,40,200,OK,PENDING_PAYMENT,4214.577
A_pool10_hot1,743,39,200,OK,PENDING_PAYMENT,4235.363
A_pool10_hot1,745,41,200,OK,PENDING_PAYMENT,4227.400
A_pool10_hot1,746,42,200,OK,PENDING_PAYMENT,4225.075
A_pool10_hot1,747,43,200,OK,PENDING_PAYMENT,4219.686
A_pool10_hot1,748,44,200,OK,PENDING_PAYMENT,4204.672
A_pool10_hot1,751,47,200,OK,PENDING_PAYMENT,4169.511
A_pool10_hot1,750,46,200,OK,PENDING_PAYMENT,4198.976
A_pool10_hot1,749,45,200,OK,PENDING_PAYMENT,4229.034
A_pool10_hot1,752,48,200,OK,PENDING_PAYMENT,4205.424
A_pool10_hot1,753,49,200,OK,PENDING_PAYMENT,4205.116
A_pool10_hot1,754,50,200,OK,PENDING_PAYMENT,4203.483
A_pool10_hot1,755,51,200,OK,PENDING_PAYMENT,4192.609
A_pool10_hot1,756,52,200,OK,PENDING_PAYMENT,4182.598
A_pool10_hot1,757,53,200,OK,PENDING_PAYMENT,4181.548
A_pool10_hot1,758,54,200,OK,PENDING_PAYMENT,4181.317
A_pool10_hot1,759,55,200,OK,PENDING_PAYMENT,4183.919
A_pool10_hot1,760,56,200,OK,PENDING_PAYMENT,4179.753
A_pool10_hot1,761,57,200,OK,PENDING_PAYMENT,4180.551
A_pool10_hot1,762,58,200,OK,PENDING_PAYMENT,4187.950
A_pool10_hot1,763,59,200,OK,PENDING_PAYMENT,4181.529
A_pool10_hot1,764,60,200,OK,PENDING_PAYMENT,4178.158
A_pool10_hot1,765,61,200,OK,PENDING_PAYMENT,4181.045
A_pool10_hot1,766,62,200,OK,PENDING_PAYMENT,4174.337
A_pool10_hot1,767,63,200,OK,PENDING_PAYMENT,4212.776
A_pool10_hot1,768,0,200,OK,PENDING_PAYMENT,4209.902
A_pool10_hot1,769,1,200,OK,PENDING_PAYMENT,4203.466
A_pool10_hot1,771,3,200,OK,PENDING_PAYMENT,4174.479
A_pool10_hot1,770,2,200,OK,PENDING_PAYMENT,4212.553
A_pool10_hot1,772,4,200,OK,PENDING_PAYMENT,4185.235
A_pool10_hot1,773,5,200,OK,PENDING_PAYMENT,4178.129
A_pool10_hot1,774,6,200,OK,PENDING_PAYMENT,4172.923
A_pool10_hot1,776,8,200,OK,PENDING_PAYMENT,4117.080
A_pool10_hot1,775,7,200,OK,PENDING_PAYMENT,4123.658
A_pool10_hot1,777,9,200,OK,PENDING_PAYMENT,4134.603
A_pool10_hot1,778,10,200,OK,PENDING_PAYMENT,4128.907
A_pool10_hot1,779,11,200,OK,PENDING_PAYMENT,4122.358
A_pool10_hot1,780,12,200,OK,PENDING_PAYMENT,4117.723
A_pool10_hot1,781,13,200,OK,PENDING_PAYMENT,4107.073
A_pool10_hot1,782,14,200,OK,PENDING_PAYMENT,4100.757
A_pool10_hot1,783,15,200,OK,PENDING_PAYMENT,4092.123
A_pool10_hot1,785,17,200,OK,PENDING_PAYMENT,4069.899
A_pool10_hot1,784,16,200,OK,PENDING_PAYMENT,4101.131
A_pool10_hot1,786,18,200,OK,PENDING_PAYMENT,4090.270
A_pool10_hot1,787,19,200,OK,PENDING_PAYMENT,4077.573
A_pool10_hot1,788,20,200,OK,PENDING_PAYMENT,4068.266
A_pool10_hot1,789,21,200,OK,PENDING_PAYMENT,4068.963
A_pool10_hot1,790,22,200,OK,PENDING_PAYMENT,4069.134
A_pool10_hot1,791,23,200,OK,PENDING_PAYMENT,4069.993
A_pool10_hot1,792,24,200,OK,PENDING_PAYMENT,4057.735
A_pool10_hot1,793,25,200,OK,PENDING_PAYMENT,4062.957
A_pool10_hot1,795,27,200,OK,PENDING_PAYMENT,4043.484
A_pool10_hot1,794,26,200,OK,PENDING_PAYMENT,4087.520
A_pool10_hot1,796,28,200,OK,PENDING_PAYMENT,4061.695
A_pool10_hot1,797,29,200,OK,PENDING_PAYMENT,4048.095
A_pool10_hot1,798,30,200,OK,PENDING_PAYMENT,4062.183
A_pool10_hot1,799,31,200,OK,PENDING_PAYMENT,4054.652
A_pool10_hot1,800,32,200,OK,PENDING_PAYMENT,4061.764
A_pool10_hot1,802,34,200,OK,PENDING_PAYMENT,4052.587
A_pool10_hot1,801,33,200,OK,PENDING_PAYMENT,4068.362
A_pool10_hot1,803,35,200,OK,PENDING_PAYMENT,4066.486
A_pool10_hot1,804,36,200,OK,PENDING_PAYMENT,4065.866
A_pool10_hot1,805,37,200,OK,PENDING_PAYMENT,4060.990
A_pool10_hot1,806,38,200,OK,PENDING_PAYMENT,4065.960
A_pool10_hot1,807,39,200,OK,PENDING_PAYMENT,4065.602
A_pool10_hot1,808,40,200,OK,PENDING_PAYMENT,4046.200
A_pool10_hot1,809,41,200,OK,PENDING_PAYMENT,4031.282
A_pool10_hot1,810,42,200,OK,PENDING_PAYMENT,4025.234
A_pool10_hot1,811,43,200,OK,PENDING_PAYMENT,4024.520
A_pool10_hot1,813,45,200,OK,PENDING_PAYMENT,4004.016
A_pool10_hot1,812,44,200,OK,PENDING_PAYMENT,4030.425
A_pool10_hot1,814,46,200,OK,PENDING_PAYMENT,3995.841
A_pool10_hot1,815,47,200,OK,PENDING_PAYMENT,4001.690
A_pool10_hot1,816,48,200,OK,PENDING_PAYMENT,3987.229
A_pool10_hot1,817,49,200,OK,PENDING_PAYMENT,3982.685
A_pool10_hot1,818,50,200,OK,PENDING_PAYMENT,3977.297
A_pool10_hot1,819,51,200,OK,PENDING_PAYMENT,3971.651
A_pool10_hot1,820,52,200,OK,PENDING_PAYMENT,3958.920
A_pool10_hot1,821,53,200,OK,PENDING_PAYMENT,3962.539
A_pool10_hot1,822,54,200,OK,PENDING_PAYMENT,3958.869
A_pool10_hot1,823,55,200,OK,PENDING_PAYMENT,3959.627
A_pool10_hot1,824,56,200,OK,PENDING_PAYMENT,3944.242
A_pool10_hot1,825,57,200,OK,PENDING_PAYMENT,3944.532
A_pool10_hot1,826,58,200,OK,PENDING_PAYMENT,3938.768
A_pool10_hot1,827,59,200,OK,PENDING_PAYMENT,3939.889
A_pool10_hot1,828,60,200,OK,PENDING_PAYMENT,3922.423
A_pool10_hot1,829,61,200,OK,PENDING_PAYMENT,3897.591
A_pool10_hot1,830,62,200,OK,PENDING_PAYMENT,3895.141
A_pool10_hot1,831,63,200,OK,PENDING_PAYMENT,3886.332
A_pool10_hot1,832,0,200,OK,PENDING_PAYMENT,3880.049
A_pool10_hot1,833,1,200,OK,PENDING_PAYMENT,3851.803
A_pool10_hot1,834,2,200,OK,PENDING_PAYMENT,3857.735
A_pool10_hot1,835,3,200,OK,PENDING_PAYMENT,3852.220
A_pool10_hot1,836,4,200,OK,PENDING_PAYMENT,3875.284
A_pool10_hot1,837,5,200,OK,PENDING_PAYMENT,3864.630
A_pool10_hot1,838,6,200,OK,PENDING_PAYMENT,3867.505
A_pool10_hot1,839,7,200,OK,PENDING_PAYMENT,3857.137
A_pool10_hot1,840,8,200,OK,PENDING_PAYMENT,3857.292
A_pool10_hot1,841,9,200,OK,PENDING_PAYMENT,3859.339
A_pool10_hot1,843,11,200,OK,PENDING_PAYMENT,3840.377
A_pool10_hot1,842,10,200,OK,PENDING_PAYMENT,3865.615
A_pool10_hot1,844,12,200,OK,PENDING_PAYMENT,3850.045
A_pool10_hot1,845,13,200,OK,PENDING_PAYMENT,3850.053
A_pool10_hot1,846,14,200,OK,PENDING_PAYMENT,3850.960
A_pool10_hot1,847,15,200,OK,PENDING_PAYMENT,3841.603
A_pool10_hot1,848,16,200,OK,PENDING_PAYMENT,3845.829
A_pool10_hot1,849,17,200,OK,PENDING_PAYMENT,3841.602
A_pool10_hot1,850,18,200,OK,PENDING_PAYMENT,3845.585
A_pool10_hot1,851,19,200,OK,PENDING_PAYMENT,3844.585
A_pool10_hot1,852,20,200,OK,PENDING_PAYMENT,3836.924
A_pool10_hot1,853,21,200,OK,PENDING_PAYMENT,3830.370
A_pool10_hot1,854,22,200,OK,PENDING_PAYMENT,3825.002
A_pool10_hot1,855,23,200,OK,PENDING_PAYMENT,3823.210
A_pool10_hot1,856,24,200,OK,PENDING_PAYMENT,3812.486
A_pool10_hot1,857,25,200,OK,PENDING_PAYMENT,3797.229
A_pool10_hot1,858,26,200,OK,PENDING_PAYMENT,3803.126
A_pool10_hot1,859,27,200,OK,PENDING_PAYMENT,3796.979
A_pool10_hot1,860,28,200,OK,PENDING_PAYMENT,3802.399
A_pool10_hot1,861,29,200,OK,PENDING_PAYMENT,3790.276
A_pool10_hot1,862,30,200,OK,PENDING_PAYMENT,3803.541
A_pool10_hot1,864,32,200,OK,PENDING_PAYMENT,3773.808
A_pool10_hot1,863,31,200,OK,PENDING_PAYMENT,3810.062
A_pool10_hot1,865,33,200,OK,PENDING_PAYMENT,3782.373
A_pool10_hot1,867,35,200,OK,PENDING_PAYMENT,3758.401
A_pool10_hot1,866,34,200,OK,PENDING_PAYMENT,3775.956
A_pool10_hot1,868,36,200,OK,PENDING_PAYMENT,3761.898
A_pool10_hot1,869,37,200,OK,PENDING_PAYMENT,3760.937
A_pool10_hot1,870,38,200,OK,PENDING_PAYMENT,3757.909
A_pool10_hot1,871,39,200,OK,PENDING_PAYMENT,3745.529
A_pool10_hot1,872,40,200,OK,PENDING_PAYMENT,3746.756
A_pool10_hot1,873,41,200,OK,PENDING_PAYMENT,3732.728
A_pool10_hot1,874,42,200,OK,PENDING_PAYMENT,3733.850
A_pool10_hot1,875,43,200,OK,PENDING_PAYMENT,3724.725
A_pool10_hot1,876,44,200,OK,PENDING_PAYMENT,3729.567
A_pool10_hot1,877,45,200,OK,PENDING_PAYMENT,3716.605
A_pool10_hot1,878,46,200,OK,PENDING_PAYMENT,3718.014
A_pool10_hot1,879,47,200,OK,PENDING_PAYMENT,3708.421
A_pool10_hot1,880,48,200,OK,PENDING_PAYMENT,3705.983
A_pool10_hot1,881,49,200,OK,PENDING_PAYMENT,3700.189
A_pool10_hot1,882,50,200,OK,PENDING_PAYMENT,3701.624
A_pool10_hot1,883,51,200,OK,PENDING_PAYMENT,3704.207
A_pool10_hot1,884,52,200,OK,PENDING_PAYMENT,3697.743
A_pool10_hot1,885,53,200,OK,PENDING_PAYMENT,3692.165
A_pool10_hot1,886,54,200,OK,PENDING_PAYMENT,3686.918
A_pool10_hot1,887,55,200,OK,PENDING_PAYMENT,3690.759
A_pool10_hot1,888,56,200,OK,PENDING_PAYMENT,3684.278
A_pool10_hot1,889,57,200,OK,PENDING_PAYMENT,3665.904
A_pool10_hot1,890,58,200,OK,PENDING_PAYMENT,3656.062
A_pool10_hot1,892,60,200,OK,PENDING_PAYMENT,3622.022
A_pool10_hot1,891,59,200,OK,PENDING_PAYMENT,3657.833
A_pool10_hot1,894,62,200,OK,PENDING_PAYMENT,3616.143
A_pool10_hot1,893,61,200,OK,PENDING_PAYMENT,3648.785
A_pool10_hot1,895,63,200,OK,PENDING_PAYMENT,3638.566
A_pool10_hot1,896,0,200,OK,PENDING_PAYMENT,3629.565
A_pool10_hot1,898,2,200,OK,PENDING_PAYMENT,3647.616
A_pool10_hot1,897,1,200,OK,PENDING_PAYMENT,3672.934
A_pool10_hot1,899,3,200,OK,PENDING_PAYMENT,3665.774
A_pool10_hot1,900,4,200,OK,PENDING_PAYMENT,3659.589
A_pool10_hot1,901,5,200,OK,PENDING_PAYMENT,3655.530
A_pool10_hot1,902,6,200,OK,PENDING_PAYMENT,3659.170
A_pool10_hot1,903,7,200,OK,PENDING_PAYMENT,3648.512
A_pool10_hot1,904,8,200,OK,PENDING_PAYMENT,3646.349
A_pool10_hot1,905,9,200,OK,PENDING_PAYMENT,3638.679
A_pool10_hot1,906,10,200,OK,PENDING_PAYMENT,3636.573
A_pool10_hot1,907,11,200,OK,PENDING_PAYMENT,3632.675
A_pool10_hot1,908,12,200,OK,PENDING_PAYMENT,3623.595
A_pool10_hot1,909,13,200,OK,PENDING_PAYMENT,3626.927
A_pool10_hot1,910,14,200,OK,PENDING_PAYMENT,3620.541
A_pool10_hot1,911,15,200,OK,PENDING_PAYMENT,3627.249
A_pool10_hot1,912,16,200,OK,PENDING_PAYMENT,3613.771
A_pool10_hot1,913,17,200,OK,PENDING_PAYMENT,3608.888
A_pool10_hot1,914,18,200,OK,PENDING_PAYMENT,3609.456
A_pool10_hot1,915,19,200,OK,PENDING_PAYMENT,3599.977
A_pool10_hot1,916,20,200,OK,PENDING_PAYMENT,3622.764
A_pool10_hot1,917,21,200,OK,PENDING_PAYMENT,3611.911
A_pool10_hot1,918,22,200,OK,PENDING_PAYMENT,3614.633
A_pool10_hot1,919,23,200,OK,PENDING_PAYMENT,3611.824
A_pool10_hot1,920,24,200,OK,PENDING_PAYMENT,3605.412
A_pool10_hot1,921,25,200,OK,PENDING_PAYMENT,3602.503
A_pool10_hot1,922,26,200,OK,PENDING_PAYMENT,3592.924
A_pool10_hot1,923,27,200,OK,PENDING_PAYMENT,3593.142
A_pool10_hot1,924,28,200,OK,PENDING_PAYMENT,3588.972
A_pool10_hot1,925,29,200,OK,PENDING_PAYMENT,3595.359
A_pool10_hot1,926,30,200,OK,PENDING_PAYMENT,3593.712
A_pool10_hot1,927,31,200,OK,PENDING_PAYMENT,3594.129
A_pool10_hot1,928,32,200,OK,PENDING_PAYMENT,3594.921
A_pool10_hot1,929,33,200,OK,PENDING_PAYMENT,3589.369
A_pool10_hot1,930,34,200,OK,PENDING_PAYMENT,3576.591
A_pool10_hot1,931,35,200,OK,PENDING_PAYMENT,3574.157
A_pool10_hot1,932,36,200,OK,PENDING_PAYMENT,3577.623
A_pool10_hot1,933,37,200,OK,PENDING_PAYMENT,3563.276
A_pool10_hot1,934,38,200,OK,PENDING_PAYMENT,3560.809
A_pool10_hot1,935,39,200,OK,PENDING_PAYMENT,3558.721
A_pool10_hot1,936,40,200,OK,PENDING_PAYMENT,3550.522
A_pool10_hot1,937,41,200,OK,PENDING_PAYMENT,3558.195
A_pool10_hot1,938,42,200,OK,PENDING_PAYMENT,3550.476
A_pool10_hot1,939,43,200,OK,PENDING_PAYMENT,3550.579
A_pool10_hot1,940,44,200,OK,PENDING_PAYMENT,3553.365
A_pool10_hot1,941,45,200,OK,PENDING_PAYMENT,3548.381
A_pool10_hot1,942,46,200,OK,PENDING_PAYMENT,3544.892
A_pool10_hot1,943,47,200,OK,PENDING_PAYMENT,3532.031
A_pool10_hot1,944,48,200,OK,PENDING_PAYMENT,3538.584
A_pool10_hot1,945,49,200,OK,PENDING_PAYMENT,3525.471
A_pool10_hot1,946,50,200,OK,PENDING_PAYMENT,3538.337
A_pool10_hot1,947,51,200,OK,PENDING_PAYMENT,3529.420
A_pool10_hot1,948,52,200,OK,PENDING_PAYMENT,3544.257
A_pool10_hot1,949,53,200,OK,PENDING_PAYMENT,3535.168
A_pool10_hot1,950,54,200,OK,PENDING_PAYMENT,3541.776
A_pool10_hot1,951,55,200,OK,PENDING_PAYMENT,3532.748
A_pool10_hot1,952,56,200,OK,PENDING_PAYMENT,3514.220
A_pool10_hot1,953,57,200,OK,PENDING_PAYMENT,3523.811
A_pool10_hot1,954,58,200,OK,PENDING_PAYMENT,3527.665
A_pool10_hot1,955,59,200,OK,PENDING_PAYMENT,3507.935
A_pool10_hot1,956,60,200,OK,PENDING_PAYMENT,3491.235
A_pool10_hot1,957,61,200,OK,PENDING_PAYMENT,3486.106
A_pool10_hot1,958,62,200,OK,PENDING_PAYMENT,3494.693
A_pool10_hot1,959,63,200,OK,PENDING_PAYMENT,3489.077
A_pool10_hot1,960,0,200,OK,PENDING_PAYMENT,3498.744
A_pool10_hot1,961,1,200,OK,PENDING_PAYMENT,3494.433
A_pool10_hot1,962,2,200,OK,PENDING_PAYMENT,3487.337
A_pool10_hot1,963,3,200,OK,PENDING_PAYMENT,3481.755
A_pool10_hot1,964,4,200,OK,PENDING_PAYMENT,3488.115
A_pool10_hot1,965,5,200,OK,PENDING_PAYMENT,3473.453
A_pool10_hot1,966,6,200,OK,PENDING_PAYMENT,3473.567
A_pool10_hot1,967,7,200,OK,PENDING_PAYMENT,3455.884
A_pool10_hot1,968,8,200,OK,PENDING_PAYMENT,3462.002
A_pool10_hot1,969,9,200,OK,PENDING_PAYMENT,3459.085
A_pool10_hot1,970,10,200,OK,PENDING_PAYMENT,3464.213
A_pool10_hot1,971,11,200,OK,PENDING_PAYMENT,3461.871
A_pool10_hot1,972,12,200,OK,PENDING_PAYMENT,3458.622
A_pool10_hot1,973,13,200,OK,PENDING_PAYMENT,3445.876
A_pool10_hot1,974,14,200,OK,PENDING_PAYMENT,3443.130
A_pool10_hot1,975,15,200,OK,PENDING_PAYMENT,3430.943
A_pool10_hot1,976,16,200,OK,PENDING_PAYMENT,3434.417
A_pool10_hot1,977,17,200,OK,PENDING_PAYMENT,3422.322
A_pool10_hot1,978,18,200,OK,PENDING_PAYMENT,3424.468
A_pool10_hot1,979,19,200,OK,PENDING_PAYMENT,3415.167
A_pool10_hot1,980,20,200,OK,PENDING_PAYMENT,3409.464
A_pool10_hot1,981,21,200,OK,PENDING_PAYMENT,3412.469
A_pool10_hot1,982,22,200,OK,PENDING_PAYMENT,3416.059
A_pool10_hot1,983,23,200,OK,PENDING_PAYMENT,3403.962
A_pool10_hot1,984,24,200,OK,PENDING_PAYMENT,3403.676
A_pool10_hot1,985,25,200,OK,PENDING_PAYMENT,3392.965
A_pool10_hot1,986,26,200,OK,PENDING_PAYMENT,3388.391
A_pool10_hot1,987,27,200,OK,PENDING_PAYMENT,3382.522
A_pool10_hot1,988,28,200,OK,PENDING_PAYMENT,3376.078
A_pool10_hot1,989,29,200,OK,PENDING_PAYMENT,3385.163
A_pool10_hot1,990,30,200,OK,PENDING_PAYMENT,3374.910
A_pool10_hot1,991,31,200,OK,PENDING_PAYMENT,3375.623
A_pool10_hot1,992,32,200,OK,PENDING_PAYMENT,3371.226
A_pool10_hot1,993,33,200,OK,PENDING_PAYMENT,3369.616
A_pool10_hot1,994,34,200,OK,PENDING_PAYMENT,3362.797
A_pool10_hot1,996,36,200,OK,PENDING_PAYMENT,3357.585
A_pool10_hot1,995,35,200,OK,PENDING_PAYMENT,3376.938
A_pool10_hot1,997,37,200,OK,PENDING_PAYMENT,3382.329
A_pool10_hot1,998,38,200,OK,PENDING_PAYMENT,3373.722
A_pool10_hot1,999,39,200,OK,PENDING_PAYMENT,3367.538
warm_B,18,18,200,OK,PENDING_PAYMENT,169.105
warm_B,8,8,200,OK,PENDING_PAYMENT,169.390
warm_B,12,12,200,OK,PENDING_PAYMENT,198.482
warm_B,2,2,200,OK,PENDING_PAYMENT,198.797
warm_B,3,3,200,OK,PENDING_PAYMENT,217.787
warm_B,6,6,200,OK,PENDING_PAYMENT,237.025
warm_B,7,7,200,OK,PENDING_PAYMENT,247.590
warm_B,22,22,200,OK,PENDING_PAYMENT,260.621
warm_B,20,20,200,OK,PENDING_PAYMENT,275.069
warm_B,11,11,200,OK,PENDING_PAYMENT,289.169
warm_B,0,0,200,OK,PENDING_PAYMENT,304.923
warm_B,19,19,200,OK,PENDING_PAYMENT,314.640
warm_B,17,17,200,OK,PENDING_PAYMENT,337.274
warm_B,31,31,200,OK,PENDING_PAYMENT,338.469
warm_B,13,13,200,OK,PENDING_PAYMENT,359.328
warm_B,9,9,200,OK,PENDING_PAYMENT,366.021
warm_B,5,5,200,OK,PENDING_PAYMENT,386.228
warm_B,4,4,200,OK,PENDING_PAYMENT,408.334
warm_B,10,10,200,OK,PENDING_PAYMENT,415.844
warm_B,28,28,200,OK,PENDING_PAYMENT,432.222
warm_B,29,29,200,OK,PENDING_PAYMENT,441.247
warm_B,23,23,200,OK,PENDING_PAYMENT,450.246
warm_B,30,30,200,OK,PENDING_PAYMENT,466.453
warm_B,15,15,200,OK,PENDING_PAYMENT,482.574
warm_B,27,27,200,OK,PENDING_PAYMENT,497.705
warm_B,25,25,200,OK,PENDING_PAYMENT,518.523
warm_B,1,1,200,OK,PENDING_PAYMENT,529.542
warm_B,24,24,200,OK,PENDING_PAYMENT,541.148
warm_B,14,14,200,OK,PENDING_PAYMENT,554.494
warm_B,16,16,200,OK,PENDING_PAYMENT,584.635
warm_B,21,21,200,OK,PENDING_PAYMENT,605.628
warm_B,26,26,200,OK,PENDING_PAYMENT,611.097
warm_B,32,32,200,OK,PENDING_PAYMENT,462.454
warm_B,33,33,200,OK,PENDING_PAYMENT,469.100
warm_B,35,35,200,OK,PENDING_PAYMENT,452.505
warm_B,34,34,200,OK,PENDING_PAYMENT,468.480
warm_B,36,36,200,OK,PENDING_PAYMENT,462.108
warm_B,38,38,200,OK,PENDING_PAYMENT,448.102
warm_B,37,37,200,OK,PENDING_PAYMENT,474.118
warm_B,39,39,200,OK,PENDING_PAYMENT,466.670
warm_B,40,40,200,OK,PENDING_PAYMENT,468.968
warm_B,41,41,200,OK,PENDING_PAYMENT,471.071
warm_B,42,42,200,OK,PENDING_PAYMENT,470.536
warm_B,43,43,200,OK,PENDING_PAYMENT,481.170
warm_B,44,44,200,OK,PENDING_PAYMENT,474.464
warm_B,45,45,200,OK,PENDING_PAYMENT,486.865
warm_B,46,46,200,OK,PENDING_PAYMENT,483.829
warm_B,47,47,200,OK,PENDING_PAYMENT,493.210
warm_B,48,48,200,OK,PENDING_PAYMENT,491.369
warm_B,49,49,200,OK,PENDING_PAYMENT,484.927
warm_B,50,50,200,OK,PENDING_PAYMENT,489.658
warm_B,51,51,200,OK,PENDING_PAYMENT,481.295
warm_B,52,52,200,OK,PENDING_PAYMENT,487.998
warm_B,53,53,200,OK,PENDING_PAYMENT,486.975
warm_B,54,54,200,OK,PENDING_PAYMENT,484.644
warm_B,55,55,200,OK,PENDING_PAYMENT,499.172
warm_B,56,56,200,OK,PENDING_PAYMENT,486.053
warm_B,57,57,200,OK,PENDING_PAYMENT,482.285
warm_B,58,58,200,OK,PENDING_PAYMENT,480.164
warm_B,60,60,200,OK,PENDING_PAYMENT,470.718
warm_B,59,59,200,OK,PENDING_PAYMENT,495.712
warm_B,61,61,200,OK,PENDING_PAYMENT,474.435
warm_B,62,62,200,OK,PENDING_PAYMENT,475.097
warm_B,63,63,200,OK,PENDING_PAYMENT,478.454
warm_B,64,0,200,OK,PENDING_PAYMENT,475.513
warm_B,65,1,200,OK,PENDING_PAYMENT,475.494
warm_B,66,2,200,OK,PENDING_PAYMENT,484.976
warm_B,67,3,200,OK,PENDING_PAYMENT,476.752
warm_B,68,4,200,OK,PENDING_PAYMENT,479.161
warm_B,69,5,200,OK,PENDING_PAYMENT,478.848
warm_B,70,6,200,OK,PENDING_PAYMENT,478.886
warm_B,71,7,200,OK,PENDING_PAYMENT,480.671
warm_B,72,8,200,OK,PENDING_PAYMENT,470.810
warm_B,73,9,200,OK,PENDING_PAYMENT,473.296
warm_B,74,10,200,OK,PENDING_PAYMENT,468.177
warm_B,75,11,200,OK,PENDING_PAYMENT,463.604
warm_B,76,12,200,OK,PENDING_PAYMENT,453.831
warm_B,77,13,200,OK,PENDING_PAYMENT,451.500
warm_B,78,14,200,OK,PENDING_PAYMENT,448.887
warm_B,79,15,200,OK,PENDING_PAYMENT,449.147
warm_B,80,16,200,OK,PENDING_PAYMENT,443.933
warm_B,81,17,200,OK,PENDING_PAYMENT,440.701
warm_B,82,18,200,OK,PENDING_PAYMENT,434.955
warm_B,83,19,200,OK,PENDING_PAYMENT,441.165
warm_B,84,20,200,OK,PENDING_PAYMENT,432.138
warm_B,85,21,200,OK,PENDING_PAYMENT,444.838
warm_B,86,22,200,OK,PENDING_PAYMENT,432.303
warm_B,88,24,200,OK,PENDING_PAYMENT,415.534
warm_B,87,23,200,OK,PENDING_PAYMENT,433.918
warm_B,89,25,200,OK,PENDING_PAYMENT,420.266
warm_B,91,27,200,OK,PENDING_PAYMENT,412.730
warm_B,90,26,200,OK,PENDING_PAYMENT,434.832
warm_B,92,28,200,OK,PENDING_PAYMENT,425.994
warm_B,93,29,200,OK,PENDING_PAYMENT,410.237
warm_B,94,30,200,OK,PENDING_PAYMENT,407.145
warm_B,95,31,200,OK,PENDING_PAYMENT,403.520
warm_B,96,32,200,OK,PENDING_PAYMENT,402.602
warm_B,97,33,200,OK,PENDING_PAYMENT,408.900
warm_B,98,34,200,OK,PENDING_PAYMENT,393.017
warm_B,99,35,200,OK,PENDING_PAYMENT,394.536
B_pool30_hot1,25,25,200,OK,PENDING_PAYMENT,179.913
B_pool30_hot1,19,19,200,OK,PENDING_PAYMENT,353.147
B_pool30_hot1,8,8,200,OK,PENDING_PAYMENT,360.547
B_pool30_hot1,5,5,200,OK,PENDING_PAYMENT,377.278
B_pool30_hot1,16,16,200,OK,PENDING_PAYMENT,426.657
B_pool30_hot1,31,31,200,OK,PENDING_PAYMENT,509.468
B_pool30_hot1,47,47,200,OK,PENDING_PAYMENT,590.474
B_pool30_hot1,82,18,200,OK,PENDING_PAYMENT,610.880
B_pool30_hot1,18,18,200,OK,PENDING_PAYMENT,630.950
B_pool30_hot1,38,38,200,OK,PENDING_PAYMENT,629.816
B_pool30_hot1,21,21,200,OK,PENDING_PAYMENT,659.023
B_pool30_hot1,48,48,200,OK,PENDING_PAYMENT,696.999
B_pool30_hot1,15,15,200,OK,PENDING_PAYMENT,698.601
B_pool30_hot1,10,10,200,OK,PENDING_PAYMENT,712.043
B_pool30_hot1,85,21,200,OK,PENDING_PAYMENT,722.901
B_pool30_hot1,45,45,200,OK,PENDING_PAYMENT,752.621
B_pool30_hot1,11,11,200,OK,PENDING_PAYMENT,780.934
B_pool30_hot1,20,20,200,OK,PENDING_PAYMENT,781.104
B_pool30_hot1,0,0,200,OK,PENDING_PAYMENT,788.642
B_pool30_hot1,23,23,200,OK,PENDING_PAYMENT,798.345
B_pool30_hot1,109,45,200,OK,PENDING_PAYMENT,818.049
B_pool30_hot1,26,26,200,OK,PENDING_PAYMENT,825.650
B_pool30_hot1,22,22,200,OK,PENDING_PAYMENT,849.296
B_pool30_hot1,12,12,200,OK,PENDING_PAYMENT,850.129
B_pool30_hot1,30,30,200,OK,PENDING_PAYMENT,849.976
B_pool30_hot1,36,36,200,OK,PENDING_PAYMENT,853.551
B_pool30_hot1,46,46,200,OK,PENDING_PAYMENT,855.019
B_pool30_hot1,3,3,200,OK,PENDING_PAYMENT,877.198
B_pool30_hot1,132,4,200,OK,PENDING_PAYMENT,878.179
B_pool30_hot1,14,14,200,OK,PENDING_PAYMENT,913.957
B_pool30_hot1,7,7,200,OK,PENDING_PAYMENT,926.249
B_pool30_hot1,32,32,200,OK,PENDING_PAYMENT,928.803
B_pool30_hot1,113,49,200,OK,PENDING_PAYMENT,940.501
B_pool30_hot1,147,19,200,OK,PENDING_PAYMENT,945.036
B_pool30_hot1,34,34,200,OK,PENDING_PAYMENT,956.861
B_pool30_hot1,2,2,200,OK,PENDING_PAYMENT,964.750
B_pool30_hot1,44,44,200,OK,PENDING_PAYMENT,964.491
B_pool30_hot1,52,52,200,OK,PENDING_PAYMENT,965.647
B_pool30_hot1,87,23,200,OK,PENDING_PAYMENT,969.700
B_pool30_hot1,55,55,200,OK,PENDING_PAYMENT,1007.086
B_pool30_hot1,136,8,200,OK,PENDING_PAYMENT,1006.681
B_pool30_hot1,49,49,200,OK,PENDING_PAYMENT,1031.406
B_pool30_hot1,162,34,200,OK,PENDING_PAYMENT,1042.988
B_pool30_hot1,35,35,200,OK,PENDING_PAYMENT,1051.372
B_pool30_hot1,24,24,200,OK,PENDING_PAYMENT,1073.508
B_pool30_hot1,28,28,200,OK,PENDING_PAYMENT,1073.454
B_pool30_hot1,75,11,200,OK,PENDING_PAYMENT,1070.023
B_pool30_hot1,63,63,200,OK,PENDING_PAYMENT,1086.393
B_pool30_hot1,98,34,200,OK,PENDING_PAYMENT,1103.285
B_pool30_hot1,41,41,200,OK,PENDING_PAYMENT,1107.545
B_pool30_hot1,173,45,200,OK,PENDING_PAYMENT,1098.031
B_pool30_hot1,53,53,200,OK,PENDING_PAYMENT,1107.180
B_pool30_hot1,108,44,200,OK,PENDING_PAYMENT,1128.992
B_pool30_hot1,96,32,200,OK,PENDING_PAYMENT,1129.678
B_pool30_hot1,117,53,200,OK,PENDING_PAYMENT,1128.596
B_pool30_hot1,88,24,200,OK,PENDING_PAYMENT,1130.293
B_pool30_hot1,69,5,200,OK,PENDING_PAYMENT,1155.038
B_pool30_hot1,102,38,200,OK,PENDING_PAYMENT,1170.137
B_pool30_hot1,76,12,200,OK,PENDING_PAYMENT,1196.702
B_pool30_hot1,97,33,200,OK,PENDING_PAYMENT,1195.249
B_pool30_hot1,118,54,200,OK,PENDING_PAYMENT,1211.277
B_pool30_hot1,137,9,200,OK,PENDING_PAYMENT,1233.585
B_pool30_hot1,92,28,200,OK,PENDING_PAYMENT,1237.528
B_pool30_hot1,40,40,200,OK,PENDING_PAYMENT,1241.447
B_pool30_hot1,42,42,200,OK,PENDING_PAYMENT,1243.090
B_pool30_hot1,13,13,200,OK,PENDING_PAYMENT,1245.616
B_pool30_hot1,54,54,200,OK,PENDING_PAYMENT,1274.527
B_pool30_hot1,66,2,200,OK,PENDING_PAYMENT,1278.201
B_pool30_hot1,140,12,200,OK,PENDING_PAYMENT,1291.586
B_pool30_hot1,39,39,200,OK,PENDING_PAYMENT,1298.183
B_pool30_hot1,4,4,200,OK,PENDING_PAYMENT,1312.365
B_pool30_hot1,139,11,200,OK,PENDING_PAYMENT,1325.751
B_pool30_hot1,33,33,200,OK,PENDING_PAYMENT,1340.361
B_pool30_hot1,57,57,200,OK,PENDING_PAYMENT,1362.478
B_pool30_hot1,60,60,200,OK,PENDING_PAYMENT,1381.000
B_pool30_hot1,67,3,200,OK,PENDING_PAYMENT,1398.542
B_pool30_hot1,71,7,200,OK,PENDING_PAYMENT,1402.857
B_pool30_hot1,58,58,200,OK,PENDING_PAYMENT,1425.363
B_pool30_hot1,80,16,200,OK,PENDING_PAYMENT,1432.467
B_pool30_hot1,112,48,200,OK,PENDING_PAYMENT,1455.859
B_pool30_hot1,81,17,200,OK,PENDING_PAYMENT,1475.740
B_pool30_hot1,124,60,200,OK,PENDING_PAYMENT,1480.627
B_pool30_hot1,116,52,200,OK,PENDING_PAYMENT,1493.896
B_pool30_hot1,107,43,200,OK,PENDING_PAYMENT,1509.267
B_pool30_hot1,94,30,200,OK,PENDING_PAYMENT,1531.806
B_pool30_hot1,6,6,200,OK,PENDING_PAYMENT,1563.831
B_pool30_hot1,164,36,200,OK,PENDING_PAYMENT,1560.556
B_pool30_hot1,106,42,200,OK,PENDING_PAYMENT,1577.426
B_pool30_hot1,169,41,200,OK,PENDING_PAYMENT,1585.352
B_pool30_hot1,9,9,200,OK,PENDING_PAYMENT,1608.531
B_pool30_hot1,51,51,200,OK,PENDING_PAYMENT,1620.223
B_pool30_hot1,138,10,200,OK,PENDING_PAYMENT,1633.960
B_pool30_hot1,184,56,200,OK,PENDING_PAYMENT,1642.793
B_pool30_hot1,187,59,200,OK,PENDING_PAYMENT,1649.232
B_pool30_hot1,141,13,200,OK,PENDING_PAYMENT,1682.393
B_pool30_hot1,142,14,200,OK,PENDING_PAYMENT,1691.222
B_pool30_hot1,74,10,200,OK,PENDING_PAYMENT,1714.086
B_pool30_hot1,29,29,200,OK,PENDING_PAYMENT,1730.559
B_pool30_hot1,62,62,200,OK,PENDING_PAYMENT,1753.700
B_pool30_hot1,144,16,200,OK,PENDING_PAYMENT,1766.946
B_pool30_hot1,59,59,200,OK,PENDING_PAYMENT,1792.260
B_pool30_hot1,161,33,200,OK,PENDING_PAYMENT,1798.474
B_pool30_hot1,61,61,200,OK,PENDING_PAYMENT,1826.737
B_pool30_hot1,68,4,200,OK,PENDING_PAYMENT,1838.523
B_pool30_hot1,192,0,200,OK,PENDING_PAYMENT,1848.876
B_pool30_hot1,115,51,200,OK,PENDING_PAYMENT,1863.782
B_pool30_hot1,84,20,200,OK,PENDING_PAYMENT,1880.947
B_pool30_hot1,111,47,200,OK,PENDING_PAYMENT,1900.961
B_pool30_hot1,152,24,200,OK,PENDING_PAYMENT,1920.635
B_pool30_hot1,120,56,200,OK,PENDING_PAYMENT,1926.573
B_pool30_hot1,73,9,200,OK,PENDING_PAYMENT,1944.393
B_pool30_hot1,153,25,200,OK,PENDING_PAYMENT,1958.492
B_pool30_hot1,83,19,200,OK,PENDING_PAYMENT,1985.128
B_pool30_hot1,155,27,200,OK,PENDING_PAYMENT,1991.750
B_pool30_hot1,105,41,200,OK,PENDING_PAYMENT,2015.481
B_pool30_hot1,150,22,200,OK,PENDING_PAYMENT,2021.554
B_pool30_hot1,89,25,200,OK,PENDING_PAYMENT,2038.935
B_pool30_hot1,93,29,200,OK,PENDING_PAYMENT,2045.182
B_pool30_hot1,130,2,200,OK,PENDING_PAYMENT,2062.522
B_pool30_hot1,171,43,200,OK,PENDING_PAYMENT,2067.592
B_pool30_hot1,158,30,200,OK,PENDING_PAYMENT,2079.596
B_pool30_hot1,122,58,200,OK,PENDING_PAYMENT,2098.236
B_pool30_hot1,129,1,200,OK,PENDING_PAYMENT,2110.443
B_pool30_hot1,176,48,200,OK,PENDING_PAYMENT,2119.369
B_pool30_hot1,177,49,200,OK,PENDING_PAYMENT,2139.668
B_pool30_hot1,134,6,200,OK,PENDING_PAYMENT,2160.431
B_pool30_hot1,163,35,200,OK,PENDING_PAYMENT,2178.871
B_pool30_hot1,174,46,200,OK,PENDING_PAYMENT,2187.449
B_pool30_hot1,167,39,200,OK,PENDING_PAYMENT,2211.009
B_pool30_hot1,182,54,200,OK,PENDING_PAYMENT,2230.023
B_pool30_hot1,121,57,200,OK,PENDING_PAYMENT,2242.901
B_pool30_hot1,133,5,200,OK,PENDING_PAYMENT,2259.824
B_pool30_hot1,202,10,200,OK,PENDING_PAYMENT,2253.805
B_pool30_hot1,195,3,200,OK,PENDING_PAYMENT,2279.827
B_pool30_hot1,65,1,200,OK,PENDING_PAYMENT,2301.861
B_pool30_hot1,145,17,200,OK,PENDING_PAYMENT,2309.623
B_pool30_hot1,186,58,200,OK,PENDING_PAYMENT,2318.019
B_pool30_hot1,148,20,200,OK,PENDING_PAYMENT,2344.423
B_pool30_hot1,151,23,200,OK,PENDING_PAYMENT,2357.766
B_pool30_hot1,191,63,200,OK,PENDING_PAYMENT,2369.514
B_pool30_hot1,1,1,200,OK,PENDING_PAYMENT,2397.614
B_pool30_hot1,181,53,200,OK,PENDING_PAYMENT,2399.898
B_pool30_hot1,126,62,200,OK,PENDING_PAYMENT,2419.104
B_pool30_hot1,99,35,200,OK,PENDING_PAYMENT,2438.216
B_pool30_hot1,70,6,200,OK,PENDING_PAYMENT,2458.618
B_pool30_hot1,123,59,200,OK,PENDING_PAYMENT,2468.064
B_pool30_hot1,172,44,200,OK,PENDING_PAYMENT,2476.243
B_pool30_hot1,175,47,200,OK,PENDING_PAYMENT,2492.866
B_pool30_hot1,166,38,200,OK,PENDING_PAYMENT,2515.407
B_pool30_hot1,170,42,200,OK,PENDING_PAYMENT,2522.156
B_pool30_hot1,165,37,200,OK,PENDING_PAYMENT,2538.314
B_pool30_hot1,135,7,200,OK,PENDING_PAYMENT,2560.025
B_pool30_hot1,205,13,200,OK,PENDING_PAYMENT,2564.234
B_pool30_hot1,119,55,200,OK,PENDING_PAYMENT,2594.944
B_pool30_hot1,56,56,200,OK,PENDING_PAYMENT,2608.423
B_pool30_hot1,131,3,200,OK,PENDING_PAYMENT,2626.596
B_pool30_hot1,143,15,200,OK,PENDING_PAYMENT,2628.991
B_pool30_hot1,100,36,200,OK,PENDING_PAYMENT,2652.133
B_pool30_hot1,154,26,200,OK,PENDING_PAYMENT,2656.494
B_pool30_hot1,157,29,200,OK,PENDING_PAYMENT,2679.657
B_pool30_hot1,114,50,200,OK,PENDING_PAYMENT,2689.924
B_pool30_hot1,194,2,200,OK,PENDING_PAYMENT,2699.668
B_pool30_hot1,168,40,200,OK,PENDING_PAYMENT,2720.196
B_pool30_hot1,50,50,200,OK,PENDING_PAYMENT,2738.707
B_pool30_hot1,86,22,200,OK,PENDING_PAYMENT,2760.515
B_pool30_hot1,95,31,200,OK,PENDING_PAYMENT,2781.173
B_pool30_hot1,103,39,200,OK,PENDING_PAYMENT,2813.054
B_pool30_hot1,90,26,200,OK,PENDING_PAYMENT,2843.198
B_pool30_hot1,17,17,200,OK,PENDING_PAYMENT,2860.204
B_pool30_hot1,128,0,200,OK,PENDING_PAYMENT,2904.791
B_pool30_hot1,43,43,200,OK,PENDING_PAYMENT,2922.102
B_pool30_hot1,204,12,200,OK,PENDING_PAYMENT,2923.990
B_pool30_hot1,127,63,200,OK,PENDING_PAYMENT,2958.710
B_pool30_hot1,27,27,200,OK,PENDING_PAYMENT,2990.314
B_pool30_hot1,37,37,200,OK,PENDING_PAYMENT,3006.856
B_pool30_hot1,64,0,200,OK,PENDING_PAYMENT,3011.618
B_pool30_hot1,200,8,200,OK,PENDING_PAYMENT,3013.657
B_pool30_hot1,199,7,200,OK,PENDING_PAYMENT,3032.163
B_pool30_hot1,146,18,200,OK,PENDING_PAYMENT,3063.039
B_pool30_hot1,210,18,200,OK,PENDING_PAYMENT,3057.462
B_pool30_hot1,91,27,200,OK,PENDING_PAYMENT,3102.028
B_pool30_hot1,160,32,200,OK,PENDING_PAYMENT,3110.548
B_pool30_hot1,179,51,200,OK,PENDING_PAYMENT,3123.355
B_pool30_hot1,224,32,200,OK,PENDING_PAYMENT,3119.496
B_pool30_hot1,78,14,200,OK,PENDING_PAYMENT,3163.335
B_pool30_hot1,79,15,200,OK,PENDING_PAYMENT,3177.846
B_pool30_hot1,104,40,200,OK,PENDING_PAYMENT,3192.967
B_pool30_hot1,190,62,200,OK,PENDING_PAYMENT,3199.727
B_pool30_hot1,178,50,200,OK,PENDING_PAYMENT,3215.290
B_pool30_hot1,223,31,200,OK,PENDING_PAYMENT,3208.781
B_pool30_hot1,208,16,200,OK,PENDING_PAYMENT,3234.029
B_pool30_hot1,180,52,200,OK,PENDING_PAYMENT,3265.383
B_pool30_hot1,183,55,200,OK,PENDING_PAYMENT,3277.785
B_pool30_hot1,72,8,200,OK,PENDING_PAYMENT,3315.009
B_pool30_hot1,156,28,200,OK,PENDING_PAYMENT,3316.684
B_pool30_hot1,125,61,200,OK,PENDING_PAYMENT,3337.856
B_pool30_hot1,189,61,200,OK,PENDING_PAYMENT,3348.977
B_pool30_hot1,203,11,200,OK,PENDING_PAYMENT,3354.873
B_pool30_hot1,149,21,200,OK,PENDING_PAYMENT,3379.865
B_pool30_hot1,198,6,200,OK,PENDING_PAYMENT,3387.683
B_pool30_hot1,196,4,200,OK,PENDING_PAYMENT,3412.621
B_pool30_hot1,77,13,200,OK,PENDING_PAYMENT,3440.288
B_pool30_hot1,212,20,200,OK,PENDING_PAYMENT,3432.792
B_pool30_hot1,217,25,200,OK,PENDING_PAYMENT,3442.890
B_pool30_hot1,219,27,200,OK,PENDING_PAYMENT,3459.180
B_pool30_hot1,237,45,200,OK,PENDING_PAYMENT,3478.193
B_pool30_hot1,230,38,200,OK,PENDING_PAYMENT,3485.519
B_pool30_hot1,185,57,200,OK,PENDING_PAYMENT,3528.373
B_pool30_hot1,211,19,200,OK,PENDING_PAYMENT,3530.893
B_pool30_hot1,225,33,200,OK,PENDING_PAYMENT,3535.053
B_pool30_hot1,227,35,200,OK,PENDING_PAYMENT,3549.863
B_pool30_hot1,207,15,200,OK,PENDING_PAYMENT,3566.299
B_pool30_hot1,232,40,200,OK,PENDING_PAYMENT,3580.681
B_pool30_hot1,209,17,200,OK,PENDING_PAYMENT,3605.891
B_pool30_hot1,193,1,200,OK,PENDING_PAYMENT,3624.059
B_pool30_hot1,216,24,200,OK,PENDING_PAYMENT,3624.283
B_pool30_hot1,110,46,200,OK,PENDING_PAYMENT,3655.741
B_pool30_hot1,226,34,200,OK,PENDING_PAYMENT,3648.804
B_pool30_hot1,233,41,200,OK,PENDING_PAYMENT,3662.838
B_pool30_hot1,159,31,200,OK,PENDING_PAYMENT,3695.390
B_pool30_hot1,101,37,200,OK,PENDING_PAYMENT,3712.306
B_pool30_hot1,206,14,200,OK,PENDING_PAYMENT,3711.657
B_pool30_hot1,221,29,200,OK,PENDING_PAYMENT,3727.567
B_pool30_hot1,236,44,200,OK,PENDING_PAYMENT,3749.199
B_pool30_hot1,220,28,200,OK,PENDING_PAYMENT,3764.243
B_pool30_hot1,197,5,200,OK,PENDING_PAYMENT,3810.716
B_pool30_hot1,201,9,200,OK,PENDING_PAYMENT,3834.919
B_pool30_hot1,238,46,200,OK,PENDING_PAYMENT,3827.806
B_pool30_hot1,214,22,200,OK,PENDING_PAYMENT,3856.818
B_pool30_hot1,243,51,200,OK,PENDING_PAYMENT,3877.617
B_pool30_hot1,234,42,200,OK,PENDING_PAYMENT,3903.247
B_pool30_hot1,188,60,200,OK,PENDING_PAYMENT,3934.119
B_pool30_hot1,229,37,200,OK,PENDING_PAYMENT,3939.010
B_pool30_hot1,247,55,200,OK,PENDING_PAYMENT,3942.584
B_pool30_hot1,244,52,200,OK,PENDING_PAYMENT,3982.036
B_pool30_hot1,213,21,200,OK,PENDING_PAYMENT,4009.345
B_pool30_hot1,245,53,200,OK,PENDING_PAYMENT,4009.819
B_pool30_hot1,250,58,200,OK,PENDING_PAYMENT,4025.715
B_pool30_hot1,242,50,200,OK,PENDING_PAYMENT,4030.134
B_pool30_hot1,239,47,200,OK,PENDING_PAYMENT,4046.845
B_pool30_hot1,246,54,200,OK,PENDING_PAYMENT,4062.363
B_pool30_hot1,252,60,200,OK,PENDING_PAYMENT,4080.462
B_pool30_hot1,241,49,200,OK,PENDING_PAYMENT,4097.204
B_pool30_hot1,222,30,200,OK,PENDING_PAYMENT,4113.673
B_pool30_hot1,215,23,200,OK,PENDING_PAYMENT,4132.776
B_pool30_hot1,254,62,200,OK,PENDING_PAYMENT,4147.347
B_pool30_hot1,235,43,200,OK,PENDING_PAYMENT,4153.153
B_pool30_hot1,218,26,200,OK,PENDING_PAYMENT,4173.077
B_pool30_hot1,228,36,200,OK,PENDING_PAYMENT,4190.693
B_pool30_hot1,248,56,200,OK,PENDING_PAYMENT,4203.095
B_pool30_hot1,251,59,200,OK,PENDING_PAYMENT,4224.458
B_pool30_hot1,240,48,200,OK,PENDING_PAYMENT,4244.589
B_pool30_hot1,256,0,200,OK,PENDING_PAYMENT,4111.344
B_pool30_hot1,255,63,200,OK,PENDING_PAYMENT,4269.738
B_pool30_hot1,258,2,200,OK,PENDING_PAYMENT,3957.552
B_pool30_hot1,231,39,200,OK,PENDING_PAYMENT,4293.211
B_pool30_hot1,249,57,200,OK,PENDING_PAYMENT,4307.071
B_pool30_hot1,259,3,200,OK,PENDING_PAYMENT,3981.176
B_pool30_hot1,257,1,200,OK,PENDING_PAYMENT,4021.478
B_pool30_hot1,253,61,200,OK,PENDING_PAYMENT,4354.306
B_pool30_hot1,260,4,200,OK,PENDING_PAYMENT,3993.596
B_pool30_hot1,264,8,200,OK,PENDING_PAYMENT,3808.164
B_pool30_hot1,262,6,200,OK,PENDING_PAYMENT,3857.138
B_pool30_hot1,261,5,200,OK,PENDING_PAYMENT,3955.848
B_pool30_hot1,263,7,200,OK,PENDING_PAYMENT,3874.021
B_pool30_hot1,265,9,200,OK,PENDING_PAYMENT,3866.166
B_pool30_hot1,267,11,200,OK,PENDING_PAYMENT,3819.181
B_pool30_hot1,266,10,200,OK,PENDING_PAYMENT,3871.897
B_pool30_hot1,268,12,200,OK,PENDING_PAYMENT,3847.549
B_pool30_hot1,269,13,200,OK,PENDING_PAYMENT,3852.333
B_pool30_hot1,270,14,200,OK,PENDING_PAYMENT,3849.978
B_pool30_hot1,271,15,200,OK,PENDING_PAYMENT,3830.468
B_pool30_hot1,273,17,200,OK,PENDING_PAYMENT,3819.378
B_pool30_hot1,272,16,200,OK,PENDING_PAYMENT,3838.662
B_pool30_hot1,274,18,200,OK,PENDING_PAYMENT,3837.371
B_pool30_hot1,275,19,200,OK,PENDING_PAYMENT,3843.399
B_pool30_hot1,276,20,200,OK,PENDING_PAYMENT,3836.429
B_pool30_hot1,277,21,200,OK,PENDING_PAYMENT,3847.443
B_pool30_hot1,278,22,200,OK,PENDING_PAYMENT,3843.765
B_pool30_hot1,279,23,200,OK,PENDING_PAYMENT,3861.384
B_pool30_hot1,280,24,200,OK,PENDING_PAYMENT,3884.050
B_pool30_hot1,281,25,200,OK,PENDING_PAYMENT,3900.195
B_pool30_hot1,282,26,200,OK,PENDING_PAYMENT,3919.565
B_pool30_hot1,283,27,200,OK,PENDING_PAYMENT,3923.706
B_pool30_hot1,284,28,200,OK,PENDING_PAYMENT,3939.330
B_pool30_hot1,285,29,200,OK,PENDING_PAYMENT,3931.066
B_pool30_hot1,286,30,200,OK,PENDING_PAYMENT,3948.680
B_pool30_hot1,287,31,200,OK,PENDING_PAYMENT,3960.576
B_pool30_hot1,288,32,200,OK,PENDING_PAYMENT,3967.343
B_pool30_hot1,289,33,200,OK,PENDING_PAYMENT,3985.145
B_pool30_hot1,290,34,200,OK,PENDING_PAYMENT,3990.676
B_pool30_hot1,291,35,200,OK,PENDING_PAYMENT,3999.157
B_pool30_hot1,293,37,200,OK,PENDING_PAYMENT,4017.618
B_pool30_hot1,292,36,200,OK,PENDING_PAYMENT,4035.348
B_pool30_hot1,294,38,200,OK,PENDING_PAYMENT,4033.768
B_pool30_hot1,295,39,200,OK,PENDING_PAYMENT,4017.833
B_pool30_hot1,296,40,200,OK,PENDING_PAYMENT,4021.870
B_pool30_hot1,297,41,200,OK,PENDING_PAYMENT,4019.127
B_pool30_hot1,299,43,200,OK,PENDING_PAYMENT,4013.114
B_pool30_hot1,298,42,200,OK,PENDING_PAYMENT,4029.306
B_pool30_hot1,302,46,200,OK,PENDING_PAYMENT,4020.569
B_pool30_hot1,301,45,200,OK,PENDING_PAYMENT,4041.351
B_pool30_hot1,300,44,200,OK,PENDING_PAYMENT,4056.900
B_pool30_hot1,303,47,200,OK,PENDING_PAYMENT,4056.865
B_pool30_hot1,307,51,200,OK,PENDING_PAYMENT,4052.832
B_pool30_hot1,305,49,200,OK,PENDING_PAYMENT,4074.223
B_pool30_hot1,304,48,200,OK,PENDING_PAYMENT,4096.420
B_pool30_hot1,306,50,200,OK,PENDING_PAYMENT,4108.255
B_pool30_hot1,309,53,200,OK,PENDING_PAYMENT,4094.872
B_pool30_hot1,310,54,200,OK,PENDING_PAYMENT,4115.867
B_pool30_hot1,311,55,200,OK,PENDING_PAYMENT,4133.152
B_pool30_hot1,308,52,200,OK,PENDING_PAYMENT,4143.098
B_pool30_hot1,312,56,200,OK,PENDING_PAYMENT,4135.204
B_pool30_hot1,313,57,200,OK,PENDING_PAYMENT,4130.123
B_pool30_hot1,315,59,200,OK,PENDING_PAYMENT,4118.889
B_pool30_hot1,314,58,200,OK,PENDING_PAYMENT,4131.706
B_pool30_hot1,316,60,200,OK,PENDING_PAYMENT,4126.656
B_pool30_hot1,319,63,200,OK,PENDING_PAYMENT,4118.060
B_pool30_hot1,321,1,200,OK,PENDING_PAYMENT,4131.062
B_pool30_hot1,317,61,200,OK,PENDING_PAYMENT,4151.307
B_pool30_hot1,320,0,200,OK,PENDING_PAYMENT,4166.692
B_pool30_hot1,318,62,200,OK,PENDING_PAYMENT,4183.978
B_pool30_hot1,322,2,200,OK,PENDING_PAYMENT,4156.581
B_pool30_hot1,323,3,200,OK,PENDING_PAYMENT,4165.723
B_pool30_hot1,325,5,200,OK,PENDING_PAYMENT,4154.687
B_pool30_hot1,324,4,200,OK,PENDING_PAYMENT,4173.595
B_pool30_hot1,326,6,200,OK,PENDING_PAYMENT,4181.181
B_pool30_hot1,327,7,200,OK,PENDING_PAYMENT,4164.805
B_pool30_hot1,328,8,200,OK,PENDING_PAYMENT,4175.670
B_pool30_hot1,329,9,200,OK,PENDING_PAYMENT,4158.520
B_pool30_hot1,330,10,200,OK,PENDING_PAYMENT,4156.369
B_pool30_hot1,332,12,200,OK,PENDING_PAYMENT,4139.678
B_pool30_hot1,331,11,200,OK,PENDING_PAYMENT,4157.712
B_pool30_hot1,333,13,200,OK,PENDING_PAYMENT,4147.479
B_pool30_hot1,334,14,200,OK,PENDING_PAYMENT,4153.787
B_pool30_hot1,335,15,200,OK,PENDING_PAYMENT,4144.619
B_pool30_hot1,336,16,200,OK,PENDING_PAYMENT,4145.073
B_pool30_hot1,337,17,200,OK,PENDING_PAYMENT,4156.528
B_pool30_hot1,338,18,200,OK,PENDING_PAYMENT,4161.907
B_pool30_hot1,339,19,200,OK,PENDING_PAYMENT,4165.305
B_pool30_hot1,340,20,200,OK,PENDING_PAYMENT,4150.031
B_pool30_hot1,341,21,200,OK,PENDING_PAYMENT,4139.480
B_pool30_hot1,342,22,200,OK,PENDING_PAYMENT,4148.187
B_pool30_hot1,343,23,200,OK,PENDING_PAYMENT,4151.702
B_pool30_hot1,344,24,200,OK,PENDING_PAYMENT,4150.287
B_pool30_hot1,345,25,200,OK,PENDING_PAYMENT,4169.874
B_pool30_hot1,346,26,200,OK,PENDING_PAYMENT,4178.254
B_pool30_hot1,347,27,200,OK,PENDING_PAYMENT,4182.691
B_pool30_hot1,348,28,200,OK,PENDING_PAYMENT,4198.133
B_pool30_hot1,349,29,200,OK,PENDING_PAYMENT,4208.834
B_pool30_hot1,350,30,200,OK,PENDING_PAYMENT,4201.379
B_pool30_hot1,351,31,200,OK,PENDING_PAYMENT,4204.559
B_pool30_hot1,352,32,200,OK,PENDING_PAYMENT,4198.219
B_pool30_hot1,353,33,200,OK,PENDING_PAYMENT,4198.685
B_pool30_hot1,354,34,200,OK,PENDING_PAYMENT,4194.625
B_pool30_hot1,355,35,200,OK,PENDING_PAYMENT,4192.535
B_pool30_hot1,356,36,200,OK,PENDING_PAYMENT,4188.245
B_pool30_hot1,357,37,200,OK,PENDING_PAYMENT,4191.384
B_pool30_hot1,358,38,200,OK,PENDING_PAYMENT,4182.702
B_pool30_hot1,360,40,200,OK,PENDING_PAYMENT,4167.526
B_pool30_hot1,359,39,200,OK,PENDING_PAYMENT,4202.218
B_pool30_hot1,361,41,200,OK,PENDING_PAYMENT,4187.048
B_pool30_hot1,362,42,200,OK,PENDING_PAYMENT,4196.351
B_pool30_hot1,363,43,200,OK,PENDING_PAYMENT,4190.347
B_pool30_hot1,364,44,200,OK,PENDING_PAYMENT,4187.156
B_pool30_hot1,365,45,200,OK,PENDING_PAYMENT,4190.847
B_pool30_hot1,366,46,200,OK,PENDING_PAYMENT,4197.343
B_pool30_hot1,368,48,200,OK,PENDING_PAYMENT,4284.316
B_pool30_hot1,367,47,200,OK,PENDING_PAYMENT,4316.240
B_pool30_hot1,372,52,200,OK,PENDING_PAYMENT,4249.343
B_pool30_hot1,373,53,200,OK,PENDING_PAYMENT,4242.912
B_pool30_hot1,371,51,200,OK,PENDING_PAYMENT,4262.877
B_pool30_hot1,370,50,200,OK,PENDING_PAYMENT,4271.832
B_pool30_hot1,369,49,200,OK,PENDING_PAYMENT,4292.569
B_pool30_hot1,374,54,200,OK,PENDING_PAYMENT,4223.947
B_pool30_hot1,376,56,200,OK,PENDING_PAYMENT,4263.163
B_pool30_hot1,375,55,200,OK,PENDING_PAYMENT,4292.446
B_pool30_hot1,377,57,200,OK,PENDING_PAYMENT,4272.716
B_pool30_hot1,378,58,200,OK,PENDING_PAYMENT,4276.611
B_pool30_hot1,379,59,200,OK,PENDING_PAYMENT,4275.768
B_pool30_hot1,380,60,200,OK,PENDING_PAYMENT,4264.550
B_pool30_hot1,381,61,200,OK,PENDING_PAYMENT,4264.242
B_pool30_hot1,382,62,200,OK,PENDING_PAYMENT,4255.484
B_pool30_hot1,383,63,200,OK,PENDING_PAYMENT,4263.486
B_pool30_hot1,384,0,200,OK,PENDING_PAYMENT,4255.073
B_pool30_hot1,385,1,200,OK,PENDING_PAYMENT,4256.508
B_pool30_hot1,386,2,200,OK,PENDING_PAYMENT,4267.516
B_pool30_hot1,387,3,200,OK,PENDING_PAYMENT,4272.667
B_pool30_hot1,388,4,200,OK,PENDING_PAYMENT,4284.082
B_pool30_hot1,389,5,200,OK,PENDING_PAYMENT,4275.358
B_pool30_hot1,390,6,200,OK,PENDING_PAYMENT,4279.260
B_pool30_hot1,391,7,200,OK,PENDING_PAYMENT,4285.028
B_pool30_hot1,392,8,200,OK,PENDING_PAYMENT,4284.631
B_pool30_hot1,393,9,200,OK,PENDING_PAYMENT,4279.392
B_pool30_hot1,394,10,200,OK,PENDING_PAYMENT,4282.228
B_pool30_hot1,395,11,200,OK,PENDING_PAYMENT,4270.976
B_pool30_hot1,396,12,200,OK,PENDING_PAYMENT,4271.202
B_pool30_hot1,397,13,200,OK,PENDING_PAYMENT,4262.636
B_pool30_hot1,398,14,200,OK,PENDING_PAYMENT,4269.116
B_pool30_hot1,399,15,200,OK,PENDING_PAYMENT,4266.118
B_pool30_hot1,400,16,200,OK,PENDING_PAYMENT,4254.841
B_pool30_hot1,401,17,200,OK,PENDING_PAYMENT,4261.718
B_pool30_hot1,402,18,200,OK,PENDING_PAYMENT,4259.058
B_pool30_hot1,403,19,200,OK,PENDING_PAYMENT,4269.590
B_pool30_hot1,404,20,200,OK,PENDING_PAYMENT,4279.220
B_pool30_hot1,405,21,200,OK,PENDING_PAYMENT,4315.969
B_pool30_hot1,407,23,200,OK,PENDING_PAYMENT,4297.033
B_pool30_hot1,406,22,200,OK,PENDING_PAYMENT,4315.801
B_pool30_hot1,408,24,200,OK,PENDING_PAYMENT,4287.463
B_pool30_hot1,409,25,200,OK,PENDING_PAYMENT,4287.694
B_pool30_hot1,410,26,200,OK,PENDING_PAYMENT,4285.926
B_pool30_hot1,411,27,200,OK,PENDING_PAYMENT,4284.621
B_pool30_hot1,412,28,200,OK,PENDING_PAYMENT,4288.317
B_pool30_hot1,413,29,200,OK,PENDING_PAYMENT,4283.768
B_pool30_hot1,414,30,200,OK,PENDING_PAYMENT,4292.754
B_pool30_hot1,416,32,200,OK,PENDING_PAYMENT,4277.765
B_pool30_hot1,415,31,200,OK,PENDING_PAYMENT,4302.423
B_pool30_hot1,417,33,200,OK,PENDING_PAYMENT,4292.742
B_pool30_hot1,418,34,200,OK,PENDING_PAYMENT,4298.816
B_pool30_hot1,419,35,200,OK,PENDING_PAYMENT,4296.115
B_pool30_hot1,420,36,200,OK,PENDING_PAYMENT,4290.027
B_pool30_hot1,421,37,200,OK,PENDING_PAYMENT,4288.611
B_pool30_hot1,422,38,200,OK,PENDING_PAYMENT,4277.014
B_pool30_hot1,423,39,200,OK,PENDING_PAYMENT,4270.321
B_pool30_hot1,424,40,200,OK,PENDING_PAYMENT,4275.767
B_pool30_hot1,425,41,200,OK,PENDING_PAYMENT,4246.938
B_pool30_hot1,426,42,200,OK,PENDING_PAYMENT,4241.823
B_pool30_hot1,427,43,200,OK,PENDING_PAYMENT,4233.571
B_pool30_hot1,428,44,200,OK,PENDING_PAYMENT,4234.757
B_pool30_hot1,429,45,200,OK,PENDING_PAYMENT,4228.928
B_pool30_hot1,430,46,200,OK,PENDING_PAYMENT,4218.655
B_pool30_hot1,431,47,200,OK,PENDING_PAYMENT,4230.160
B_pool30_hot1,432,48,200,OK,PENDING_PAYMENT,4236.786
B_pool30_hot1,433,49,200,OK,PENDING_PAYMENT,4231.498
B_pool30_hot1,434,50,200,OK,PENDING_PAYMENT,4226.716
B_pool30_hot1,435,51,200,OK,PENDING_PAYMENT,4223.656
B_pool30_hot1,436,52,200,OK,PENDING_PAYMENT,4216.231
B_pool30_hot1,438,54,200,OK,PENDING_PAYMENT,4200.194
B_pool30_hot1,437,53,200,OK,PENDING_PAYMENT,4232.600
B_pool30_hot1,439,55,200,OK,PENDING_PAYMENT,4224.506
B_pool30_hot1,440,56,200,OK,PENDING_PAYMENT,4220.295
B_pool30_hot1,441,57,200,OK,PENDING_PAYMENT,4216.143
B_pool30_hot1,442,58,200,OK,PENDING_PAYMENT,4221.012
B_pool30_hot1,443,59,200,OK,PENDING_PAYMENT,4215.713
B_pool30_hot1,444,60,200,OK,PENDING_PAYMENT,4218.048
B_pool30_hot1,445,61,200,OK,PENDING_PAYMENT,4225.076
B_pool30_hot1,446,62,200,OK,PENDING_PAYMENT,4217.005
B_pool30_hot1,447,63,200,OK,PENDING_PAYMENT,4215.057
B_pool30_hot1,448,0,200,OK,PENDING_PAYMENT,4224.076
B_pool30_hot1,449,1,200,OK,PENDING_PAYMENT,4208.988
B_pool30_hot1,450,2,200,OK,PENDING_PAYMENT,4217.880
B_pool30_hot1,451,3,200,OK,PENDING_PAYMENT,4218.026
B_pool30_hot1,452,4,200,OK,PENDING_PAYMENT,4207.744
B_pool30_hot1,453,5,200,OK,PENDING_PAYMENT,4212.119
B_pool30_hot1,454,6,200,OK,PENDING_PAYMENT,4214.068
B_pool30_hot1,455,7,200,OK,PENDING_PAYMENT,4213.712
B_pool30_hot1,456,8,200,OK,PENDING_PAYMENT,4209.459
B_pool30_hot1,457,9,200,OK,PENDING_PAYMENT,4212.827
B_pool30_hot1,458,10,200,OK,PENDING_PAYMENT,4203.787
B_pool30_hot1,459,11,200,OK,PENDING_PAYMENT,4206.807
B_pool30_hot1,460,12,200,OK,PENDING_PAYMENT,4203.291
B_pool30_hot1,461,13,200,OK,PENDING_PAYMENT,4193.809
B_pool30_hot1,462,14,200,OK,PENDING_PAYMENT,4199.971
B_pool30_hot1,463,15,200,OK,PENDING_PAYMENT,4188.768
B_pool30_hot1,464,16,200,OK,PENDING_PAYMENT,4189.097
B_pool30_hot1,465,17,200,OK,PENDING_PAYMENT,4195.155
B_pool30_hot1,466,18,200,OK,PENDING_PAYMENT,4234.492
B_pool30_hot1,467,19,200,OK,PENDING_PAYMENT,4248.613
B_pool30_hot1,468,20,200,OK,PENDING_PAYMENT,4248.434
B_pool30_hot1,469,21,200,OK,PENDING_PAYMENT,4239.372
B_pool30_hot1,471,23,200,OK,PENDING_PAYMENT,4235.882
B_pool30_hot1,470,22,200,OK,PENDING_PAYMENT,4266.455
B_pool30_hot1,472,24,200,OK,PENDING_PAYMENT,4249.774
B_pool30_hot1,474,26,200,OK,PENDING_PAYMENT,4229.329
B_pool30_hot1,473,25,200,OK,PENDING_PAYMENT,4251.796
B_pool30_hot1,475,27,200,OK,PENDING_PAYMENT,4246.226
B_pool30_hot1,476,28,200,OK,PENDING_PAYMENT,4251.502
B_pool30_hot1,477,29,200,OK,PENDING_PAYMENT,4239.601
B_pool30_hot1,478,30,200,OK,PENDING_PAYMENT,4230.596
B_pool30_hot1,479,31,200,OK,PENDING_PAYMENT,4226.191
B_pool30_hot1,480,32,200,OK,PENDING_PAYMENT,4231.048
B_pool30_hot1,481,33,200,OK,PENDING_PAYMENT,4210.572
B_pool30_hot1,482,34,200,OK,PENDING_PAYMENT,4212.027
B_pool30_hot1,483,35,200,OK,PENDING_PAYMENT,4214.292
B_pool30_hot1,484,36,200,OK,PENDING_PAYMENT,4206.425
B_pool30_hot1,485,37,200,OK,PENDING_PAYMENT,4195.313
B_pool30_hot1,486,38,200,OK,PENDING_PAYMENT,4186.263
B_pool30_hot1,487,39,200,OK,PENDING_PAYMENT,4190.924
B_pool30_hot1,488,40,200,OK,PENDING_PAYMENT,4185.852
B_pool30_hot1,489,41,200,OK,PENDING_PAYMENT,4192.289
B_pool30_hot1,490,42,200,OK,PENDING_PAYMENT,4169.327
B_pool30_hot1,491,43,200,OK,PENDING_PAYMENT,4161.346
B_pool30_hot1,492,44,200,OK,PENDING_PAYMENT,4169.754
B_pool30_hot1,493,45,200,OK,PENDING_PAYMENT,4168.878
B_pool30_hot1,494,46,200,OK,PENDING_PAYMENT,4180.903
B_pool30_hot1,495,47,200,OK,PENDING_PAYMENT,4178.195
B_pool30_hot1,496,48,200,OK,PENDING_PAYMENT,4182.914
B_pool30_hot1,497,49,200,OK,PENDING_PAYMENT,4170.675
B_pool30_hot1,498,50,200,OK,PENDING_PAYMENT,4170.675
B_pool30_hot1,499,51,200,OK,PENDING_PAYMENT,4170.465
B_pool30_hot1,500,52,200,OK,PENDING_PAYMENT,4171.966
B_pool30_hot1,501,53,200,OK,PENDING_PAYMENT,4156.903
B_pool30_hot1,502,54,200,OK,PENDING_PAYMENT,4169.675
B_pool30_hot1,503,55,200,OK,PENDING_PAYMENT,4167.725
B_pool30_hot1,504,56,200,OK,PENDING_PAYMENT,4157.997
B_pool30_hot1,505,57,200,OK,PENDING_PAYMENT,4155.317
B_pool30_hot1,506,58,200,OK,PENDING_PAYMENT,4146.423
B_pool30_hot1,507,59,200,OK,PENDING_PAYMENT,4139.823
B_pool30_hot1,508,60,200,OK,PENDING_PAYMENT,4139.813
B_pool30_hot1,509,61,200,OK,PENDING_PAYMENT,4138.543
B_pool30_hot1,510,62,200,OK,PENDING_PAYMENT,4138.276
B_pool30_hot1,511,63,200,OK,PENDING_PAYMENT,4146.791
B_pool30_hot1,512,0,200,OK,PENDING_PAYMENT,4145.848
B_pool30_hot1,513,1,200,OK,PENDING_PAYMENT,4137.015
B_pool30_hot1,514,2,200,OK,PENDING_PAYMENT,4143.878
B_pool30_hot1,515,3,200,OK,PENDING_PAYMENT,4135.627
B_pool30_hot1,516,4,200,OK,PENDING_PAYMENT,4126.703
B_pool30_hot1,517,5,200,OK,PENDING_PAYMENT,4120.666
B_pool30_hot1,518,6,200,OK,PENDING_PAYMENT,4126.246
B_pool30_hot1,519,7,200,OK,PENDING_PAYMENT,4125.468
B_pool30_hot1,520,8,200,OK,PENDING_PAYMENT,4123.297
B_pool30_hot1,521,9,200,OK,PENDING_PAYMENT,4131.259
B_pool30_hot1,522,10,200,OK,PENDING_PAYMENT,4120.100
B_pool30_hot1,523,11,200,OK,PENDING_PAYMENT,4122.397
B_pool30_hot1,524,12,200,OK,PENDING_PAYMENT,4120.434
B_pool30_hot1,525,13,200,OK,PENDING_PAYMENT,4120.497
B_pool30_hot1,527,15,200,OK,PENDING_PAYMENT,4119.141
B_pool30_hot1,526,14,200,OK,PENDING_PAYMENT,4129.879
B_pool30_hot1,528,16,200,OK,PENDING_PAYMENT,4119.652
B_pool30_hot1,529,17,200,OK,PENDING_PAYMENT,4107.756
B_pool30_hot1,530,18,200,OK,PENDING_PAYMENT,4114.033
B_pool30_hot1,531,19,200,OK,PENDING_PAYMENT,4122.454
B_pool30_hot1,532,20,200,OK,PENDING_PAYMENT,4139.159
B_pool30_hot1,533,21,200,OK,PENDING_PAYMENT,4150.639
B_pool30_hot1,534,22,200,OK,PENDING_PAYMENT,4148.763
B_pool30_hot1,535,23,200,OK,PENDING_PAYMENT,4149.171
B_pool30_hot1,536,24,200,OK,PENDING_PAYMENT,4142.190
B_pool30_hot1,537,25,200,OK,PENDING_PAYMENT,4140.559
B_pool30_hot1,538,26,200,OK,PENDING_PAYMENT,4140.689
B_pool30_hot1,539,27,200,OK,PENDING_PAYMENT,4135.336
B_pool30_hot1,540,28,200,OK,PENDING_PAYMENT,4121.009
B_pool30_hot1,541,29,200,OK,PENDING_PAYMENT,4113.087
B_pool30_hot1,542,30,200,OK,PENDING_PAYMENT,4100.883
B_pool30_hot1,543,31,200,OK,PENDING_PAYMENT,4098.956
B_pool30_hot1,544,32,200,OK,PENDING_PAYMENT,4096.592
B_pool30_hot1,545,33,200,OK,PENDING_PAYMENT,4087.365
B_pool30_hot1,546,34,200,OK,PENDING_PAYMENT,4095.794
B_pool30_hot1,547,35,200,OK,PENDING_PAYMENT,4096.196
B_pool30_hot1,548,36,200,OK,PENDING_PAYMENT,4093.995
B_pool30_hot1,549,37,200,OK,PENDING_PAYMENT,4096.029
B_pool30_hot1,550,38,200,OK,PENDING_PAYMENT,4095.540
B_pool30_hot1,551,39,200,OK,PENDING_PAYMENT,4095.028
B_pool30_hot1,552,40,200,OK,PENDING_PAYMENT,4101.844
B_pool30_hot1,553,41,200,OK,PENDING_PAYMENT,4103.810
B_pool30_hot1,554,42,200,OK,PENDING_PAYMENT,4105.372
B_pool30_hot1,555,43,200,OK,PENDING_PAYMENT,4105.031
B_pool30_hot1,556,44,200,OK,PENDING_PAYMENT,4105.183
B_pool30_hot1,557,45,200,OK,PENDING_PAYMENT,4097.280
B_pool30_hot1,558,46,200,OK,PENDING_PAYMENT,4094.734
B_pool30_hot1,559,47,200,OK,PENDING_PAYMENT,4098.259
B_pool30_hot1,560,48,200,OK,PENDING_PAYMENT,4100.209
B_pool30_hot1,561,49,200,OK,PENDING_PAYMENT,4094.523
B_pool30_hot1,562,50,200,OK,PENDING_PAYMENT,4088.009
B_pool30_hot1,563,51,200,OK,PENDING_PAYMENT,4092.754
B_pool30_hot1,564,52,200,OK,PENDING_PAYMENT,4092.646
B_pool30_hot1,565,53,200,OK,PENDING_PAYMENT,4084.178
B_pool30_hot1,566,54,200,OK,PENDING_PAYMENT,4079.622
B_pool30_hot1,567,55,200,OK,PENDING_PAYMENT,4086.186
B_pool30_hot1,572,60,200,OK,PENDING_PAYMENT,4038.524
B_pool30_hot1,574,62,200,OK,PENDING_PAYMENT,4012.795
B_pool30_hot1,573,61,200,OK,PENDING_PAYMENT,4047.346
B_pool30_hot1,569,57,200,OK,PENDING_PAYMENT,4112.122
B_pool30_hot1,568,56,200,OK,PENDING_PAYMENT,4143.127
B_pool30_hot1,570,58,200,OK,PENDING_PAYMENT,4136.370
B_pool30_hot1,571,59,200,OK,PENDING_PAYMENT,4132.977
B_pool30_hot1,575,63,200,OK,PENDING_PAYMENT,4088.575
B_pool30_hot1,577,1,200,OK,PENDING_PAYMENT,4070.777
B_pool30_hot1,576,0,200,OK,PENDING_PAYMENT,4104.483
B_pool30_hot1,578,2,200,OK,PENDING_PAYMENT,4088.750
B_pool30_hot1,579,3,200,OK,PENDING_PAYMENT,4099.474
B_pool30_hot1,580,4,200,OK,PENDING_PAYMENT,4098.536
B_pool30_hot1,581,5,200,OK,PENDING_PAYMENT,4092.180
B_pool30_hot1,582,6,200,OK,PENDING_PAYMENT,4084.787
B_pool30_hot1,583,7,200,OK,PENDING_PAYMENT,4098.319
B_pool30_hot1,584,8,200,OK,PENDING_PAYMENT,4105.076
B_pool30_hot1,585,9,200,OK,PENDING_PAYMENT,4101.587
B_pool30_hot1,586,10,200,OK,PENDING_PAYMENT,4103.760
B_pool30_hot1,587,11,200,OK,PENDING_PAYMENT,4116.626
B_pool30_hot1,588,12,200,OK,PENDING_PAYMENT,4112.815
B_pool30_hot1,589,13,200,OK,PENDING_PAYMENT,4109.853
B_pool30_hot1,590,14,200,OK,PENDING_PAYMENT,4113.130
B_pool30_hot1,592,16,200,OK,PENDING_PAYMENT,4085.121
B_pool30_hot1,591,15,200,OK,PENDING_PAYMENT,4117.146
B_pool30_hot1,593,17,200,OK,PENDING_PAYMENT,4103.505
B_pool30_hot1,594,18,200,OK,PENDING_PAYMENT,4108.040
B_pool30_hot1,595,19,200,OK,PENDING_PAYMENT,4099.141
B_pool30_hot1,596,20,200,OK,PENDING_PAYMENT,4125.426
B_pool30_hot1,597,21,200,OK,PENDING_PAYMENT,4138.933
B_pool30_hot1,598,22,200,OK,PENDING_PAYMENT,4129.378
B_pool30_hot1,599,23,200,OK,PENDING_PAYMENT,4126.536
B_pool30_hot1,600,24,200,OK,PENDING_PAYMENT,4131.287
B_pool30_hot1,601,25,200,OK,PENDING_PAYMENT,4115.190
B_pool30_hot1,602,26,200,OK,PENDING_PAYMENT,4110.937
B_pool30_hot1,603,27,200,OK,PENDING_PAYMENT,4110.483
B_pool30_hot1,604,28,200,OK,PENDING_PAYMENT,4092.166
B_pool30_hot1,605,29,200,OK,PENDING_PAYMENT,4087.751
B_pool30_hot1,606,30,200,OK,PENDING_PAYMENT,4079.939
B_pool30_hot1,607,31,200,OK,PENDING_PAYMENT,4080.940
B_pool30_hot1,608,32,200,OK,PENDING_PAYMENT,4085.155
B_pool30_hot1,609,33,200,OK,PENDING_PAYMENT,4104.274
B_pool30_hot1,610,34,200,OK,PENDING_PAYMENT,4103.256
B_pool30_hot1,611,35,200,OK,PENDING_PAYMENT,4113.355
B_pool30_hot1,612,36,200,OK,PENDING_PAYMENT,4120.171
B_pool30_hot1,613,37,200,OK,PENDING_PAYMENT,4106.885
B_pool30_hot1,614,38,200,OK,PENDING_PAYMENT,4107.229
B_pool30_hot1,615,39,200,OK,PENDING_PAYMENT,4107.745
B_pool30_hot1,616,40,200,OK,PENDING_PAYMENT,4100.868
B_pool30_hot1,617,41,200,OK,PENDING_PAYMENT,4108.326
B_pool30_hot1,618,42,200,OK,PENDING_PAYMENT,4102.292
B_pool30_hot1,619,43,200,OK,PENDING_PAYMENT,4092.982
B_pool30_hot1,620,44,200,OK,PENDING_PAYMENT,4090.825
B_pool30_hot1,621,45,200,OK,PENDING_PAYMENT,4089.983
B_pool30_hot1,623,47,200,OK,PENDING_PAYMENT,3961.892
B_pool30_hot1,622,46,200,OK,PENDING_PAYMENT,4121.230
B_pool30_hot1,624,48,200,OK,PENDING_PAYMENT,3989.498
B_pool30_hot1,628,52,200,OK,PENDING_PAYMENT,3995.311
B_pool30_hot1,626,50,200,OK,PENDING_PAYMENT,4011.373
B_pool30_hot1,629,53,200,OK,PENDING_PAYMENT,4030.627
B_pool30_hot1,625,49,200,OK,PENDING_PAYMENT,4040.083
B_pool30_hot1,627,51,200,OK,PENDING_PAYMENT,4058.463
B_pool30_hot1,630,54,200,OK,PENDING_PAYMENT,4082.776
B_pool30_hot1,631,55,200,OK,PENDING_PAYMENT,4027.471
B_pool30_hot1,632,56,200,OK,PENDING_PAYMENT,4027.642
B_pool30_hot1,633,57,200,OK,PENDING_PAYMENT,4032.980
B_pool30_hot1,634,58,200,OK,PENDING_PAYMENT,4032.917
B_pool30_hot1,635,59,200,OK,PENDING_PAYMENT,4037.899
B_pool30_hot1,636,60,200,OK,PENDING_PAYMENT,4044.671
B_pool30_hot1,637,61,200,OK,PENDING_PAYMENT,4044.264
B_pool30_hot1,638,62,200,OK,PENDING_PAYMENT,4047.413
B_pool30_hot1,641,1,200,OK,PENDING_PAYMENT,4007.906
B_pool30_hot1,639,63,200,OK,PENDING_PAYMENT,4063.880
B_pool30_hot1,642,2,200,OK,PENDING_PAYMENT,4022.665
B_pool30_hot1,640,0,200,OK,PENDING_PAYMENT,4077.816
B_pool30_hot1,643,3,200,OK,PENDING_PAYMENT,4030.919
B_pool30_hot1,644,4,200,OK,PENDING_PAYMENT,4021.885
B_pool30_hot1,645,5,200,OK,PENDING_PAYMENT,4024.768
B_pool30_hot1,646,6,200,OK,PENDING_PAYMENT,4027.028
B_pool30_hot1,647,7,200,OK,PENDING_PAYMENT,4024.947
B_pool30_hot1,648,8,200,OK,PENDING_PAYMENT,4026.935
B_pool30_hot1,649,9,200,OK,PENDING_PAYMENT,4029.556
B_pool30_hot1,650,10,200,OK,PENDING_PAYMENT,4044.090
B_pool30_hot1,651,11,200,OK,PENDING_PAYMENT,4041.894
B_pool30_hot1,652,12,200,OK,PENDING_PAYMENT,4043.484
B_pool30_hot1,653,13,200,OK,PENDING_PAYMENT,4057.933
B_pool30_hot1,654,14,200,OK,PENDING_PAYMENT,4059.798
B_pool30_hot1,655,15,200,OK,PENDING_PAYMENT,4054.179
B_pool30_hot1,656,16,200,OK,PENDING_PAYMENT,4074.468
B_pool30_hot1,657,17,200,OK,PENDING_PAYMENT,4084.573
B_pool30_hot1,658,18,200,OK,PENDING_PAYMENT,4089.964
B_pool30_hot1,659,19,200,OK,PENDING_PAYMENT,4068.387
B_pool30_hot1,660,20,200,OK,PENDING_PAYMENT,4055.503
B_pool30_hot1,661,21,200,OK,PENDING_PAYMENT,4018.455
B_pool30_hot1,663,23,200,OK,PENDING_PAYMENT,4015.243
B_pool30_hot1,662,22,200,OK,PENDING_PAYMENT,4028.440
B_pool30_hot1,664,24,200,OK,PENDING_PAYMENT,4046.979
B_pool30_hot1,665,25,200,OK,PENDING_PAYMENT,4052.364
B_pool30_hot1,666,26,200,OK,PENDING_PAYMENT,4049.225
B_pool30_hot1,667,27,200,OK,PENDING_PAYMENT,4041.267
B_pool30_hot1,669,29,200,OK,PENDING_PAYMENT,4029.850
B_pool30_hot1,668,28,200,OK,PENDING_PAYMENT,4056.221
B_pool30_hot1,670,30,200,OK,PENDING_PAYMENT,4046.075
B_pool30_hot1,671,31,200,OK,PENDING_PAYMENT,4055.252
B_pool30_hot1,672,32,200,OK,PENDING_PAYMENT,4047.160
B_pool30_hot1,674,34,200,OK,PENDING_PAYMENT,4022.482
B_pool30_hot1,673,33,200,OK,PENDING_PAYMENT,4063.499
B_pool30_hot1,675,35,200,OK,PENDING_PAYMENT,4059.080
B_pool30_hot1,676,36,200,OK,PENDING_PAYMENT,4052.388
B_pool30_hot1,677,37,200,OK,PENDING_PAYMENT,4052.951
B_pool30_hot1,678,38,200,OK,PENDING_PAYMENT,4041.706
B_pool30_hot1,679,39,200,OK,PENDING_PAYMENT,4035.538
B_pool30_hot1,680,40,200,OK,PENDING_PAYMENT,4036.701
B_pool30_hot1,681,41,200,OK,PENDING_PAYMENT,4029.769
B_pool30_hot1,682,42,200,OK,PENDING_PAYMENT,4035.355
B_pool30_hot1,683,43,200,OK,PENDING_PAYMENT,4038.690
B_pool30_hot1,684,44,200,OK,PENDING_PAYMENT,4029.878
B_pool30_hot1,685,45,200,OK,PENDING_PAYMENT,4028.837
B_pool30_hot1,686,46,200,OK,PENDING_PAYMENT,4037.904
B_pool30_hot1,687,47,200,OK,PENDING_PAYMENT,4031.779
B_pool30_hot1,688,48,200,OK,PENDING_PAYMENT,4021.729
B_pool30_hot1,689,49,200,OK,PENDING_PAYMENT,4023.992
B_pool30_hot1,690,50,200,OK,PENDING_PAYMENT,4019.706
B_pool30_hot1,691,51,200,OK,PENDING_PAYMENT,4029.542
B_pool30_hot1,692,52,200,OK,PENDING_PAYMENT,4031.965
B_pool30_hot1,693,53,200,OK,PENDING_PAYMENT,4025.787
B_pool30_hot1,694,54,200,OK,PENDING_PAYMENT,4024.830
B_pool30_hot1,695,55,200,OK,PENDING_PAYMENT,4008.425
B_pool30_hot1,696,56,200,OK,PENDING_PAYMENT,4016.225
B_pool30_hot1,697,57,200,OK,PENDING_PAYMENT,4023.944
B_pool30_hot1,698,58,200,OK,PENDING_PAYMENT,4009.494
B_pool30_hot1,699,59,200,OK,PENDING_PAYMENT,4014.663
B_pool30_hot1,700,60,200,OK,PENDING_PAYMENT,4009.348
B_pool30_hot1,701,61,200,OK,PENDING_PAYMENT,4016.314
B_pool30_hot1,702,62,200,OK,PENDING_PAYMENT,4020.699
B_pool30_hot1,703,63,200,OK,PENDING_PAYMENT,4011.528
B_pool30_hot1,704,0,200,OK,PENDING_PAYMENT,4006.406
B_pool30_hot1,705,1,200,OK,PENDING_PAYMENT,4012.758
B_pool30_hot1,706,2,200,OK,PENDING_PAYMENT,4003.573
B_pool30_hot1,707,3,200,OK,PENDING_PAYMENT,4000.716
B_pool30_hot1,708,4,200,OK,PENDING_PAYMENT,3999.154
B_pool30_hot1,709,5,200,OK,PENDING_PAYMENT,3994.978
B_pool30_hot1,710,6,200,OK,PENDING_PAYMENT,3992.690
B_pool30_hot1,711,7,200,OK,PENDING_PAYMENT,3995.355
B_pool30_hot1,712,8,200,OK,PENDING_PAYMENT,3994.860
B_pool30_hot1,713,9,200,OK,PENDING_PAYMENT,3984.684
B_pool30_hot1,714,10,200,OK,PENDING_PAYMENT,3990.357
B_pool30_hot1,715,11,200,OK,PENDING_PAYMENT,3990.842
B_pool30_hot1,716,12,200,OK,PENDING_PAYMENT,3996.167
B_pool30_hot1,717,13,200,OK,PENDING_PAYMENT,4005.277
B_pool30_hot1,718,14,200,OK,PENDING_PAYMENT,3996.508
B_pool30_hot1,719,15,200,OK,PENDING_PAYMENT,4000.042
B_pool30_hot1,720,16,200,OK,PENDING_PAYMENT,3990.675
B_pool30_hot1,721,17,200,OK,PENDING_PAYMENT,3995.401
B_pool30_hot1,722,18,200,OK,PENDING_PAYMENT,3946.507
B_pool30_hot1,723,19,200,OK,PENDING_PAYMENT,3959.681
B_pool30_hot1,724,20,200,OK,PENDING_PAYMENT,3962.783
B_pool30_hot1,725,21,200,OK,PENDING_PAYMENT,3970.920
B_pool30_hot1,727,23,200,OK,PENDING_PAYMENT,3946.198
B_pool30_hot1,726,22,200,OK,PENDING_PAYMENT,3974.533
B_pool30_hot1,728,24,200,OK,PENDING_PAYMENT,3968.730
B_pool30_hot1,729,25,200,OK,PENDING_PAYMENT,3971.152
B_pool30_hot1,730,26,200,OK,PENDING_PAYMENT,3982.006
B_pool30_hot1,731,27,200,OK,PENDING_PAYMENT,3976.458
B_pool30_hot1,732,28,200,OK,PENDING_PAYMENT,3976.241
B_pool30_hot1,733,29,200,OK,PENDING_PAYMENT,3988.544
B_pool30_hot1,734,30,200,OK,PENDING_PAYMENT,3984.770
B_pool30_hot1,735,31,200,OK,PENDING_PAYMENT,3981.856
B_pool30_hot1,736,32,200,OK,PENDING_PAYMENT,3985.823
B_pool30_hot1,737,33,200,OK,PENDING_PAYMENT,3992.436
B_pool30_hot1,738,34,200,OK,PENDING_PAYMENT,3971.174
B_pool30_hot1,739,35,200,OK,PENDING_PAYMENT,3977.318
B_pool30_hot1,740,36,200,OK,PENDING_PAYMENT,3972.188
B_pool30_hot1,741,37,200,OK,PENDING_PAYMENT,3967.508
B_pool30_hot1,742,38,200,OK,PENDING_PAYMENT,3968.613
B_pool30_hot1,743,39,200,OK,PENDING_PAYMENT,3968.004
B_pool30_hot1,744,40,200,OK,PENDING_PAYMENT,3965.138
B_pool30_hot1,745,41,200,OK,PENDING_PAYMENT,3971.206
B_pool30_hot1,746,42,200,OK,PENDING_PAYMENT,3974.116
B_pool30_hot1,747,43,200,OK,PENDING_PAYMENT,3978.900
B_pool30_hot1,748,44,200,OK,PENDING_PAYMENT,3979.648
B_pool30_hot1,749,45,200,OK,PENDING_PAYMENT,3979.155
B_pool30_hot1,750,46,200,OK,PENDING_PAYMENT,3979.276
B_pool30_hot1,751,47,200,OK,PENDING_PAYMENT,3970.318
B_pool30_hot1,752,48,200,OK,PENDING_PAYMENT,3968.603
B_pool30_hot1,753,49,200,OK,PENDING_PAYMENT,3970.118
B_pool30_hot1,754,50,200,OK,PENDING_PAYMENT,3971.414
B_pool30_hot1,755,51,200,OK,PENDING_PAYMENT,3967.692
B_pool30_hot1,756,52,200,OK,PENDING_PAYMENT,3971.174
B_pool30_hot1,757,53,200,OK,PENDING_PAYMENT,3977.451
B_pool30_hot1,758,54,200,OK,PENDING_PAYMENT,3974.380
B_pool30_hot1,759,55,200,OK,PENDING_PAYMENT,3971.821
B_pool30_hot1,760,56,200,OK,PENDING_PAYMENT,3977.883
B_pool30_hot1,761,57,200,OK,PENDING_PAYMENT,3981.546
B_pool30_hot1,762,58,200,OK,PENDING_PAYMENT,3980.978
B_pool30_hot1,763,59,200,OK,PENDING_PAYMENT,3980.901
B_pool30_hot1,764,60,200,OK,PENDING_PAYMENT,3986.310
B_pool30_hot1,765,61,200,OK,PENDING_PAYMENT,3990.187
B_pool30_hot1,766,62,200,OK,PENDING_PAYMENT,3998.868
B_pool30_hot1,767,63,200,OK,PENDING_PAYMENT,3999.285
B_pool30_hot1,768,0,200,OK,PENDING_PAYMENT,3990.268
B_pool30_hot1,769,1,200,OK,PENDING_PAYMENT,4000.529
B_pool30_hot1,771,3,200,OK,PENDING_PAYMENT,3978.674
B_pool30_hot1,770,2,200,OK,PENDING_PAYMENT,3998.323
B_pool30_hot1,772,4,200,OK,PENDING_PAYMENT,3984.287
B_pool30_hot1,773,5,200,OK,PENDING_PAYMENT,3991.327
B_pool30_hot1,774,6,200,OK,PENDING_PAYMENT,3994.478
B_pool30_hot1,775,7,200,OK,PENDING_PAYMENT,3982.201
B_pool30_hot1,776,8,200,OK,PENDING_PAYMENT,3973.972
B_pool30_hot1,777,9,200,OK,PENDING_PAYMENT,3965.247
B_pool30_hot1,778,10,200,OK,PENDING_PAYMENT,3986.628
B_pool30_hot1,779,11,200,OK,PENDING_PAYMENT,3983.149
B_pool30_hot1,780,12,200,OK,PENDING_PAYMENT,3988.562
B_pool30_hot1,781,13,200,OK,PENDING_PAYMENT,3986.264
B_pool30_hot1,782,14,200,OK,PENDING_PAYMENT,3979.347
B_pool30_hot1,783,15,200,OK,PENDING_PAYMENT,3988.519
B_pool30_hot1,785,17,200,OK,PENDING_PAYMENT,3984.158
B_pool30_hot1,784,16,200,OK,PENDING_PAYMENT,4006.552
B_pool30_hot1,786,18,200,OK,PENDING_PAYMENT,4007.083
B_pool30_hot1,787,19,200,OK,PENDING_PAYMENT,3987.869
B_pool30_hot1,788,20,200,OK,PENDING_PAYMENT,3968.114
B_pool30_hot1,789,21,200,OK,PENDING_PAYMENT,3975.164
B_pool30_hot1,790,22,200,OK,PENDING_PAYMENT,3981.187
B_pool30_hot1,791,23,200,OK,PENDING_PAYMENT,3995.688
B_pool30_hot1,792,24,200,OK,PENDING_PAYMENT,3989.430
B_pool30_hot1,793,25,200,OK,PENDING_PAYMENT,3991.363
B_pool30_hot1,794,26,200,OK,PENDING_PAYMENT,3992.576
B_pool30_hot1,795,27,200,OK,PENDING_PAYMENT,3976.841
B_pool30_hot1,796,28,200,OK,PENDING_PAYMENT,3980.985
B_pool30_hot1,797,29,200,OK,PENDING_PAYMENT,3985.321
B_pool30_hot1,798,30,200,OK,PENDING_PAYMENT,3986.676
B_pool30_hot1,799,31,200,OK,PENDING_PAYMENT,3983.337
B_pool30_hot1,800,32,200,OK,PENDING_PAYMENT,3973.957
B_pool30_hot1,801,33,200,OK,PENDING_PAYMENT,3975.174
B_pool30_hot1,802,34,200,OK,PENDING_PAYMENT,3980.491
B_pool30_hot1,803,35,200,OK,PENDING_PAYMENT,3976.748
B_pool30_hot1,804,36,200,OK,PENDING_PAYMENT,3970.879
B_pool30_hot1,805,37,200,OK,PENDING_PAYMENT,3962.328
B_pool30_hot1,806,38,200,OK,PENDING_PAYMENT,3969.493
B_pool30_hot1,807,39,200,OK,PENDING_PAYMENT,3963.590
B_pool30_hot1,808,40,200,OK,PENDING_PAYMENT,3955.333
B_pool30_hot1,809,41,200,OK,PENDING_PAYMENT,3950.056
B_pool30_hot1,810,42,200,OK,PENDING_PAYMENT,3950.910
B_pool30_hot1,811,43,200,OK,PENDING_PAYMENT,3941.748
B_pool30_hot1,812,44,200,OK,PENDING_PAYMENT,3942.211
B_pool30_hot1,813,45,200,OK,PENDING_PAYMENT,3941.907
B_pool30_hot1,814,46,200,OK,PENDING_PAYMENT,3944.509
B_pool30_hot1,815,47,200,OK,PENDING_PAYMENT,3928.917
B_pool30_hot1,816,48,200,OK,PENDING_PAYMENT,3924.400
B_pool30_hot1,817,49,200,OK,PENDING_PAYMENT,3921.783
B_pool30_hot1,818,50,200,OK,PENDING_PAYMENT,3921.596
B_pool30_hot1,819,51,200,OK,PENDING_PAYMENT,3914.989
B_pool30_hot1,821,53,200,OK,PENDING_PAYMENT,3909.066
B_pool30_hot1,820,52,200,OK,PENDING_PAYMENT,3933.779
B_pool30_hot1,822,54,200,OK,PENDING_PAYMENT,3914.639
B_pool30_hot1,823,55,200,OK,PENDING_PAYMENT,3916.556
B_pool30_hot1,824,56,200,OK,PENDING_PAYMENT,3901.654
B_pool30_hot1,825,57,200,OK,PENDING_PAYMENT,3913.670
B_pool30_hot1,826,58,200,OK,PENDING_PAYMENT,3904.036
B_pool30_hot1,828,60,200,OK,PENDING_PAYMENT,3891.440
B_pool30_hot1,827,59,200,OK,PENDING_PAYMENT,3928.604
B_pool30_hot1,829,61,200,OK,PENDING_PAYMENT,3897.562
B_pool30_hot1,830,62,200,OK,PENDING_PAYMENT,3901.175
B_pool30_hot1,831,63,200,OK,PENDING_PAYMENT,3892.176
B_pool30_hot1,832,0,200,OK,PENDING_PAYMENT,3892.061
B_pool30_hot1,833,1,200,OK,PENDING_PAYMENT,3895.176
B_pool30_hot1,834,2,200,OK,PENDING_PAYMENT,3902.619
B_pool30_hot1,835,3,200,OK,PENDING_PAYMENT,3880.990
B_pool30_hot1,836,4,200,OK,PENDING_PAYMENT,3888.118
B_pool30_hot1,837,5,200,OK,PENDING_PAYMENT,3881.978
B_pool30_hot1,838,6,200,OK,PENDING_PAYMENT,3882.522
B_pool30_hot1,839,7,200,OK,PENDING_PAYMENT,3873.212
B_pool30_hot1,840,8,200,OK,PENDING_PAYMENT,3863.374
B_pool30_hot1,841,9,200,OK,PENDING_PAYMENT,3866.752
B_pool30_hot1,842,10,200,OK,PENDING_PAYMENT,3864.256
B_pool30_hot1,843,11,200,OK,PENDING_PAYMENT,3860.278
B_pool30_hot1,844,12,200,OK,PENDING_PAYMENT,3858.205
B_pool30_hot1,845,13,200,OK,PENDING_PAYMENT,3860.455
B_pool30_hot1,846,14,200,OK,PENDING_PAYMENT,3847.819
B_pool30_hot1,847,15,200,OK,PENDING_PAYMENT,3858.006
B_pool30_hot1,848,16,200,OK,PENDING_PAYMENT,3854.349
B_pool30_hot1,849,17,200,OK,PENDING_PAYMENT,3837.085
B_pool30_hot1,851,19,200,OK,PENDING_PAYMENT,3818.771
B_pool30_hot1,850,18,200,OK,PENDING_PAYMENT,3834.765
B_pool30_hot1,852,20,200,OK,PENDING_PAYMENT,3809.281
B_pool30_hot1,853,21,200,OK,PENDING_PAYMENT,3788.484
B_pool30_hot1,854,22,200,OK,PENDING_PAYMENT,3795.743
B_pool30_hot1,855,23,200,OK,PENDING_PAYMENT,3789.028
B_pool30_hot1,856,24,200,OK,PENDING_PAYMENT,3789.054
B_pool30_hot1,857,25,200,OK,PENDING_PAYMENT,3782.784
B_pool30_hot1,858,26,200,OK,PENDING_PAYMENT,3781.549
B_pool30_hot1,859,27,200,OK,PENDING_PAYMENT,3764.312
B_pool30_hot1,860,28,200,OK,PENDING_PAYMENT,3765.947
B_pool30_hot1,861,29,200,OK,PENDING_PAYMENT,3762.175
B_pool30_hot1,862,30,200,OK,PENDING_PAYMENT,3766.687
B_pool30_hot1,863,31,200,OK,PENDING_PAYMENT,3756.451
B_pool30_hot1,864,32,200,OK,PENDING_PAYMENT,3754.477
B_pool30_hot1,866,34,200,OK,PENDING_PAYMENT,3707.578
B_pool30_hot1,865,33,200,OK,PENDING_PAYMENT,3752.983
B_pool30_hot1,867,35,200,OK,PENDING_PAYMENT,3718.563
B_pool30_hot1,868,36,200,OK,PENDING_PAYMENT,3723.565
B_pool30_hot1,869,37,200,OK,PENDING_PAYMENT,3732.690
B_pool30_hot1,870,38,200,OK,PENDING_PAYMENT,3740.348
B_pool30_hot1,871,39,200,OK,PENDING_PAYMENT,3739.754
B_pool30_hot1,872,40,200,OK,PENDING_PAYMENT,3736.708
B_pool30_hot1,873,41,200,OK,PENDING_PAYMENT,3730.483
B_pool30_hot1,874,42,200,OK,PENDING_PAYMENT,3720.968
B_pool30_hot1,875,43,200,OK,PENDING_PAYMENT,3729.849
B_pool30_hot1,876,44,200,OK,PENDING_PAYMENT,3723.087
B_pool30_hot1,877,45,200,OK,PENDING_PAYMENT,3732.092
B_pool30_hot1,878,46,200,OK,PENDING_PAYMENT,3722.475
B_pool30_hot1,879,47,200,OK,PENDING_PAYMENT,3698.158
B_pool30_hot1,880,48,200,OK,PENDING_PAYMENT,3707.178
B_pool30_hot1,881,49,200,OK,PENDING_PAYMENT,3697.940
B_pool30_hot1,882,50,200,OK,PENDING_PAYMENT,3695.414
B_pool30_hot1,883,51,200,OK,PENDING_PAYMENT,3683.277
B_pool30_hot1,884,52,200,OK,PENDING_PAYMENT,3688.758
B_pool30_hot1,885,53,200,OK,PENDING_PAYMENT,3685.492
B_pool30_hot1,886,54,200,OK,PENDING_PAYMENT,3674.157
B_pool30_hot1,887,55,200,OK,PENDING_PAYMENT,3683.172
B_pool30_hot1,888,56,200,OK,PENDING_PAYMENT,3682.563
B_pool30_hot1,889,57,200,OK,PENDING_PAYMENT,3677.501
B_pool30_hot1,890,58,200,OK,PENDING_PAYMENT,3675.343
B_pool30_hot1,891,59,200,OK,PENDING_PAYMENT,3666.440
B_pool30_hot1,892,60,200,OK,PENDING_PAYMENT,3668.758
B_pool30_hot1,893,61,200,OK,PENDING_PAYMENT,3662.599
B_pool30_hot1,894,62,200,OK,PENDING_PAYMENT,3661.697
B_pool30_hot1,895,63,200,OK,PENDING_PAYMENT,3658.925
B_pool30_hot1,896,0,200,OK,PENDING_PAYMENT,3650.154
B_pool30_hot1,897,1,200,OK,PENDING_PAYMENT,3653.363
B_pool30_hot1,898,2,200,OK,PENDING_PAYMENT,3648.105
B_pool30_hot1,900,4,200,OK,PENDING_PAYMENT,3639.009
B_pool30_hot1,899,3,200,OK,PENDING_PAYMENT,3654.909
B_pool30_hot1,901,5,200,OK,PENDING_PAYMENT,3644.914
B_pool30_hot1,902,6,200,OK,PENDING_PAYMENT,3645.072
B_pool30_hot1,903,7,200,OK,PENDING_PAYMENT,3646.686
B_pool30_hot1,904,8,200,OK,PENDING_PAYMENT,3637.871
B_pool30_hot1,905,9,200,OK,PENDING_PAYMENT,3635.326
B_pool30_hot1,906,10,200,OK,PENDING_PAYMENT,3608.631
B_pool30_hot1,907,11,200,OK,PENDING_PAYMENT,3620.330
B_pool30_hot1,908,12,200,OK,PENDING_PAYMENT,3615.437
B_pool30_hot1,909,13,200,OK,PENDING_PAYMENT,3607.106
B_pool30_hot1,910,14,200,OK,PENDING_PAYMENT,3592.189
B_pool30_hot1,911,15,200,OK,PENDING_PAYMENT,3601.868
B_pool30_hot1,912,16,200,OK,PENDING_PAYMENT,3580.888
B_pool30_hot1,913,17,200,OK,PENDING_PAYMENT,3568.737
B_pool30_hot1,914,18,200,OK,PENDING_PAYMENT,3560.434
B_pool30_hot1,915,19,200,OK,PENDING_PAYMENT,3569.670
B_pool30_hot1,916,20,200,OK,PENDING_PAYMENT,3557.366
B_pool30_hot1,918,22,200,OK,PENDING_PAYMENT,3551.614
B_pool30_hot1,917,21,200,OK,PENDING_PAYMENT,3576.397
B_pool30_hot1,920,24,200,OK,PENDING_PAYMENT,3530.794
B_pool30_hot1,919,23,200,OK,PENDING_PAYMENT,3576.545
B_pool30_hot1,921,25,200,OK,PENDING_PAYMENT,3535.158
B_pool30_hot1,922,26,200,OK,PENDING_PAYMENT,3544.394
B_pool30_hot1,923,27,200,OK,PENDING_PAYMENT,3533.902
B_pool30_hot1,924,28,200,OK,PENDING_PAYMENT,3535.196
B_pool30_hot1,925,29,200,OK,PENDING_PAYMENT,3534.280
B_pool30_hot1,926,30,200,OK,PENDING_PAYMENT,3521.797
B_pool30_hot1,927,31,200,OK,PENDING_PAYMENT,3512.370
B_pool30_hot1,928,32,200,OK,PENDING_PAYMENT,3516.636
B_pool30_hot1,929,33,200,OK,PENDING_PAYMENT,3516.098
B_pool30_hot1,930,34,200,OK,PENDING_PAYMENT,3503.785
B_pool30_hot1,931,35,200,OK,PENDING_PAYMENT,3495.030
B_pool30_hot1,932,36,200,OK,PENDING_PAYMENT,3489.848
B_pool30_hot1,933,37,200,OK,PENDING_PAYMENT,3485.567
B_pool30_hot1,934,38,200,OK,PENDING_PAYMENT,3482.665
B_pool30_hot1,935,39,200,OK,PENDING_PAYMENT,3482.366
B_pool30_hot1,936,40,200,OK,PENDING_PAYMENT,3466.989
B_pool30_hot1,937,41,200,OK,PENDING_PAYMENT,3464.645
B_pool30_hot1,938,42,200,OK,PENDING_PAYMENT,3458.742
B_pool30_hot1,939,43,200,OK,PENDING_PAYMENT,3458.784
B_pool30_hot1,940,44,200,OK,PENDING_PAYMENT,3451.947
B_pool30_hot1,941,45,200,OK,PENDING_PAYMENT,3449.563
B_pool30_hot1,942,46,200,OK,PENDING_PAYMENT,3440.040
B_pool30_hot1,943,47,200,OK,PENDING_PAYMENT,3444.390
B_pool30_hot1,944,48,200,OK,PENDING_PAYMENT,3434.267
B_pool30_hot1,945,49,200,OK,PENDING_PAYMENT,3433.093
B_pool30_hot1,946,50,200,OK,PENDING_PAYMENT,3427.045
B_pool30_hot1,947,51,200,OK,PENDING_PAYMENT,3429.392
B_pool30_hot1,948,52,200,OK,PENDING_PAYMENT,3429.850
B_pool30_hot1,949,53,200,OK,PENDING_PAYMENT,3426.213
B_pool30_hot1,950,54,200,OK,PENDING_PAYMENT,3440.284
B_pool30_hot1,951,55,200,OK,PENDING_PAYMENT,3460.555
B_pool30_hot1,953,57,200,OK,PENDING_PAYMENT,3430.836
B_pool30_hot1,952,56,200,OK,PENDING_PAYMENT,3473.264
B_pool30_hot1,954,58,200,OK,PENDING_PAYMENT,3454.293
B_pool30_hot1,955,59,200,OK,PENDING_PAYMENT,3454.525
B_pool30_hot1,956,60,200,OK,PENDING_PAYMENT,3451.104
B_pool30_hot1,957,61,200,OK,PENDING_PAYMENT,3441.016
B_pool30_hot1,958,62,200,OK,PENDING_PAYMENT,3432.400
B_pool30_hot1,959,63,200,OK,PENDING_PAYMENT,3440.831
B_pool30_hot1,960,0,200,OK,PENDING_PAYMENT,3439.778
B_pool30_hot1,961,1,200,OK,PENDING_PAYMENT,3436.110
B_pool30_hot1,962,2,200,OK,PENDING_PAYMENT,3436.216
B_pool30_hot1,963,3,200,OK,PENDING_PAYMENT,3433.282
B_pool30_hot1,964,4,200,OK,PENDING_PAYMENT,3442.232
B_pool30_hot1,965,5,200,OK,PENDING_PAYMENT,3436.557
B_pool30_hot1,966,6,200,OK,PENDING_PAYMENT,3437.091
B_pool30_hot1,967,7,200,OK,PENDING_PAYMENT,3428.194
B_pool30_hot1,968,8,200,OK,PENDING_PAYMENT,3424.316
B_pool30_hot1,969,9,200,OK,PENDING_PAYMENT,3424.903
B_pool30_hot1,970,10,200,OK,PENDING_PAYMENT,3427.951
B_pool30_hot1,971,11,200,OK,PENDING_PAYMENT,3418.253
B_pool30_hot1,972,12,200,OK,PENDING_PAYMENT,3416.013
B_pool30_hot1,973,13,200,OK,PENDING_PAYMENT,3404.390
B_pool30_hot1,974,14,200,OK,PENDING_PAYMENT,3413.905
B_pool30_hot1,975,15,200,OK,PENDING_PAYMENT,3416.157
B_pool30_hot1,976,16,200,OK,PENDING_PAYMENT,3416.389
B_pool30_hot1,977,17,200,OK,PENDING_PAYMENT,3412.511
B_pool30_hot1,978,18,200,OK,PENDING_PAYMENT,3410.265
B_pool30_hot1,979,19,200,OK,PENDING_PAYMENT,3387.043
B_pool30_hot1,980,20,200,OK,PENDING_PAYMENT,3369.452
B_pool30_hot1,981,21,200,OK,PENDING_PAYMENT,3365.307
B_pool30_hot1,982,22,200,OK,PENDING_PAYMENT,3362.893
B_pool30_hot1,983,23,200,OK,PENDING_PAYMENT,3367.916
B_pool30_hot1,984,24,200,OK,PENDING_PAYMENT,3367.565
B_pool30_hot1,985,25,200,OK,PENDING_PAYMENT,3358.571
B_pool30_hot1,987,27,200,OK,PENDING_PAYMENT,3345.943
B_pool30_hot1,986,26,200,OK,PENDING_PAYMENT,3362.212
B_pool30_hot1,988,28,200,OK,PENDING_PAYMENT,3347.365
B_pool30_hot1,989,29,200,OK,PENDING_PAYMENT,3331.074
B_pool30_hot1,990,30,200,OK,PENDING_PAYMENT,3340.485
B_pool30_hot1,991,31,200,OK,PENDING_PAYMENT,3330.598
B_pool30_hot1,992,32,200,OK,PENDING_PAYMENT,3324.221
B_pool30_hot1,993,33,200,OK,PENDING_PAYMENT,3312.017
B_pool30_hot1,995,35,200,OK,PENDING_PAYMENT,3302.441
B_pool30_hot1,994,34,200,OK,PENDING_PAYMENT,3327.264
B_pool30_hot1,996,36,200,OK,PENDING_PAYMENT,3317.743
B_pool30_hot1,997,37,200,OK,PENDING_PAYMENT,3310.321
B_pool30_hot1,998,38,200,OK,PENDING_PAYMENT,3313.331
B_pool30_hot1,999,39,200,OK,PENDING_PAYMENT,3306.425
warm_C,7,7,200,OK,PENDING_PAYMENT,142.931
warm_C,4,4,200,OK,PENDING_PAYMENT,149.114
warm_C,5,5,200,OK,PENDING_PAYMENT,165.219
warm_C,2,2,200,OK,PENDING_PAYMENT,186.250
warm_C,14,14,200,OK,PENDING_PAYMENT,202.240
warm_C,3,3,200,OK,PENDING_PAYMENT,231.983
warm_C,0,0,200,OK,PENDING_PAYMENT,241.761
warm_C,13,13,200,OK,PENDING_PAYMENT,254.902
warm_C,12,12,200,OK,PENDING_PAYMENT,261.636
warm_C,8,8,200,OK,PENDING_PAYMENT,281.022
warm_C,15,15,200,OK,PENDING_PAYMENT,287.474
warm_C,1,1,200,OK,PENDING_PAYMENT,301.499
warm_C,27,27,200,OK,PENDING_PAYMENT,315.975
warm_C,20,20,200,OK,PENDING_PAYMENT,341.410
warm_C,18,18,200,OK,PENDING_PAYMENT,357.522
warm_C,26,26,200,OK,PENDING_PAYMENT,365.834
warm_C,11,11,200,OK,PENDING_PAYMENT,385.116
warm_C,19,19,200,OK,PENDING_PAYMENT,400.760
warm_C,9,9,200,OK,PENDING_PAYMENT,413.985
warm_C,29,29,200,OK,PENDING_PAYMENT,429.087
warm_C,28,28,200,OK,PENDING_PAYMENT,445.043
warm_C,6,6,200,OK,PENDING_PAYMENT,468.911
warm_C,21,21,200,OK,PENDING_PAYMENT,474.581
warm_C,31,31,200,OK,PENDING_PAYMENT,487.349
warm_C,30,30,200,OK,PENDING_PAYMENT,497.583
warm_C,22,22,200,OK,PENDING_PAYMENT,511.389
warm_C,17,17,200,OK,PENDING_PAYMENT,528.031
warm_C,16,16,200,OK,PENDING_PAYMENT,552.782
warm_C,24,24,200,OK,PENDING_PAYMENT,558.775
warm_C,10,10,200,OK,PENDING_PAYMENT,581.454
warm_C,25,25,200,OK,PENDING_PAYMENT,593.246
warm_C,23,23,200,OK,PENDING_PAYMENT,602.837
warm_C,33,33,200,OK,PENDING_PAYMENT,468.375
warm_C,32,32,200,OK,PENDING_PAYMENT,490.247
warm_C,34,34,200,OK,PENDING_PAYMENT,480.347
warm_C,35,35,200,OK,PENDING_PAYMENT,473.158
warm_C,36,36,200,OK,PENDING_PAYMENT,472.595
warm_C,37,37,200,OK,PENDING_PAYMENT,459.388
warm_C,38,38,200,OK,PENDING_PAYMENT,462.563
warm_C,39,39,200,OK,PENDING_PAYMENT,464.900
warm_C,40,40,200,OK,PENDING_PAYMENT,480.768
warm_C,41,41,200,OK,PENDING_PAYMENT,468.170
warm_C,42,42,200,OK,PENDING_PAYMENT,481.271
warm_C,43,43,200,OK,PENDING_PAYMENT,477.004
warm_C,44,44,200,OK,PENDING_PAYMENT,474.027
warm_C,45,45,200,OK,PENDING_PAYMENT,465.962
warm_C,46,46,200,OK,PENDING_PAYMENT,463.105
warm_C,47,47,200,OK,PENDING_PAYMENT,470.632
warm_C,48,48,200,OK,PENDING_PAYMENT,465.650
warm_C,49,49,200,OK,PENDING_PAYMENT,462.646
warm_C,50,50,200,OK,PENDING_PAYMENT,463.190
warm_C,51,51,200,OK,PENDING_PAYMENT,461.842
warm_C,52,52,200,OK,PENDING_PAYMENT,462.242
warm_C,53,53,200,OK,PENDING_PAYMENT,449.787
warm_C,54,54,200,OK,PENDING_PAYMENT,456.856
warm_C,55,55,200,OK,PENDING_PAYMENT,452.658
warm_C,56,56,200,OK,PENDING_PAYMENT,455.319
warm_C,57,57,200,OK,PENDING_PAYMENT,455.558
warm_C,58,58,200,OK,PENDING_PAYMENT,456.335
warm_C,59,59,200,OK,PENDING_PAYMENT,450.887
warm_C,60,60,200,OK,PENDING_PAYMENT,462.687
warm_C,61,61,200,OK,PENDING_PAYMENT,451.535
warm_C,62,62,200,OK,PENDING_PAYMENT,452.207
warm_C,63,63,200,OK,PENDING_PAYMENT,449.652
warm_C,64,0,200,OK,PENDING_PAYMENT,449.427
warm_C,65,1,200,OK,PENDING_PAYMENT,449.791
warm_C,66,2,200,OK,PENDING_PAYMENT,450.963
warm_C,67,3,200,OK,PENDING_PAYMENT,456.619
warm_C,68,4,200,OK,PENDING_PAYMENT,457.067
warm_C,69,5,200,OK,PENDING_PAYMENT,448.040
warm_C,70,6,200,OK,PENDING_PAYMENT,451.190
warm_C,71,7,200,OK,PENDING_PAYMENT,439.042
warm_C,72,8,200,OK,PENDING_PAYMENT,429.898
warm_C,73,9,200,OK,PENDING_PAYMENT,430.064
warm_C,74,10,200,OK,PENDING_PAYMENT,426.159
warm_C,75,11,200,OK,PENDING_PAYMENT,463.813
warm_C,76,12,200,OK,PENDING_PAYMENT,471.049
warm_C,77,13,200,OK,PENDING_PAYMENT,467.681
warm_C,78,14,200,OK,PENDING_PAYMENT,461.289
warm_C,79,15,200,OK,PENDING_PAYMENT,458.634
warm_C,80,16,200,OK,PENDING_PAYMENT,453.143
warm_C,82,18,200,OK,PENDING_PAYMENT,442.226
warm_C,81,17,200,OK,PENDING_PAYMENT,462.686
warm_C,83,19,200,OK,PENDING_PAYMENT,450.573
warm_C,84,20,200,OK,PENDING_PAYMENT,444.326
warm_C,85,21,200,OK,PENDING_PAYMENT,451.926
warm_C,86,22,200,OK,PENDING_PAYMENT,444.942
warm_C,87,23,200,OK,PENDING_PAYMENT,451.197
warm_C,88,24,200,OK,PENDING_PAYMENT,445.021
warm_C,89,25,200,OK,PENDING_PAYMENT,451.597
warm_C,90,26,200,OK,PENDING_PAYMENT,451.234
warm_C,91,27,200,OK,PENDING_PAYMENT,434.884
warm_C,92,28,200,OK,PENDING_PAYMENT,434.822
warm_C,93,29,200,OK,PENDING_PAYMENT,432.119
warm_C,95,31,200,OK,PENDING_PAYMENT,427.786
warm_C,94,30,200,OK,PENDING_PAYMENT,440.886
warm_C,96,32,200,OK,PENDING_PAYMENT,437.983
warm_C,98,34,200,OK,PENDING_PAYMENT,414.863
warm_C,97,33,200,OK,PENDING_PAYMENT,442.759
warm_C,99,35,200,OK,PENDING_PAYMENT,416.524
C_pool10_tiers10,31,31,200,OK,PENDING_PAYMENT,162.465
C_pool10_tiers10,21,21,200,OK,PENDING_PAYMENT,199.559
C_pool10_tiers10,3,3,200,OK,PENDING_PAYMENT,205.260
C_pool10_tiers10,1,1,200,OK,PENDING_PAYMENT,225.884
C_pool10_tiers10,24,24,200,OK,PENDING_PAYMENT,257.780
C_pool10_tiers10,11,11,200,OK,PENDING_PAYMENT,258.736
C_pool10_tiers10,5,5,200,OK,PENDING_PAYMENT,407.221
C_pool10_tiers10,36,36,200,OK,PENDING_PAYMENT,428.305
C_pool10_tiers10,4,4,200,OK,PENDING_PAYMENT,466.849
C_pool10_tiers10,70,6,200,OK,PENDING_PAYMENT,462.608
C_pool10_tiers10,7,7,200,OK,PENDING_PAYMENT,466.928
C_pool10_tiers10,12,12,200,OK,PENDING_PAYMENT,506.496
C_pool10_tiers10,28,28,200,OK,PENDING_PAYMENT,552.868
C_pool10_tiers10,2,2,200,OK,PENDING_PAYMENT,571.845
C_pool10_tiers10,19,19,200,OK,PENDING_PAYMENT,571.424
C_pool10_tiers10,9,9,200,OK,PENDING_PAYMENT,571.678
C_pool10_tiers10,13,13,200,OK,PENDING_PAYMENT,652.034
C_pool10_tiers10,66,2,200,OK,PENDING_PAYMENT,647.996
C_pool10_tiers10,30,30,200,OK,PENDING_PAYMENT,651.705
C_pool10_tiers10,26,26,200,OK,PENDING_PAYMENT,652.065
C_pool10_tiers10,37,37,200,OK,PENDING_PAYMENT,667.769
C_pool10_tiers10,39,39,200,OK,PENDING_PAYMENT,667.795
C_pool10_tiers10,64,0,200,OK,PENDING_PAYMENT,668.141
C_pool10_tiers10,62,62,200,OK,PENDING_PAYMENT,685.421
C_pool10_tiers10,136,8,200,OK,PENDING_PAYMENT,725.340
C_pool10_tiers10,22,22,200,OK,PENDING_PAYMENT,731.316
C_pool10_tiers10,165,37,200,OK,PENDING_PAYMENT,724.811
C_pool10_tiers10,8,8,200,OK,PENDING_PAYMENT,732.350
C_pool10_tiers10,23,23,200,OK,PENDING_PAYMENT,733.497
C_pool10_tiers10,73,9,200,OK,PENDING_PAYMENT,730.256
C_pool10_tiers10,110,46,200,OK,PENDING_PAYMENT,742.547
C_pool10_tiers10,193,1,200,OK,PENDING_PAYMENT,740.141
C_pool10_tiers10,132,4,200,OK,PENDING_PAYMENT,742.282
C_pool10_tiers10,96,32,200,OK,PENDING_PAYMENT,743.439
C_pool10_tiers10,121,57,200,OK,PENDING_PAYMENT,743.504
C_pool10_tiers10,16,16,200,OK,PENDING_PAYMENT,775.802
C_pool10_tiers10,35,35,200,OK,PENDING_PAYMENT,791.012
C_pool10_tiers10,108,44,200,OK,PENDING_PAYMENT,786.943
C_pool10_tiers10,94,30,200,OK,PENDING_PAYMENT,787.264
C_pool10_tiers10,84,20,200,OK,PENDING_PAYMENT,804.780
C_pool10_tiers10,97,33,200,OK,PENDING_PAYMENT,817.181
C_pool10_tiers10,15,15,200,OK,PENDING_PAYMENT,822.145
C_pool10_tiers10,59,59,200,OK,PENDING_PAYMENT,818.333
C_pool10_tiers10,228,36,200,OK,PENDING_PAYMENT,828.990
C_pool10_tiers10,192,0,200,OK,PENDING_PAYMENT,858.460
C_pool10_tiers10,122,58,200,OK,PENDING_PAYMENT,877.183
C_pool10_tiers10,6,6,200,OK,PENDING_PAYMENT,929.187
C_pool10_tiers10,182,54,200,OK,PENDING_PAYMENT,954.685
C_pool10_tiers10,102,38,200,OK,PENDING_PAYMENT,957.238
C_pool10_tiers10,133,5,200,OK,PENDING_PAYMENT,956.341
C_pool10_tiers10,38,38,200,OK,PENDING_PAYMENT,982.473
C_pool10_tiers10,129,1,200,OK,PENDING_PAYMENT,978.220
C_pool10_tiers10,204,12,200,OK,PENDING_PAYMENT,977.127
C_pool10_tiers10,92,28,200,OK,PENDING_PAYMENT,981.560
C_pool10_tiers10,27,27,200,OK,PENDING_PAYMENT,988.308
C_pool10_tiers10,25,25,200,OK,PENDING_PAYMENT,1004.496
C_pool10_tiers10,65,1,200,OK,PENDING_PAYMENT,1000.805
C_pool10_tiers10,100,36,200,OK,PENDING_PAYMENT,999.897
C_pool10_tiers10,53,53,200,OK,PENDING_PAYMENT,1014.068
C_pool10_tiers10,41,41,200,OK,PENDING_PAYMENT,1016.557
C_pool10_tiers10,115,51,200,OK,PENDING_PAYMENT,1032.320
C_pool10_tiers10,20,20,200,OK,PENDING_PAYMENT,1037.535
C_pool10_tiers10,34,34,200,OK,PENDING_PAYMENT,1037.179
C_pool10_tiers10,120,56,200,OK,PENDING_PAYMENT,1032.068
C_pool10_tiers10,156,28,200,OK,PENDING_PAYMENT,1053.053
C_pool10_tiers10,101,37,200,OK,PENDING_PAYMENT,1054.879
C_pool10_tiers10,166,38,200,OK,PENDING_PAYMENT,1067.609
C_pool10_tiers10,157,29,200,OK,PENDING_PAYMENT,1089.053
C_pool10_tiers10,197,5,200,OK,PENDING_PAYMENT,1091.550
C_pool10_tiers10,185,57,200,OK,PENDING_PAYMENT,1114.168
C_pool10_tiers10,201,9,200,OK,PENDING_PAYMENT,1119.890
C_pool10_tiers10,181,53,200,OK,PENDING_PAYMENT,1170.821
C_pool10_tiers10,134,6,200,OK,PENDING_PAYMENT,1172.251
C_pool10_tiers10,155,27,200,OK,PENDING_PAYMENT,1171.597
C_pool10_tiers10,114,50,200,OK,PENDING_PAYMENT,1173.818
C_pool10_tiers10,167,39,200,OK,PENDING_PAYMENT,1216.669
C_pool10_tiers10,56,56,200,OK,PENDING_PAYMENT,1221.098
C_pool10_tiers10,29,29,200,OK,PENDING_PAYMENT,1229.085
C_pool10_tiers10,71,7,200,OK,PENDING_PAYMENT,1225.688
C_pool10_tiers10,143,15,200,OK,PENDING_PAYMENT,1245.017
C_pool10_tiers10,112,48,200,OK,PENDING_PAYMENT,1246.201
C_pool10_tiers10,91,27,200,OK,PENDING_PAYMENT,1246.973
C_pool10_tiers10,214,22,200,OK,PENDING_PAYMENT,1243.358
C_pool10_tiers10,17,17,200,OK,PENDING_PAYMENT,1252.008
C_pool10_tiers10,89,25,200,OK,PENDING_PAYMENT,1247.705
C_pool10_tiers10,184,56,200,OK,PENDING_PAYMENT,1282.862
C_pool10_tiers10,171,43,200,OK,PENDING_PAYMENT,1284.518
C_pool10_tiers10,98,34,200,OK,PENDING_PAYMENT,1310.928
C_pool10_tiers10,147,19,200,OK,PENDING_PAYMENT,1309.383
C_pool10_tiers10,152,24,200,OK,PENDING_PAYMENT,1334.278
C_pool10_tiers10,57,57,200,OK,PENDING_PAYMENT,1347.386
C_pool10_tiers10,225,33,200,OK,PENDING_PAYMENT,1350.824
C_pool10_tiers10,18,18,200,OK,PENDING_PAYMENT,1360.190
C_pool10_tiers10,221,29,200,OK,PENDING_PAYMENT,1364.771
C_pool10_tiers10,61,61,200,OK,PENDING_PAYMENT,1370.783
C_pool10_tiers10,14,14,200,OK,PENDING_PAYMENT,1416.736
C_pool10_tiers10,162,34,200,OK,PENDING_PAYMENT,1412.659
C_pool10_tiers10,67,3,200,OK,PENDING_PAYMENT,1447.763
C_pool10_tiers10,0,0,200,OK,PENDING_PAYMENT,1452.414
C_pool10_tiers10,128,0,200,OK,PENDING_PAYMENT,1446.347
C_pool10_tiers10,139,11,200,OK,PENDING_PAYMENT,1446.453
C_pool10_tiers10,82,18,200,OK,PENDING_PAYMENT,1451.776
C_pool10_tiers10,10,10,200,OK,PENDING_PAYMENT,1457.287
C_pool10_tiers10,79,15,200,OK,PENDING_PAYMENT,1454.078
C_pool10_tiers10,69,5,200,OK,PENDING_PAYMENT,1459.326
C_pool10_tiers10,188,60,200,OK,PENDING_PAYMENT,1461.131
C_pool10_tiers10,76,12,200,OK,PENDING_PAYMENT,1513.519
C_pool10_tiers10,60,60,200,OK,PENDING_PAYMENT,1514.085
C_pool10_tiers10,127,63,200,OK,PENDING_PAYMENT,1512.055
C_pool10_tiers10,51,51,200,OK,PENDING_PAYMENT,1538.611
C_pool10_tiers10,154,26,200,OK,PENDING_PAYMENT,1534.853
C_pool10_tiers10,126,62,200,OK,PENDING_PAYMENT,1535.767
C_pool10_tiers10,33,33,200,OK,PENDING_PAYMENT,1541.270
C_pool10_tiers10,46,46,200,OK,PENDING_PAYMENT,1540.255
C_pool10_tiers10,107,43,200,OK,PENDING_PAYMENT,1557.365
C_pool10_tiers10,105,41,200,OK,PENDING_PAYMENT,1557.394
C_pool10_tiers10,239,47,200,OK,PENDING_PAYMENT,1553.590
C_pool10_tiers10,234,42,200,OK,PENDING_PAYMENT,1553.792
C_pool10_tiers10,246,54,200,OK,PENDING_PAYMENT,1552.861
C_pool10_tiers10,163,35,200,OK,PENDING_PAYMENT,1555.618
C_pool10_tiers10,103,39,200,OK,PENDING_PAYMENT,1557.647
C_pool10_tiers10,47,47,200,OK,PENDING_PAYMENT,1563.722
C_pool10_tiers10,113,49,200,OK,PENDING_PAYMENT,1580.540
C_pool10_tiers10,215,23,200,OK,PENDING_PAYMENT,1577.824
C_pool10_tiers10,222,30,200,OK,PENDING_PAYMENT,1577.703
C_pool10_tiers10,72,8,200,OK,PENDING_PAYMENT,1582.430
C_pool10_tiers10,131,3,200,OK,PENDING_PAYMENT,1580.856
C_pool10_tiers10,220,28,200,OK,PENDING_PAYMENT,1578.911
C_pool10_tiers10,81,17,200,OK,PENDING_PAYMENT,1583.064
C_pool10_tiers10,170,42,200,OK,PENDING_PAYMENT,1582.073
C_pool10_tiers10,88,24,200,OK,PENDING_PAYMENT,1602.208
C_pool10_tiers10,141,13,200,OK,PENDING_PAYMENT,1600.427
C_pool10_tiers10,223,31,200,OK,PENDING_PAYMENT,1611.401
C_pool10_tiers10,242,50,200,OK,PENDING_PAYMENT,1610.670
C_pool10_tiers10,74,10,200,OK,PENDING_PAYMENT,1615.740
C_pool10_tiers10,137,9,200,OK,PENDING_PAYMENT,1613.847
C_pool10_tiers10,158,30,200,OK,PENDING_PAYMENT,1613.265
C_pool10_tiers10,99,35,200,OK,PENDING_PAYMENT,1637.163
C_pool10_tiers10,44,44,200,OK,PENDING_PAYMENT,1641.212
C_pool10_tiers10,124,60,200,OK,PENDING_PAYMENT,1636.890
C_pool10_tiers10,125,61,200,OK,PENDING_PAYMENT,1636.884
C_pool10_tiers10,87,23,200,OK,PENDING_PAYMENT,1644.958
C_pool10_tiers10,196,4,200,OK,PENDING_PAYMENT,1641.688
C_pool10_tiers10,90,26,200,OK,PENDING_PAYMENT,1645.235
C_pool10_tiers10,130,2,200,OK,PENDING_PAYMENT,1646.179
C_pool10_tiers10,135,7,200,OK,PENDING_PAYMENT,1646.214
C_pool10_tiers10,208,16,200,OK,PENDING_PAYMENT,1650.153
C_pool10_tiers10,210,18,200,OK,PENDING_PAYMENT,1650.112
C_pool10_tiers10,177,49,200,OK,PENDING_PAYMENT,1667.272
C_pool10_tiers10,111,47,200,OK,PENDING_PAYMENT,1669.389
C_pool10_tiers10,80,16,200,OK,PENDING_PAYMENT,1670.368
C_pool10_tiers10,161,33,200,OK,PENDING_PAYMENT,1667.960
C_pool10_tiers10,240,48,200,OK,PENDING_PAYMENT,1665.953
C_pool10_tiers10,202,10,200,OK,PENDING_PAYMENT,1667.158
C_pool10_tiers10,119,55,200,OK,PENDING_PAYMENT,1675.459
C_pool10_tiers10,164,36,200,OK,PENDING_PAYMENT,1674.779
C_pool10_tiers10,229,37,200,OK,PENDING_PAYMENT,1679.053
C_pool10_tiers10,236,44,200,OK,PENDING_PAYMENT,1685.513
C_pool10_tiers10,106,42,200,OK,PENDING_PAYMENT,1689.707
C_pool10_tiers10,40,40,200,OK,PENDING_PAYMENT,1707.737
C_pool10_tiers10,176,48,200,OK,PENDING_PAYMENT,1701.176
C_pool10_tiers10,68,4,200,OK,PENDING_PAYMENT,1704.475
C_pool10_tiers10,63,63,200,OK,PENDING_PAYMENT,1705.401
C_pool10_tiers10,247,55,200,OK,PENDING_PAYMENT,1705.536
C_pool10_tiers10,217,25,200,OK,PENDING_PAYMENT,1708.121
C_pool10_tiers10,153,25,200,OK,PENDING_PAYMENT,1720.901
C_pool10_tiers10,142,14,200,OK,PENDING_PAYMENT,1734.771
C_pool10_tiers10,180,52,200,OK,PENDING_PAYMENT,1733.798
C_pool10_tiers10,151,23,200,OK,PENDING_PAYMENT,1734.595
C_pool10_tiers10,144,16,200,OK,PENDING_PAYMENT,1734.827
C_pool10_tiers10,93,29,200,OK,PENDING_PAYMENT,1737.340
C_pool10_tiers10,224,32,200,OK,PENDING_PAYMENT,1756.094
C_pool10_tiers10,104,40,200,OK,PENDING_PAYMENT,1759.612
C_pool10_tiers10,244,52,200,OK,PENDING_PAYMENT,1755.673
C_pool10_tiers10,169,41,200,OK,PENDING_PAYMENT,1758.221
C_pool10_tiers10,258,2,200,OK,PENDING_PAYMENT,1560.600
C_pool10_tiers10,116,52,200,OK,PENDING_PAYMENT,1760.256
C_pool10_tiers10,172,44,200,OK,PENDING_PAYMENT,1759.570
C_pool10_tiers10,146,18,200,OK,PENDING_PAYMENT,1760.382
C_pool10_tiers10,123,59,200,OK,PENDING_PAYMENT,1761.453
C_pool10_tiers10,205,13,200,OK,PENDING_PAYMENT,1768.015
C_pool10_tiers10,48,48,200,OK,PENDING_PAYMENT,1773.490
C_pool10_tiers10,190,62,200,OK,PENDING_PAYMENT,1775.536
C_pool10_tiers10,261,5,200,OK,PENDING_PAYMENT,1524.678
C_pool10_tiers10,203,11,200,OK,PENDING_PAYMENT,1786.141
C_pool10_tiers10,42,42,200,OK,PENDING_PAYMENT,1793.433
C_pool10_tiers10,174,46,200,OK,PENDING_PAYMENT,1792.540
C_pool10_tiers10,226,34,200,OK,PENDING_PAYMENT,1791.194
C_pool10_tiers10,191,63,200,OK,PENDING_PAYMENT,1811.903
C_pool10_tiers10,75,11,200,OK,PENDING_PAYMENT,1836.751
C_pool10_tiers10,85,21,200,OK,PENDING_PAYMENT,1840.328
C_pool10_tiers10,249,57,200,OK,PENDING_PAYMENT,1834.263
C_pool10_tiers10,54,54,200,OK,PENDING_PAYMENT,1842.095
C_pool10_tiers10,194,2,200,OK,PENDING_PAYMENT,1852.396
C_pool10_tiers10,159,31,200,OK,PENDING_PAYMENT,1876.187
C_pool10_tiers10,186,58,200,OK,PENDING_PAYMENT,1875.559
C_pool10_tiers10,212,20,200,OK,PENDING_PAYMENT,1874.863
C_pool10_tiers10,195,3,200,OK,PENDING_PAYMENT,1875.769
C_pool10_tiers10,243,51,200,OK,PENDING_PAYMENT,1888.465
C_pool10_tiers10,211,19,200,OK,PENDING_PAYMENT,1889.573
C_pool10_tiers10,230,38,200,OK,PENDING_PAYMENT,1889.234
C_pool10_tiers10,140,12,200,OK,PENDING_PAYMENT,1893.456
C_pool10_tiers10,237,45,200,OK,PENDING_PAYMENT,1904.749
C_pool10_tiers10,274,18,200,OK,PENDING_PAYMENT,1261.670
C_pool10_tiers10,278,22,200,OK,PENDING_PAYMENT,1248.156
C_pool10_tiers10,145,17,200,OK,PENDING_PAYMENT,1930.485
C_pool10_tiers10,117,53,200,OK,PENDING_PAYMENT,1932.631
C_pool10_tiers10,209,17,200,OK,PENDING_PAYMENT,1939.954
C_pool10_tiers10,86,22,200,OK,PENDING_PAYMENT,1947.697
C_pool10_tiers10,255,63,200,OK,PENDING_PAYMENT,1958.172
C_pool10_tiers10,78,14,200,OK,PENDING_PAYMENT,1965.660
C_pool10_tiers10,32,32,200,OK,PENDING_PAYMENT,1970.558
C_pool10_tiers10,233,41,200,OK,PENDING_PAYMENT,1962.305
C_pool10_tiers10,179,51,200,OK,PENDING_PAYMENT,1967.285
C_pool10_tiers10,241,49,200,OK,PENDING_PAYMENT,1986.307
C_pool10_tiers10,248,56,200,OK,PENDING_PAYMENT,1985.160
C_pool10_tiers10,256,0,200,OK,PENDING_PAYMENT,1847.514
C_pool10_tiers10,198,6,200,OK,PENDING_PAYMENT,2017.213
C_pool10_tiers10,45,45,200,OK,PENDING_PAYMENT,2024.445
C_pool10_tiers10,149,21,200,OK,PENDING_PAYMENT,2019.228
C_pool10_tiers10,316,60,200,OK,PENDING_PAYMENT,988.216
C_pool10_tiers10,272,16,200,OK,PENDING_PAYMENT,1375.546
C_pool10_tiers10,183,55,200,OK,PENDING_PAYMENT,2020.969
C_pool10_tiers10,199,7,200,OK,PENDING_PAYMENT,2020.503
C_pool10_tiers10,322,2,200,OK,PENDING_PAYMENT,956.292
C_pool10_tiers10,299,43,200,OK,PENDING_PAYMENT,1209.365
C_pool10_tiers10,219,27,200,OK,PENDING_PAYMENT,2048.152
C_pool10_tiers10,49,49,200,OK,PENDING_PAYMENT,2057.142
C_pool10_tiers10,206,14,200,OK,PENDING_PAYMENT,2051.730
C_pool10_tiers10,286,30,200,OK,PENDING_PAYMENT,1337.434
C_pool10_tiers10,52,52,200,OK,PENDING_PAYMENT,2082.129
C_pool10_tiers10,83,19,200,OK,PENDING_PAYMENT,2080.754
C_pool10_tiers10,178,50,200,OK,PENDING_PAYMENT,2077.885
C_pool10_tiers10,307,51,200,OK,PENDING_PAYMENT,1117.160
C_pool10_tiers10,259,3,200,OK,PENDING_PAYMENT,1875.715
C_pool10_tiers10,235,43,200,OK,PENDING_PAYMENT,2092.941
C_pool10_tiers10,175,47,200,OK,PENDING_PAYMENT,2095.540
C_pool10_tiers10,270,14,200,OK,PENDING_PAYMENT,1559.223
C_pool10_tiers10,227,35,200,OK,PENDING_PAYMENT,2123.758
C_pool10_tiers10,288,32,200,OK,PENDING_PAYMENT,1405.027
C_pool10_tiers10,77,13,200,OK,PENDING_PAYMENT,2148.873
C_pool10_tiers10,351,31,200,OK,PENDING_PAYMENT,754.704
C_pool10_tiers10,109,45,200,OK,PENDING_PAYMENT,2166.711
C_pool10_tiers10,353,33,200,OK,PENDING_PAYMENT,727.509
C_pool10_tiers10,275,19,200,OK,PENDING_PAYMENT,1544.797
C_pool10_tiers10,305,49,200,OK,PENDING_PAYMENT,1234.842
C_pool10_tiers10,296,40,200,OK,PENDING_PAYMENT,1395.373
C_pool10_tiers10,58,58,200,OK,PENDING_PAYMENT,2229.902
C_pool10_tiers10,303,47,200,OK,PENDING_PAYMENT,1271.649
C_pool10_tiers10,330,10,200,OK,PENDING_PAYMENT,1059.398
C_pool10_tiers10,281,25,200,OK,PENDING_PAYMENT,1525.890
C_pool10_tiers10,50,50,200,OK,PENDING_PAYMENT,2254.720
C_pool10_tiers10,231,39,200,OK,PENDING_PAYMENT,2275.805
C_pool10_tiers10,269,13,200,OK,PENDING_PAYMENT,1712.994
C_pool10_tiers10,283,27,200,OK,PENDING_PAYMENT,1552.455
C_pool10_tiers10,290,34,200,OK,PENDING_PAYMENT,1593.923
C_pool10_tiers10,213,21,200,OK,PENDING_PAYMENT,2350.363
C_pool10_tiers10,251,59,200,OK,PENDING_PAYMENT,2347.673
C_pool10_tiers10,319,63,200,OK,PENDING_PAYMENT,1342.258
C_pool10_tiers10,189,61,200,OK,PENDING_PAYMENT,2384.982
C_pool10_tiers10,160,32,200,OK,PENDING_PAYMENT,2385.729
C_pool10_tiers10,138,10,200,OK,PENDING_PAYMENT,2386.594
C_pool10_tiers10,297,41,200,OK,PENDING_PAYMENT,1581.747
C_pool10_tiers10,329,9,200,OK,PENDING_PAYMENT,1238.098
C_pool10_tiers10,354,34,200,OK,PENDING_PAYMENT,964.353
C_pool10_tiers10,302,46,200,OK,PENDING_PAYMENT,1487.434
C_pool10_tiers10,331,11,200,OK,PENDING_PAYMENT,1208.053
C_pool10_tiers10,263,7,200,OK,PENDING_PAYMENT,2003.026
C_pool10_tiers10,260,4,200,OK,PENDING_PAYMENT,2203.995
C_pool10_tiers10,266,10,200,OK,PENDING_PAYMENT,1995.310
C_pool10_tiers10,308,52,200,OK,PENDING_PAYMENT,1498.659
C_pool10_tiers10,267,11,200,OK,PENDING_PAYMENT,1987.608
C_pool10_tiers10,268,12,200,OK,PENDING_PAYMENT,1944.599
C_pool10_tiers10,43,43,200,OK,PENDING_PAYMENT,2497.208
C_pool10_tiers10,238,46,200,OK,PENDING_PAYMENT,2508.133
C_pool10_tiers10,254,62,200,OK,PENDING_PAYMENT,2505.351
C_pool10_tiers10,118,54,200,OK,PENDING_PAYMENT,2511.527
C_pool10_tiers10,187,59,200,OK,PENDING_PAYMENT,2509.521
C_pool10_tiers10,287,31,200,OK,PENDING_PAYMENT,1769.318
C_pool10_tiers10,382,62,200,OK,PENDING_PAYMENT,948.607
C_pool10_tiers10,383,63,200,OK,PENDING_PAYMENT,949.863
C_pool10_tiers10,320,0,200,OK,PENDING_PAYMENT,1477.449
C_pool10_tiers10,326,6,200,OK,PENDING_PAYMENT,1409.434
C_pool10_tiers10,218,26,200,OK,PENDING_PAYMENT,2528.856
C_pool10_tiers10,168,40,200,OK,PENDING_PAYMENT,2551.836
C_pool10_tiers10,262,6,200,OK,PENDING_PAYMENT,2177.854
C_pool10_tiers10,333,13,200,OK,PENDING_PAYMENT,1375.136
C_pool10_tiers10,301,45,200,OK,PENDING_PAYMENT,1721.728
C_pool10_tiers10,327,7,200,OK,PENDING_PAYMENT,1426.342
C_pool10_tiers10,363,43,200,OK,PENDING_PAYMENT,1086.751
C_pool10_tiers10,387,3,200,OK,PENDING_PAYMENT,997.866
C_pool10_tiers10,264,8,200,OK,PENDING_PAYMENT,2138.205
C_pool10_tiers10,265,9,200,OK,PENDING_PAYMENT,2138.080
C_pool10_tiers10,148,20,200,OK,PENDING_PAYMENT,2607.959
C_pool10_tiers10,332,12,200,OK,PENDING_PAYMENT,1394.273
C_pool10_tiers10,232,40,200,OK,PENDING_PAYMENT,2614.087
C_pool10_tiers10,311,55,200,OK,PENDING_PAYMENT,1635.138
C_pool10_tiers10,253,61,200,OK,PENDING_PAYMENT,2628.837
C_pool10_tiers10,365,45,200,OK,PENDING_PAYMENT,1098.704
C_pool10_tiers10,245,53,200,OK,PENDING_PAYMENT,2631.207
C_pool10_tiers10,312,56,200,OK,PENDING_PAYMENT,1642.270
C_pool10_tiers10,336,16,200,OK,PENDING_PAYMENT,1402.428
C_pool10_tiers10,317,61,200,OK,PENDING_PAYMENT,1631.045
C_pool10_tiers10,349,29,200,OK,PENDING_PAYMENT,1296.010
C_pool10_tiers10,298,42,200,OK,PENDING_PAYMENT,1850.173
C_pool10_tiers10,289,33,200,OK,PENDING_PAYMENT,1924.222
C_pool10_tiers10,250,58,200,OK,PENDING_PAYMENT,2682.892
C_pool10_tiers10,324,4,200,OK,PENDING_PAYMENT,1594.425
C_pool10_tiers10,95,31,200,OK,PENDING_PAYMENT,2689.136
C_pool10_tiers10,374,54,200,OK,PENDING_PAYMENT,1131.507
C_pool10_tiers10,356,36,200,OK,PENDING_PAYMENT,1259.810
C_pool10_tiers10,389,5,200,OK,PENDING_PAYMENT,1105.820
C_pool10_tiers10,279,23,200,OK,PENDING_PAYMENT,2036.634
C_pool10_tiers10,364,44,200,OK,PENDING_PAYMENT,1217.097
C_pool10_tiers10,304,48,200,OK,PENDING_PAYMENT,1782.798
C_pool10_tiers10,277,21,200,OK,PENDING_PAYMENT,2076.655
C_pool10_tiers10,150,22,200,OK,PENDING_PAYMENT,2738.546
C_pool10_tiers10,55,55,200,OK,PENDING_PAYMENT,2744.004
C_pool10_tiers10,280,24,200,OK,PENDING_PAYMENT,2015.837
C_pool10_tiers10,372,52,200,OK,PENDING_PAYMENT,1185.165
C_pool10_tiers10,200,8,200,OK,PENDING_PAYMENT,2740.170
C_pool10_tiers10,284,28,200,OK,PENDING_PAYMENT,2019.908
C_pool10_tiers10,306,50,200,OK,PENDING_PAYMENT,1775.568
C_pool10_tiers10,335,15,200,OK,PENDING_PAYMENT,1514.796
C_pool10_tiers10,415,31,200,OK,PENDING_PAYMENT,1058.533
C_pool10_tiers10,293,37,200,OK,PENDING_PAYMENT,1975.118
C_pool10_tiers10,313,57,200,OK,PENDING_PAYMENT,1772.583
C_pool10_tiers10,400,16,200,OK,PENDING_PAYMENT,1129.143
C_pool10_tiers10,403,19,200,OK,PENDING_PAYMENT,1122.888
C_pool10_tiers10,418,34,200,OK,PENDING_PAYMENT,1072.137
C_pool10_tiers10,401,17,200,OK,PENDING_PAYMENT,1129.899
C_pool10_tiers10,294,38,200,OK,PENDING_PAYMENT,1991.599
C_pool10_tiers10,271,15,200,OK,PENDING_PAYMENT,2214.257
C_pool10_tiers10,291,35,200,OK,PENDING_PAYMENT,2026.442
C_pool10_tiers10,295,39,200,OK,PENDING_PAYMENT,1993.074
C_pool10_tiers10,427,43,200,OK,PENDING_PAYMENT,1037.719
C_pool10_tiers10,357,37,200,OK,PENDING_PAYMENT,1370.743
C_pool10_tiers10,328,8,200,OK,PENDING_PAYMENT,1648.738
C_pool10_tiers10,402,18,200,OK,PENDING_PAYMENT,1168.657
C_pool10_tiers10,409,25,200,OK,PENDING_PAYMENT,1151.924
C_pool10_tiers10,173,45,200,OK,PENDING_PAYMENT,2849.083
C_pool10_tiers10,412,28,200,OK,PENDING_PAYMENT,1168.616
C_pool10_tiers10,334,14,200,OK,PENDING_PAYMENT,1627.367
C_pool10_tiers10,410,26,200,OK,PENDING_PAYMENT,1181.153
C_pool10_tiers10,432,48,200,OK,PENDING_PAYMENT,1108.532
C_pool10_tiers10,376,56,200,OK,PENDING_PAYMENT,1317.342
C_pool10_tiers10,371,51,200,OK,PENDING_PAYMENT,1325.947
C_pool10_tiers10,397,13,200,OK,PENDING_PAYMENT,1238.977
C_pool10_tiers10,337,17,200,OK,PENDING_PAYMENT,1644.306
C_pool10_tiers10,345,25,200,OK,PENDING_PAYMENT,1555.336
C_pool10_tiers10,399,15,200,OK,PENDING_PAYMENT,1246.482
C_pool10_tiers10,252,60,200,OK,PENDING_PAYMENT,2902.592
C_pool10_tiers10,375,55,200,OK,PENDING_PAYMENT,1383.163
C_pool10_tiers10,393,9,200,OK,PENDING_PAYMENT,1303.713
C_pool10_tiers10,216,24,200,OK,PENDING_PAYMENT,2949.840
C_pool10_tiers10,257,1,200,OK,PENDING_PAYMENT,2758.467
C_pool10_tiers10,350,30,200,OK,PENDING_PAYMENT,1584.394
C_pool10_tiers10,348,28,200,OK,PENDING_PAYMENT,1607.539
C_pool10_tiers10,431,47,200,OK,PENDING_PAYMENT,1208.968
C_pool10_tiers10,429,45,200,OK,PENDING_PAYMENT,1219.284
C_pool10_tiers10,384,0,200,OK,PENDING_PAYMENT,1396.884
C_pool10_tiers10,470,22,200,OK,PENDING_PAYMENT,995.158
C_pool10_tiers10,300,44,200,OK,PENDING_PAYMENT,2124.478
C_pool10_tiers10,472,24,200,OK,PENDING_PAYMENT,997.073
C_pool10_tiers10,323,3,200,OK,PENDING_PAYMENT,1911.707
C_pool10_tiers10,392,8,200,OK,PENDING_PAYMENT,1398.056
C_pool10_tiers10,369,49,200,OK,PENDING_PAYMENT,1476.310
C_pool10_tiers10,437,53,200,OK,PENDING_PAYMENT,1247.963
C_pool10_tiers10,285,29,200,OK,PENDING_PAYMENT,2289.883
C_pool10_tiers10,411,27,200,OK,PENDING_PAYMENT,1343.131
C_pool10_tiers10,360,40,200,OK,PENDING_PAYMENT,1567.055
C_pool10_tiers10,341,21,200,OK,PENDING_PAYMENT,1748.409
C_pool10_tiers10,443,59,200,OK,PENDING_PAYMENT,1250.851
C_pool10_tiers10,398,14,200,OK,PENDING_PAYMENT,1401.135
C_pool10_tiers10,368,48,200,OK,PENDING_PAYMENT,1509.361
C_pool10_tiers10,314,58,200,OK,PENDING_PAYMENT,2059.380
C_pool10_tiers10,352,32,200,OK,PENDING_PAYMENT,1663.461
C_pool10_tiers10,344,24,200,OK,PENDING_PAYMENT,1767.260
C_pool10_tiers10,422,38,200,OK,PENDING_PAYMENT,1342.031
C_pool10_tiers10,378,58,200,OK,PENDING_PAYMENT,1514.280
C_pool10_tiers10,292,36,200,OK,PENDING_PAYMENT,2314.091
C_pool10_tiers10,407,23,200,OK,PENDING_PAYMENT,1447.303
C_pool10_tiers10,362,42,200,OK,PENDING_PAYMENT,1610.144
C_pool10_tiers10,338,18,200,OK,PENDING_PAYMENT,1882.807
C_pool10_tiers10,498,50,200,OK,PENDING_PAYMENT,962.841
C_pool10_tiers10,473,25,200,OK,PENDING_PAYMENT,1109.659
C_pool10_tiers10,451,3,200,OK,PENDING_PAYMENT,1252.721
C_pool10_tiers10,434,50,200,OK,PENDING_PAYMENT,1370.176
C_pool10_tiers10,390,6,200,OK,PENDING_PAYMENT,1517.502
C_pool10_tiers10,388,4,200,OK,PENDING_PAYMENT,1517.503
C_pool10_tiers10,340,20,200,OK,PENDING_PAYMENT,1896.955
C_pool10_tiers10,439,55,200,OK,PENDING_PAYMENT,1365.974
C_pool10_tiers10,367,47,200,OK,PENDING_PAYMENT,1608.979
C_pool10_tiers10,370,50,200,OK,PENDING_PAYMENT,1620.671
C_pool10_tiers10,346,26,200,OK,PENDING_PAYMENT,1832.042
C_pool10_tiers10,454,6,200,OK,PENDING_PAYMENT,1285.314
C_pool10_tiers10,343,23,200,OK,PENDING_PAYMENT,1867.296
C_pool10_tiers10,478,30,200,OK,PENDING_PAYMENT,1154.766
C_pool10_tiers10,396,12,200,OK,PENDING_PAYMENT,1540.596
C_pool10_tiers10,420,36,200,OK,PENDING_PAYMENT,1466.764
C_pool10_tiers10,310,54,200,OK,PENDING_PAYMENT,2194.767
C_pool10_tiers10,462,14,200,OK,PENDING_PAYMENT,1253.744
C_pool10_tiers10,347,27,200,OK,PENDING_PAYMENT,1843.422
C_pool10_tiers10,447,63,200,OK,PENDING_PAYMENT,1358.122
C_pool10_tiers10,386,2,200,OK,PENDING_PAYMENT,1599.138
C_pool10_tiers10,405,21,200,OK,PENDING_PAYMENT,1562.675
C_pool10_tiers10,428,44,200,OK,PENDING_PAYMENT,1472.601
C_pool10_tiers10,491,43,200,OK,PENDING_PAYMENT,1147.423
C_pool10_tiers10,408,24,200,OK,PENDING_PAYMENT,1583.297
C_pool10_tiers10,273,17,200,OK,PENDING_PAYMENT,2606.474
C_pool10_tiers10,207,15,200,OK,PENDING_PAYMENT,3250.310
C_pool10_tiers10,449,1,200,OK,PENDING_PAYMENT,1414.686
C_pool10_tiers10,452,4,200,OK,PENDING_PAYMENT,1392.014
C_pool10_tiers10,315,59,200,OK,PENDING_PAYMENT,2271.751
C_pool10_tiers10,361,41,200,OK,PENDING_PAYMENT,1821.064
C_pool10_tiers10,421,37,200,OK,PENDING_PAYMENT,1584.705
C_pool10_tiers10,339,19,200,OK,PENDING_PAYMENT,2060.281
C_pool10_tiers10,506,58,200,OK,PENDING_PAYMENT,1090.494
C_pool10_tiers10,458,10,200,OK,PENDING_PAYMENT,1434.284
C_pool10_tiers10,413,29,200,OK,PENDING_PAYMENT,1653.742
C_pool10_tiers10,476,28,200,OK,PENDING_PAYMENT,1348.836
C_pool10_tiers10,461,13,200,OK,PENDING_PAYMENT,1437.690
C_pool10_tiers10,318,62,200,OK,PENDING_PAYMENT,2337.146
C_pool10_tiers10,380,60,200,OK,PENDING_PAYMENT,1789.028
C_pool10_tiers10,282,26,202,OK,STOCK_PENDING,2643.406
C_pool10_tiers10,448,0,200,OK,PENDING_PAYMENT,1551.978
C_pool10_tiers10,482,34,200,OK,PENDING_PAYMENT,1340.743
C_pool10_tiers10,321,1,200,OK,PENDING_PAYMENT,2338.574
C_pool10_tiers10,385,1,200,OK,PENDING_PAYMENT,1816.459
C_pool10_tiers10,325,5,200,OK,PENDING_PAYMENT,2311.592
C_pool10_tiers10,276,20,200,OK,PENDING_PAYMENT,2765.151
C_pool10_tiers10,493,45,200,OK,PENDING_PAYMENT,1302.801
C_pool10_tiers10,436,52,200,OK,PENDING_PAYMENT,1679.787
C_pool10_tiers10,497,49,200,OK,PENDING_PAYMENT,1284.523
C_pool10_tiers10,455,7,200,OK,PENDING_PAYMENT,1558.207
C_pool10_tiers10,438,54,200,OK,PENDING_PAYMENT,1675.201
C_pool10_tiers10,394,10,200,OK,PENDING_PAYMENT,1837.124
C_pool10_tiers10,457,9,200,OK,PENDING_PAYMENT,1592.484
C_pool10_tiers10,535,23,200,OK,PENDING_PAYMENT,956.855
C_pool10_tiers10,414,30,200,OK,PENDING_PAYMENT,1798.299
C_pool10_tiers10,395,11,200,OK,PENDING_PAYMENT,1863.401
C_pool10_tiers10,419,35,200,OK,PENDING_PAYMENT,1793.171
C_pool10_tiers10,416,32,200,OK,PENDING_PAYMENT,1800.526
C_pool10_tiers10,507,59,200,OK,PENDING_PAYMENT,1275.931
C_pool10_tiers10,460,12,200,OK,PENDING_PAYMENT,1613.350
C_pool10_tiers10,309,53,200,OK,PENDING_PAYMENT,2547.486
C_pool10_tiers10,463,15,200,OK,PENDING_PAYMENT,1585.838
C_pool10_tiers10,450,2,200,OK,PENDING_PAYMENT,1661.989
C_pool10_tiers10,379,59,200,OK,PENDING_PAYMENT,1958.940
C_pool10_tiers10,469,21,200,OK,PENDING_PAYMENT,1580.642
C_pool10_tiers10,406,22,200,OK,PENDING_PAYMENT,1880.514
C_pool10_tiers10,446,62,200,OK,PENDING_PAYMENT,1710.437
C_pool10_tiers10,516,4,200,OK,PENDING_PAYMENT,1162.646
C_pool10_tiers10,543,31,200,OK,PENDING_PAYMENT,971.483
C_pool10_tiers10,358,38,200,OK,PENDING_PAYMENT,2134.731
C_pool10_tiers10,521,9,200,OK,PENDING_PAYMENT,1175.446
C_pool10_tiers10,433,49,200,OK,PENDING_PAYMENT,1825.144
C_pool10_tiers10,524,12,200,OK,PENDING_PAYMENT,1131.550
C_pool10_tiers10,359,39,200,OK,PENDING_PAYMENT,2149.923
C_pool10_tiers10,471,23,200,OK,PENDING_PAYMENT,1612.745
C_pool10_tiers10,534,22,200,OK,PENDING_PAYMENT,1100.141
C_pool10_tiers10,504,56,200,OK,PENDING_PAYMENT,1412.549
C_pool10_tiers10,553,41,200,OK,PENDING_PAYMENT,1006.159
C_pool10_tiers10,342,22,200,OK,PENDING_PAYMENT,2354.571
C_pool10_tiers10,441,57,200,OK,PENDING_PAYMENT,1858.564
C_pool10_tiers10,425,41,200,OK,PENDING_PAYMENT,1927.166
C_pool10_tiers10,430,46,200,OK,PENDING_PAYMENT,1933.025
C_pool10_tiers10,565,53,200,OK,PENDING_PAYMENT,1004.286
C_pool10_tiers10,464,16,200,OK,PENDING_PAYMENT,1746.177
C_pool10_tiers10,494,46,200,OK,PENDING_PAYMENT,1590.453
C_pool10_tiers10,485,37,200,OK,PENDING_PAYMENT,1649.465
C_pool10_tiers10,522,10,200,OK,PENDING_PAYMENT,1303.328
C_pool10_tiers10,546,34,200,OK,PENDING_PAYMENT,1143.458
C_pool10_tiers10,486,38,200,OK,PENDING_PAYMENT,1666.143
C_pool10_tiers10,549,37,200,OK,PENDING_PAYMENT,1136.898
C_pool10_tiers10,495,47,200,OK,PENDING_PAYMENT,1607.008
C_pool10_tiers10,575,63,200,OK,PENDING_PAYMENT,1023.062
C_pool10_tiers10,501,53,200,OK,PENDING_PAYMENT,1579.567
C_pool10_tiers10,503,55,200,OK,PENDING_PAYMENT,1562.120
C_pool10_tiers10,474,26,200,OK,PENDING_PAYMENT,1770.049
C_pool10_tiers10,601,25,200,OK,PENDING_PAYMENT,915.788
C_pool10_tiers10,510,62,200,OK,PENDING_PAYMENT,1511.251
C_pool10_tiers10,554,42,200,OK,PENDING_PAYMENT,1155.827
C_pool10_tiers10,582,6,200,OK,PENDING_PAYMENT,1036.645
C_pool10_tiers10,559,47,200,OK,PENDING_PAYMENT,1144.855
C_pool10_tiers10,423,39,200,OK,PENDING_PAYMENT,2073.026
C_pool10_tiers10,483,35,200,OK,PENDING_PAYMENT,1771.938
C_pool10_tiers10,517,5,200,OK,PENDING_PAYMENT,1463.376
C_pool10_tiers10,515,3,200,OK,PENDING_PAYMENT,1471.681
C_pool10_tiers10,465,17,200,OK,PENDING_PAYMENT,1912.965
C_pool10_tiers10,551,39,200,OK,PENDING_PAYMENT,1295.705
C_pool10_tiers10,417,33,200,OK,PENDING_PAYMENT,2270.059
C_pool10_tiers10,484,36,200,OK,PENDING_PAYMENT,1918.685
C_pool10_tiers10,366,46,200,OK,PENDING_PAYMENT,2436.976
C_pool10_tiers10,528,16,200,OK,PENDING_PAYMENT,1481.003
C_pool10_tiers10,442,58,200,OK,PENDING_PAYMENT,2179.551
C_pool10_tiers10,459,11,200,OK,PENDING_PAYMENT,2065.747
C_pool10_tiers10,555,43,200,OK,PENDING_PAYMENT,1339.058
C_pool10_tiers10,508,60,200,OK,PENDING_PAYMENT,1718.681
C_pool10_tiers10,424,40,200,OK,PENDING_PAYMENT,2262.169
C_pool10_tiers10,558,46,200,OK,PENDING_PAYMENT,1334.656
C_pool10_tiers10,626,50,200,OK,PENDING_PAYMENT,973.007
C_pool10_tiers10,505,57,200,OK,PENDING_PAYMENT,1767.106
C_pool10_tiers10,539,27,200,OK,PENDING_PAYMENT,1469.232
C_pool10_tiers10,584,8,200,OK,PENDING_PAYMENT,1245.188
C_pool10_tiers10,445,61,200,OK,PENDING_PAYMENT,2185.352
C_pool10_tiers10,466,18,200,OK,PENDING_PAYMENT,2067.029
C_pool10_tiers10,490,42,200,OK,PENDING_PAYMENT,1946.520
C_pool10_tiers10,536,24,200,OK,PENDING_PAYMENT,1510.489
C_pool10_tiers10,511,63,200,OK,PENDING_PAYMENT,1705.460
C_pool10_tiers10,545,33,200,OK,PENDING_PAYMENT,1443.961
C_pool10_tiers10,523,11,200,OK,PENDING_PAYMENT,1632.186
C_pool10_tiers10,492,44,200,OK,PENDING_PAYMENT,1961.273
C_pool10_tiers10,595,19,200,OK,PENDING_PAYMENT,1237.156
C_pool10_tiers10,391,7,200,OK,PENDING_PAYMENT,2445.477
C_pool10_tiers10,525,13,200,OK,PENDING_PAYMENT,1618.188
C_pool10_tiers10,574,62,200,OK,PENDING_PAYMENT,1332.946
C_pool10_tiers10,532,20,200,OK,PENDING_PAYMENT,1582.315
C_pool10_tiers10,477,29,200,OK,PENDING_PAYMENT,2071.853
C_pool10_tiers10,621,45,200,OK,PENDING_PAYMENT,1082.110
C_pool10_tiers10,573,61,200,OK,PENDING_PAYMENT,1353.035
C_pool10_tiers10,499,51,200,OK,PENDING_PAYMENT,1921.061
C_pool10_tiers10,598,22,200,OK,PENDING_PAYMENT,1243.597
C_pool10_tiers10,580,4,200,OK,PENDING_PAYMENT,1340.331
C_pool10_tiers10,530,18,200,OK,PENDING_PAYMENT,1591.210
C_pool10_tiers10,500,52,200,OK,PENDING_PAYMENT,1922.722
C_pool10_tiers10,475,27,200,OK,PENDING_PAYMENT,2107.287
C_pool10_tiers10,527,15,200,OK,PENDING_PAYMENT,1639.219
C_pool10_tiers10,481,33,200,OK,PENDING_PAYMENT,2086.222
C_pool10_tiers10,509,61,200,OK,PENDING_PAYMENT,1848.759
C_pool10_tiers10,566,54,200,OK,PENDING_PAYMENT,1420.797
C_pool10_tiers10,579,3,200,OK,PENDING_PAYMENT,1376.060
C_pool10_tiers10,586,10,200,OK,PENDING_PAYMENT,1360.178
C_pool10_tiers10,607,31,200,OK,PENDING_PAYMENT,1228.623
C_pool10_tiers10,633,57,200,OK,PENDING_PAYMENT,1068.689
C_pool10_tiers10,377,57,200,OK,PENDING_PAYMENT,2585.650
C_pool10_tiers10,612,36,200,OK,PENDING_PAYMENT,1202.545
C_pool10_tiers10,562,50,200,OK,PENDING_PAYMENT,1476.719
C_pool10_tiers10,540,28,200,OK,PENDING_PAYMENT,1621.197
C_pool10_tiers10,444,60,200,OK,PENDING_PAYMENT,2360.483
C_pool10_tiers10,488,40,200,OK,PENDING_PAYMENT,2113.698
C_pool10_tiers10,489,41,200,OK,PENDING_PAYMENT,2106.014
C_pool10_tiers10,426,42,200,OK,PENDING_PAYMENT,2465.094
C_pool10_tiers10,512,0,200,OK,PENDING_PAYMENT,1848.584
C_pool10_tiers10,571,59,200,OK,PENDING_PAYMENT,1462.389
C_pool10_tiers10,569,57,200,OK,PENDING_PAYMENT,1472.441
C_pool10_tiers10,514,2,200,OK,PENDING_PAYMENT,1830.109
C_pool10_tiers10,496,48,200,OK,PENDING_PAYMENT,2074.120
C_pool10_tiers10,596,20,200,OK,PENDING_PAYMENT,1384.184
C_pool10_tiers10,593,17,200,OK,PENDING_PAYMENT,1413.533
C_pool10_tiers10,600,24,200,OK,PENDING_PAYMENT,1377.683
C_pool10_tiers10,605,29,200,OK,PENDING_PAYMENT,1355.669
C_pool10_tiers10,597,21,200,OK,PENDING_PAYMENT,1397.001
C_pool10_tiers10,440,56,200,OK,PENDING_PAYMENT,2459.238
C_pool10_tiers10,529,17,200,OK,PENDING_PAYMENT,1772.770
C_pool10_tiers10,479,31,200,OK,PENDING_PAYMENT,2242.847
C_pool10_tiers10,603,27,200,OK,PENDING_PAYMENT,1382.793
C_pool10_tiers10,480,32,200,OK,PENDING_PAYMENT,2240.253
C_pool10_tiers10,538,26,200,OK,PENDING_PAYMENT,1763.224
C_pool10_tiers10,556,44,200,OK,PENDING_PAYMENT,1653.435
C_pool10_tiers10,373,53,200,OK,PENDING_PAYMENT,2738.002
C_pool10_tiers10,664,24,200,OK,PENDING_PAYMENT,1042.143
C_pool10_tiers10,560,48,200,OK,PENDING_PAYMENT,1628.347
C_pool10_tiers10,513,1,200,OK,PENDING_PAYMENT,1967.420
C_pool10_tiers10,610,34,200,OK,PENDING_PAYMENT,1368.078
C_pool10_tiers10,564,52,200,OK,PENDING_PAYMENT,1632.702
C_pool10_tiers10,563,51,200,OK,PENDING_PAYMENT,1638.886
C_pool10_tiers10,583,7,200,OK,PENDING_PAYMENT,1551.571
C_pool10_tiers10,587,11,200,OK,PENDING_PAYMENT,1549.498
C_pool10_tiers10,608,32,200,OK,PENDING_PAYMENT,1387.651
C_pool10_tiers10,537,25,200,OK,PENDING_PAYMENT,1796.836
C_pool10_tiers10,468,20,200,OK,PENDING_PAYMENT,2375.767
C_pool10_tiers10,487,39,200,OK,PENDING_PAYMENT,2273.873
C_pool10_tiers10,453,5,200,OK,PENDING_PAYMENT,2475.547
C_pool10_tiers10,572,60,200,OK,PENDING_PAYMENT,1614.664
C_pool10_tiers10,542,30,200,OK,PENDING_PAYMENT,1786.524
C_pool10_tiers10,675,35,200,OK,PENDING_PAYMENT,1043.138
C_pool10_tiers10,404,20,200,OK,PENDING_PAYMENT,2716.647
C_pool10_tiers10,599,23,200,OK,PENDING_PAYMENT,1529.085
C_pool10_tiers10,594,18,200,OK,PENDING_PAYMENT,1589.494
C_pool10_tiers10,622,46,200,OK,PENDING_PAYMENT,1398.320
C_pool10_tiers10,533,21,200,OK,PENDING_PAYMENT,1927.513
C_pool10_tiers10,627,51,200,OK,PENDING_PAYMENT,1428.842
C_pool10_tiers10,689,49,200,OK,PENDING_PAYMENT,1041.439
C_pool10_tiers10,631,55,200,OK,PENDING_PAYMENT,1420.889
C_pool10_tiers10,355,35,200,OK,PENDING_PAYMENT,3045.361
C_pool10_tiers10,467,19,200,OK,PENDING_PAYMENT,2532.814
C_pool10_tiers10,561,49,200,OK,PENDING_PAYMENT,1843.990
C_pool10_tiers10,673,33,200,OK,PENDING_PAYMENT,1170.782
C_pool10_tiers10,570,58,200,OK,PENDING_PAYMENT,1784.404
C_pool10_tiers10,618,42,200,OK,PENDING_PAYMENT,1545.772
C_pool10_tiers10,680,40,200,OK,PENDING_PAYMENT,1170.630
C_pool10_tiers10,661,21,200,OK,PENDING_PAYMENT,1309.567
C_pool10_tiers10,518,6,200,OK,PENDING_PAYMENT,2159.324
C_pool10_tiers10,519,7,200,OK,PENDING_PAYMENT,2146.765
C_pool10_tiers10,435,51,200,OK,PENDING_PAYMENT,2798.175
C_pool10_tiers10,615,39,200,OK,PENDING_PAYMENT,1585.079
C_pool10_tiers10,552,40,200,OK,PENDING_PAYMENT,1929.551
C_pool10_tiers10,381,61,200,OK,PENDING_PAYMENT,2997.914
C_pool10_tiers10,623,47,200,OK,PENDING_PAYMENT,1563.606
C_pool10_tiers10,685,45,200,OK,PENDING_PAYMENT,1154.472
C_pool10_tiers10,653,13,200,OK,PENDING_PAYMENT,1416.649
C_pool10_tiers10,712,8,200,OK,PENDING_PAYMENT,1018.755
C_pool10_tiers10,654,14,200,OK,PENDING_PAYMENT,1427.613
C_pool10_tiers10,656,16,200,OK,PENDING_PAYMENT,1427.476
C_pool10_tiers10,649,9,200,OK,PENDING_PAYMENT,1427.787
C_pool10_tiers10,628,52,200,OK,PENDING_PAYMENT,1580.211
C_pool10_tiers10,541,29,200,OK,PENDING_PAYMENT,2048.084
C_pool10_tiers10,655,15,200,OK,PENDING_PAYMENT,1468.247
C_pool10_tiers10,520,8,200,OK,PENDING_PAYMENT,2241.450
C_pool10_tiers10,548,36,200,OK,PENDING_PAYMENT,2060.563
C_pool10_tiers10,611,35,200,OK,PENDING_PAYMENT,1706.843
C_pool10_tiers10,616,40,200,OK,PENDING_PAYMENT,1681.094
C_pool10_tiers10,749,45,200,OK,PENDING_PAYMENT,709.873
C_pool10_tiers10,642,2,200,OK,PENDING_PAYMENT,1552.578
C_pool10_tiers10,676,36,200,OK,PENDING_PAYMENT,1313.760
C_pool10_tiers10,700,60,200,OK,PENDING_PAYMENT,1185.384
C_pool10_tiers10,684,44,200,OK,PENDING_PAYMENT,1313.281
C_pool10_tiers10,699,59,200,OK,PENDING_PAYMENT,1191.857
C_pool10_tiers10,745,41,200,OK,PENDING_PAYMENT,867.326
C_pool10_tiers10,687,47,200,OK,PENDING_PAYMENT,1342.146
C_pool10_tiers10,581,5,200,OK,PENDING_PAYMENT,2008.736
C_pool10_tiers10,634,58,200,OK,PENDING_PAYMENT,1692.935
C_pool10_tiers10,648,8,200,OK,PENDING_PAYMENT,1625.759
C_pool10_tiers10,630,54,200,OK,PENDING_PAYMENT,1725.291
C_pool10_tiers10,609,33,200,OK,PENDING_PAYMENT,1832.477
C_pool10_tiers10,589,13,200,OK,PENDING_PAYMENT,1995.914
C_pool10_tiers10,660,20,200,OK,PENDING_PAYMENT,1617.680
C_pool10_tiers10,670,30,200,OK,PENDING_PAYMENT,1533.879
C_pool10_tiers10,716,12,200,OK,PENDING_PAYMENT,1206.336
C_pool10_tiers10,588,12,200,OK,PENDING_PAYMENT,2038.004
C_pool10_tiers10,678,38,200,OK,PENDING_PAYMENT,1449.011
C_pool10_tiers10,568,56,200,OK,PENDING_PAYMENT,2100.697
C_pool10_tiers10,641,1,200,OK,PENDING_PAYMENT,1705.517
C_pool10_tiers10,590,14,200,OK,PENDING_PAYMENT,2037.932
C_pool10_tiers10,658,18,200,OK,PENDING_PAYMENT,1637.428
C_pool10_tiers10,663,23,200,OK,PENDING_PAYMENT,1591.129
C_pool10_tiers10,725,21,200,OK,PENDING_PAYMENT,1117.491
C_pool10_tiers10,617,41,200,OK,PENDING_PAYMENT,1867.147
C_pool10_tiers10,704,0,200,OK,PENDING_PAYMENT,1320.711
C_pool10_tiers10,544,32,200,OK,PENDING_PAYMENT,2269.850
C_pool10_tiers10,643,3,200,OK,PENDING_PAYMENT,1737.352
C_pool10_tiers10,683,43,200,OK,PENDING_PAYMENT,1476.050
C_pool10_tiers10,526,14,200,OK,PENDING_PAYMENT,2390.810
C_pool10_tiers10,456,8,200,OK,PENDING_PAYMENT,2977.120
C_pool10_tiers10,708,4,200,OK,PENDING_PAYMENT,1322.811
C_pool10_tiers10,624,48,200,OK,PENDING_PAYMENT,1870.366
C_pool10_tiers10,740,36,200,OK,PENDING_PAYMENT,1080.568
C_pool10_tiers10,578,2,200,OK,PENDING_PAYMENT,2136.173
C_pool10_tiers10,705,1,200,OK,PENDING_PAYMENT,1355.105
C_pool10_tiers10,713,9,200,OK,PENDING_PAYMENT,1316.821
C_pool10_tiers10,669,29,200,OK,PENDING_PAYMENT,1630.664
C_pool10_tiers10,646,6,200,OK,PENDING_PAYMENT,1770.941
C_pool10_tiers10,717,13,200,OK,PENDING_PAYMENT,1280.018
C_pool10_tiers10,591,15,200,OK,PENDING_PAYMENT,2133.991
C_pool10_tiers10,636,60,200,OK,PENDING_PAYMENT,1832.730
C_pool10_tiers10,696,56,200,OK,PENDING_PAYMENT,1436.877
C_pool10_tiers10,695,55,200,OK,PENDING_PAYMENT,1449.816
C_pool10_tiers10,677,37,200,OK,PENDING_PAYMENT,1585.591
C_pool10_tiers10,619,43,200,OK,PENDING_PAYMENT,1965.320
C_pool10_tiers10,756,52,200,OK,PENDING_PAYMENT,969.460
C_pool10_tiers10,662,22,200,OK,PENDING_PAYMENT,1752.338
C_pool10_tiers10,731,27,200,OK,PENDING_PAYMENT,1229.918
C_pool10_tiers10,576,0,200,OK,PENDING_PAYMENT,2242.106
C_pool10_tiers10,734,30,200,OK,PENDING_PAYMENT,1210.934
C_pool10_tiers10,602,26,200,OK,PENDING_PAYMENT,2118.279
C_pool10_tiers10,502,54,200,OK,PENDING_PAYMENT,2809.456
C_pool10_tiers10,651,11,200,OK,PENDING_PAYMENT,1843.759
C_pool10_tiers10,688,48,200,OK,PENDING_PAYMENT,1579.563
C_pool10_tiers10,741,37,200,OK,PENDING_PAYMENT,1235.109
C_pool10_tiers10,710,6,200,OK,PENDING_PAYMENT,1458.569
C_pool10_tiers10,746,42,200,OK,PENDING_PAYMENT,1132.195
C_pool10_tiers10,707,3,200,OK,PENDING_PAYMENT,1516.044
C_pool10_tiers10,743,39,200,OK,PENDING_PAYMENT,1214.959
C_pool10_tiers10,650,10,200,OK,PENDING_PAYMENT,1888.200
C_pool10_tiers10,635,59,200,OK,PENDING_PAYMENT,1972.305
C_pool10_tiers10,718,14,200,OK,PENDING_PAYMENT,1426.365
C_pool10_tiers10,585,9,200,OK,PENDING_PAYMENT,2293.155
C_pool10_tiers10,659,19,200,OK,PENDING_PAYMENT,1871.579
C_pool10_tiers10,721,17,200,OK,PENDING_PAYMENT,1406.192
C_pool10_tiers10,720,16,200,OK,PENDING_PAYMENT,1433.054
C_pool10_tiers10,657,17,200,OK,PENDING_PAYMENT,1903.825
C_pool10_tiers10,793,25,200,OK,PENDING_PAYMENT,925.152
C_pool10_tiers10,693,53,200,OK,PENDING_PAYMENT,1603.558
C_pool10_tiers10,698,58,200,OK,PENDING_PAYMENT,1588.387
C_pool10_tiers10,692,52,200,OK,PENDING_PAYMENT,1629.913
C_pool10_tiers10,748,44,200,OK,PENDING_PAYMENT,1131.137
C_pool10_tiers10,637,61,200,OK,PENDING_PAYMENT,1987.435
C_pool10_tiers10,625,49,200,OK,PENDING_PAYMENT,2100.862
C_pool10_tiers10,706,2,200,OK,PENDING_PAYMENT,1577.058
C_pool10_tiers10,761,57,200,OK,PENDING_PAYMENT,1105.921
C_pool10_tiers10,737,33,200,OK,PENDING_PAYMENT,1336.505
C_pool10_tiers10,671,31,200,OK,PENDING_PAYMENT,1830.984
C_pool10_tiers10,531,19,200,OK,PENDING_PAYMENT,2626.977
C_pool10_tiers10,686,46,200,OK,PENDING_PAYMENT,1710.609
C_pool10_tiers10,620,44,200,OK,PENDING_PAYMENT,2148.543
C_pool10_tiers10,666,26,200,OK,PENDING_PAYMENT,1914.164
C_pool10_tiers10,778,10,200,OK,PENDING_PAYMENT,1094.413
C_pool10_tiers10,629,53,200,OK,PENDING_PAYMENT,2156.784
C_pool10_tiers10,753,49,200,OK,PENDING_PAYMENT,1239.385
C_pool10_tiers10,567,55,200,OK,PENDING_PAYMENT,2493.342
C_pool10_tiers10,694,54,200,OK,PENDING_PAYMENT,1764.982
C_pool10_tiers10,791,23,200,OK,PENDING_PAYMENT,1118.954
C_pool10_tiers10,645,5,200,OK,PENDING_PAYMENT,2167.976
C_pool10_tiers10,639,63,200,OK,PENDING_PAYMENT,2170.942
C_pool10_tiers10,702,62,200,OK,PENDING_PAYMENT,1771.503
C_pool10_tiers10,798,30,200,OK,PENDING_PAYMENT,1098.227
C_pool10_tiers10,730,26,200,OK,PENDING_PAYMENT,1612.864
C_pool10_tiers10,762,58,200,OK,PENDING_PAYMENT,1326.555
C_pool10_tiers10,727,23,200,OK,PENDING_PAYMENT,1629.116
C_pool10_tiers10,550,38,200,OK,PENDING_PAYMENT,2745.789
C_pool10_tiers10,644,4,200,OK,PENDING_PAYMENT,2227.273
C_pool10_tiers10,772,4,200,OK,PENDING_PAYMENT,1304.631
C_pool10_tiers10,739,35,200,OK,PENDING_PAYMENT,1570.749
C_pool10_tiers10,667,27,200,OK,PENDING_PAYMENT,2109.961
C_pool10_tiers10,808,40,200,OK,PENDING_PAYMENT,1131.538
C_pool10_tiers10,742,38,200,OK,PENDING_PAYMENT,1553.109
C_pool10_tiers10,801,33,200,OK,PENDING_PAYMENT,1177.479
C_pool10_tiers10,787,19,200,OK,PENDING_PAYMENT,1243.497
C_pool10_tiers10,647,7,200,OK,PENDING_PAYMENT,2248.028
C_pool10_tiers10,723,19,200,OK,PENDING_PAYMENT,1702.903
C_pool10_tiers10,831,63,200,OK,PENDING_PAYMENT,1010.946
C_pool10_tiers10,818,50,200,OK,PENDING_PAYMENT,1101.895
C_pool10_tiers10,672,32,200,OK,PENDING_PAYMENT,2106.995
C_pool10_tiers10,613,37,200,OK,PENDING_PAYMENT,2451.645
C_pool10_tiers10,719,15,200,OK,PENDING_PAYMENT,1773.093
C_pool10_tiers10,751,47,200,OK,PENDING_PAYMENT,1440.176
C_pool10_tiers10,614,38,200,OK,PENDING_PAYMENT,2445.155
C_pool10_tiers10,722,18,200,OK,PENDING_PAYMENT,1722.260
C_pool10_tiers10,779,11,200,OK,PENDING_PAYMENT,1315.559
C_pool10_tiers10,800,32,200,OK,PENDING_PAYMENT,1215.859
C_pool10_tiers10,665,25,200,OK,PENDING_PAYMENT,2177.047
C_pool10_tiers10,679,39,200,OK,PENDING_PAYMENT,2077.073
C_pool10_tiers10,547,35,200,OK,PENDING_PAYMENT,2863.754
C_pool10_tiers10,701,61,200,OK,PENDING_PAYMENT,1934.738
C_pool10_tiers10,760,56,200,OK,PENDING_PAYMENT,1442.106
C_pool10_tiers10,733,29,200,OK,PENDING_PAYMENT,1691.853
C_pool10_tiers10,820,52,200,OK,PENDING_PAYMENT,1142.372
C_pool10_tiers10,764,60,200,OK,PENDING_PAYMENT,1420.974
C_pool10_tiers10,769,1,200,OK,PENDING_PAYMENT,1421.116
C_pool10_tiers10,786,18,200,OK,PENDING_PAYMENT,1351.948
C_pool10_tiers10,577,1,200,OK,PENDING_PAYMENT,2732.131
C_pool10_tiers10,812,44,200,OK,PENDING_PAYMENT,1218.264
C_pool10_tiers10,810,42,200,OK,PENDING_PAYMENT,1240.330
C_pool10_tiers10,715,11,200,OK,PENDING_PAYMENT,1902.943
C_pool10_tiers10,776,8,200,OK,PENDING_PAYMENT,1411.600
C_pool10_tiers10,752,48,200,OK,PENDING_PAYMENT,1534.571
C_pool10_tiers10,709,5,200,OK,PENDING_PAYMENT,1952.908
C_pool10_tiers10,714,10,200,OK,PENDING_PAYMENT,1920.742
C_pool10_tiers10,652,12,200,OK,PENDING_PAYMENT,2358.878
C_pool10_tiers10,674,34,200,OK,PENDING_PAYMENT,2198.020
C_pool10_tiers10,781,13,200,OK,PENDING_PAYMENT,1426.078
C_pool10_tiers10,757,53,200,OK,PENDING_PAYMENT,1542.543
C_pool10_tiers10,754,50,200,OK,PENDING_PAYMENT,1542.815
C_pool10_tiers10,804,36,200,OK,PENDING_PAYMENT,1322.653
C_pool10_tiers10,640,0,200,OK,PENDING_PAYMENT,2428.506
C_pool10_tiers10,806,38,200,OK,PENDING_PAYMENT,1326.475
C_pool10_tiers10,850,18,200,OK,PENDING_PAYMENT,1037.212
C_pool10_tiers10,758,54,200,OK,PENDING_PAYMENT,1594.769
C_pool10_tiers10,827,59,200,OK,PENDING_PAYMENT,1253.612
C_pool10_tiers10,874,42,200,OK,PENDING_PAYMENT,884.089
C_pool10_tiers10,606,30,200,OK,PENDING_PAYMENT,2717.404
C_pool10_tiers10,744,40,200,OK,PENDING_PAYMENT,1750.315
C_pool10_tiers10,835,3,200,OK,PENDING_PAYMENT,1218.400
C_pool10_tiers10,592,16,200,OK,PENDING_PAYMENT,2807.977
C_pool10_tiers10,632,56,200,OK,PENDING_PAYMENT,2551.912
C_pool10_tiers10,789,21,200,OK,PENDING_PAYMENT,1506.922
C_pool10_tiers10,883,51,200,OK,PENDING_PAYMENT,825.704
C_pool10_tiers10,836,4,200,OK,PENDING_PAYMENT,1233.209
C_pool10_tiers10,795,27,200,OK,PENDING_PAYMENT,1469.604
C_pool10_tiers10,796,28,200,OK,PENDING_PAYMENT,1450.856
C_pool10_tiers10,841,9,200,OK,PENDING_PAYMENT,1152.302
C_pool10_tiers10,792,24,200,OK,PENDING_PAYMENT,1488.425
C_pool10_tiers10,728,24,200,OK,PENDING_PAYMENT,1943.273
C_pool10_tiers10,638,62,200,OK,PENDING_PAYMENT,2563.460
C_pool10_tiers10,755,51,200,OK,PENDING_PAYMENT,1688.138
C_pool10_tiers10,821,53,200,OK,PENDING_PAYMENT,1364.852
C_pool10_tiers10,868,36,200,OK,PENDING_PAYMENT,1042.433
C_pool10_tiers10,724,20,200,OK,PENDING_PAYMENT,2009.516
C_pool10_tiers10,682,42,200,OK,PENDING_PAYMENT,2310.565
C_pool10_tiers10,890,58,200,OK,PENDING_PAYMENT,867.681
C_pool10_tiers10,726,22,200,OK,PENDING_PAYMENT,1975.678
C_pool10_tiers10,807,39,200,OK,PENDING_PAYMENT,1458.387
C_pool10_tiers10,783,15,200,OK,PENDING_PAYMENT,1577.132
C_pool10_tiers10,826,58,200,OK,PENDING_PAYMENT,1376.279
C_pool10_tiers10,703,63,200,OK,PENDING_PAYMENT,2179.731
C_pool10_tiers10,767,63,200,OK,PENDING_PAYMENT,1661.520
C_pool10_tiers10,879,47,200,OK,PENDING_PAYMENT,958.707
C_pool10_tiers10,768,0,200,OK,PENDING_PAYMENT,1670.905
C_pool10_tiers10,766,62,200,OK,PENDING_PAYMENT,1686.440
C_pool10_tiers10,811,43,200,OK,PENDING_PAYMENT,1466.518
C_pool10_tiers10,873,41,200,OK,PENDING_PAYMENT,1018.872
C_pool10_tiers10,834,2,200,OK,PENDING_PAYMENT,1366.995
C_pool10_tiers10,738,34,200,OK,PENDING_PAYMENT,1962.221
C_pool10_tiers10,773,5,200,OK,PENDING_PAYMENT,1658.971
C_pool10_tiers10,604,28,200,OK,PENDING_PAYMENT,2864.186
C_pool10_tiers10,833,1,200,OK,PENDING_PAYMENT,1369.486
C_pool10_tiers10,859,27,200,OK,PENDING_PAYMENT,1160.540
C_pool10_tiers10,691,51,200,OK,PENDING_PAYMENT,2312.914
C_pool10_tiers10,711,7,200,OK,PENDING_PAYMENT,2179.527
C_pool10_tiers10,775,7,200,OK,PENDING_PAYMENT,1687.678
C_pool10_tiers10,865,33,200,OK,PENDING_PAYMENT,1164.765
C_pool10_tiers10,864,32,200,OK,PENDING_PAYMENT,1171.125
C_pool10_tiers10,681,41,200,OK,PENDING_PAYMENT,2425.396
C_pool10_tiers10,732,28,200,OK,PENDING_PAYMENT,2054.061
C_pool10_tiers10,805,37,200,OK,PENDING_PAYMENT,1584.443
C_pool10_tiers10,765,61,200,OK,PENDING_PAYMENT,1795.979
C_pool10_tiers10,819,51,200,OK,PENDING_PAYMENT,1518.400
C_pool10_tiers10,784,16,200,OK,PENDING_PAYMENT,1711.298
C_pool10_tiers10,814,46,200,OK,PENDING_PAYMENT,1560.451
C_pool10_tiers10,871,39,200,OK,PENDING_PAYMENT,1172.499
C_pool10_tiers10,803,35,200,OK,PENDING_PAYMENT,1633.587
C_pool10_tiers10,857,25,200,OK,PENDING_PAYMENT,1280.560
C_pool10_tiers10,809,41,200,OK,PENDING_PAYMENT,1627.046
C_pool10_tiers10,855,23,200,OK,PENDING_PAYMENT,1292.684
C_pool10_tiers10,774,6,200,OK,PENDING_PAYMENT,1797.880
C_pool10_tiers10,884,52,200,OK,PENDING_PAYMENT,1073.625
C_pool10_tiers10,788,20,200,OK,PENDING_PAYMENT,1755.082
C_pool10_tiers10,777,9,200,OK,PENDING_PAYMENT,1818.192
C_pool10_tiers10,690,50,200,OK,PENDING_PAYMENT,2462.491
C_pool10_tiers10,905,9,200,OK,PENDING_PAYMENT,1028.223
C_pool10_tiers10,816,48,200,OK,PENDING_PAYMENT,1638.282
C_pool10_tiers10,839,7,200,OK,PENDING_PAYMENT,1447.075
C_pool10_tiers10,840,8,200,OK,PENDING_PAYMENT,1454.972
C_pool10_tiers10,825,57,200,OK,PENDING_PAYMENT,1618.967
C_pool10_tiers10,910,14,200,OK,PENDING_PAYMENT,1016.060
C_pool10_tiers10,797,29,200,OK,PENDING_PAYMENT,1746.308
C_pool10_tiers10,866,34,200,OK,PENDING_PAYMENT,1297.553
C_pool10_tiers10,763,59,200,OK,PENDING_PAYMENT,1915.096
C_pool10_tiers10,735,31,200,OK,PENDING_PAYMENT,2167.424
C_pool10_tiers10,802,34,200,OK,PENDING_PAYMENT,1763.018
C_pool10_tiers10,823,55,200,OK,PENDING_PAYMENT,1640.271
C_pool10_tiers10,844,12,200,OK,PENDING_PAYMENT,1454.446
C_pool10_tiers10,729,25,200,OK,PENDING_PAYMENT,2221.778
C_pool10_tiers10,848,16,200,OK,PENDING_PAYMENT,1426.270
C_pool10_tiers10,782,14,200,OK,PENDING_PAYMENT,1840.089
C_pool10_tiers10,817,49,200,OK,PENDING_PAYMENT,1681.527
C_pool10_tiers10,941,45,200,OK,PENDING_PAYMENT,874.677
C_pool10_tiers10,785,17,200,OK,PENDING_PAYMENT,1856.301
C_pool10_tiers10,898,2,200,OK,PENDING_PAYMENT,1115.070
C_pool10_tiers10,770,2,200,OK,PENDING_PAYMENT,1933.728
C_pool10_tiers10,829,61,200,OK,PENDING_PAYMENT,1640.317
C_pool10_tiers10,861,29,200,OK,PENDING_PAYMENT,1389.987
C_pool10_tiers10,880,48,200,OK,PENDING_PAYMENT,1224.560
C_pool10_tiers10,832,0,200,OK,PENDING_PAYMENT,1609.918
C_pool10_tiers10,854,22,200,OK,PENDING_PAYMENT,1416.848
C_pool10_tiers10,813,45,200,OK,PENDING_PAYMENT,1737.851
C_pool10_tiers10,828,60,200,OK,PENDING_PAYMENT,1650.010
C_pool10_tiers10,747,43,200,OK,PENDING_PAYMENT,2030.748
C_pool10_tiers10,860,28,200,OK,PENDING_PAYMENT,1417.811
C_pool10_tiers10,790,22,200,OK,PENDING_PAYMENT,1876.847
C_pool10_tiers10,794,26,200,OK,PENDING_PAYMENT,1848.558
C_pool10_tiers10,750,46,200,OK,PENDING_PAYMENT,2049.943
C_pool10_tiers10,838,6,200,OK,PENDING_PAYMENT,1561.149
C_pool10_tiers10,843,11,200,OK,PENDING_PAYMENT,1527.897
C_pool10_tiers10,886,54,200,OK,PENDING_PAYMENT,1220.665
C_pool10_tiers10,894,62,200,OK,PENDING_PAYMENT,1200.388
C_pool10_tiers10,863,31,200,OK,PENDING_PAYMENT,1425.709
C_pool10_tiers10,913,17,200,OK,PENDING_PAYMENT,1122.357
C_pool10_tiers10,846,14,200,OK,PENDING_PAYMENT,1528.861
C_pool10_tiers10,891,59,200,OK,PENDING_PAYMENT,1231.884
C_pool10_tiers10,697,57,200,OK,PENDING_PAYMENT,2563.166
C_pool10_tiers10,736,32,200,OK,PENDING_PAYMENT,2285.921
C_pool10_tiers10,557,45,200,OK,PENDING_PAYMENT,3427.714
C_pool10_tiers10,919,23,200,OK,PENDING_PAYMENT,1105.213
C_pool10_tiers10,999,39,200,OK,PENDING_PAYMENT,584.128
C_pool10_tiers10,927,31,200,OK,PENDING_PAYMENT,1044.752
C_pool10_tiers10,877,45,200,OK,PENDING_PAYMENT,1319.487
C_pool10_tiers10,878,46,200,OK,PENDING_PAYMENT,1319.376
C_pool10_tiers10,862,30,200,OK,PENDING_PAYMENT,1471.405
C_pool10_tiers10,882,50,200,OK,PENDING_PAYMENT,1304.155
C_pool10_tiers10,858,26,200,OK,PENDING_PAYMENT,1493.203
C_pool10_tiers10,889,57,200,OK,PENDING_PAYMENT,1291.205
C_pool10_tiers10,940,44,200,OK,PENDING_PAYMENT,1034.102
C_pool10_tiers10,847,15,200,OK,PENDING_PAYMENT,1592.494
C_pool10_tiers10,822,54,200,OK,PENDING_PAYMENT,1805.905
C_pool10_tiers10,668,28,200,OK,PENDING_PAYMENT,2884.539
C_pool10_tiers10,759,55,200,OK,PENDING_PAYMENT,2153.243
C_pool10_tiers10,921,25,200,OK,PENDING_PAYMENT,1157.231
C_pool10_tiers10,771,3,200,OK,PENDING_PAYMENT,2102.447
C_pool10_tiers10,917,21,200,OK,PENDING_PAYMENT,1193.011
C_pool10_tiers10,900,4,200,OK,PENDING_PAYMENT,1307.712
C_pool10_tiers10,875,43,200,OK,PENDING_PAYMENT,1435.674
C_pool10_tiers10,896,0,200,OK,PENDING_PAYMENT,1311.873
C_pool10_tiers10,947,51,200,OK,PENDING_PAYMENT,1074.273
C_pool10_tiers10,881,49,200,OK,PENDING_PAYMENT,1428.335
C_pool10_tiers10,901,5,200,OK,PENDING_PAYMENT,1356.626
C_pool10_tiers10,934,38,200,OK,PENDING_PAYMENT,1160.184
C_pool10_tiers10,895,63,200,OK,PENDING_PAYMENT,1445.563
C_pool10_tiers10,911,15,200,OK,PENDING_PAYMENT,1373.071
C_pool10_tiers10,892,60,200,OK,PENDING_PAYMENT,1471.109
C_pool10_tiers10,867,35,200,OK,PENDING_PAYMENT,1646.086
C_pool10_tiers10,849,17,200,OK,PENDING_PAYMENT,1749.360
C_pool10_tiers10,912,16,200,OK,PENDING_PAYMENT,1369.616
C_pool10_tiers10,994,34,200,OK,PENDING_PAYMENT,868.935
C_pool10_tiers10,962,2,200,OK,PENDING_PAYMENT,1032.360
C_pool10_tiers10,985,25,200,OK,PENDING_PAYMENT,915.024
C_pool10_tiers10,899,3,200,OK,PENDING_PAYMENT,1463.274
C_pool10_tiers10,830,62,200,OK,PENDING_PAYMENT,1981.550
C_pool10_tiers10,837,5,200,OK,PENDING_PAYMENT,1897.149
C_pool10_tiers10,948,52,200,OK,PENDING_PAYMENT,1208.748
C_pool10_tiers10,933,37,200,OK,PENDING_PAYMENT,1293.384
C_pool10_tiers10,974,14,200,OK,PENDING_PAYMENT,982.133
C_pool10_tiers10,856,24,200,OK,PENDING_PAYMENT,1780.172
C_pool10_tiers10,938,42,200,OK,PENDING_PAYMENT,1272.232
C_pool10_tiers10,872,40,200,OK,PENDING_PAYMENT,1649.078
C_pool10_tiers10,799,31,200,OK,PENDING_PAYMENT,2161.871
C_pool10_tiers10,946,50,200,OK,PENDING_PAYMENT,1253.230
C_pool10_tiers10,824,56,200,OK,PENDING_PAYMENT,2065.083
C_pool10_tiers10,897,1,200,OK,PENDING_PAYMENT,1531.790
C_pool10_tiers10,922,26,200,OK,PENDING_PAYMENT,1390.764
C_pool10_tiers10,815,47,200,OK,PENDING_PAYMENT,2117.200
C_pool10_tiers10,950,54,200,OK,PENDING_PAYMENT,1273.652
C_pool10_tiers10,964,4,200,OK,PENDING_PAYMENT,1063.505
C_pool10_tiers10,935,39,200,OK,PENDING_PAYMENT,1353.151
C_pool10_tiers10,885,53,200,OK,PENDING_PAYMENT,1604.051
C_pool10_tiers10,973,13,200,OK,PENDING_PAYMENT,1042.911
C_pool10_tiers10,956,60,200,OK,PENDING_PAYMENT,1208.663
C_pool10_tiers10,852,20,200,OK,PENDING_PAYMENT,1858.437
C_pool10_tiers10,997,37,200,OK,PENDING_PAYMENT,942.196
C_pool10_tiers10,931,35,200,OK,PENDING_PAYMENT,1355.461
C_pool10_tiers10,845,13,200,OK,PENDING_PAYMENT,1898.644
C_pool10_tiers10,909,13,200,OK,PENDING_PAYMENT,1502.275
C_pool10_tiers10,929,33,200,OK,PENDING_PAYMENT,1373.141
C_pool10_tiers10,893,61,200,OK,PENDING_PAYMENT,1604.174
C_pool10_tiers10,915,19,200,OK,PENDING_PAYMENT,1471.667
C_pool10_tiers10,960,0,200,OK,PENDING_PAYMENT,1139.159
C_pool10_tiers10,851,19,200,OK,PENDING_PAYMENT,1879.300
C_pool10_tiers10,920,24,200,OK,PENDING_PAYMENT,1437.980
C_pool10_tiers10,906,10,200,OK,PENDING_PAYMENT,1535.617
C_pool10_tiers10,945,49,200,OK,PENDING_PAYMENT,1313.909
C_pool10_tiers10,986,26,200,OK,PENDING_PAYMENT,1037.064
C_pool10_tiers10,853,21,200,OK,PENDING_PAYMENT,1890.870
C_pool10_tiers10,926,30,200,OK,PENDING_PAYMENT,1409.984
C_pool10_tiers10,914,18,200,OK,PENDING_PAYMENT,1514.851
C_pool10_tiers10,916,20,200,OK,PENDING_PAYMENT,1502.297
C_pool10_tiers10,932,36,200,OK,PENDING_PAYMENT,1402.448
C_pool10_tiers10,957,61,200,OK,PENDING_PAYMENT,1217.901
C_pool10_tiers10,943,47,200,OK,PENDING_PAYMENT,1365.520
C_pool10_tiers10,953,57,200,OK,PENDING_PAYMENT,1280.212
C_pool10_tiers10,995,35,200,OK,PENDING_PAYMENT,990.045
C_pool10_tiers10,887,55,200,OK,PENDING_PAYMENT,1651.584
C_pool10_tiers10,998,38,200,OK,PENDING_PAYMENT,1000.624
C_pool10_tiers10,904,8,200,OK,PENDING_PAYMENT,1595.416
C_pool10_tiers10,951,55,200,OK,PENDING_PAYMENT,1334.116
C_pool10_tiers10,876,44,200,OK,PENDING_PAYMENT,1714.515
C_pool10_tiers10,958,62,200,OK,PENDING_PAYMENT,1219.376
C_pool10_tiers10,869,37,200,OK,PENDING_PAYMENT,1807.807
C_pool10_tiers10,975,15,200,OK,PENDING_PAYMENT,1099.341
C_pool10_tiers10,939,43,200,OK,PENDING_PAYMENT,1402.549
C_pool10_tiers10,971,11,200,OK,PENDING_PAYMENT,1118.934
C_pool10_tiers10,942,46,200,OK,PENDING_PAYMENT,1394.129
C_pool10_tiers10,842,10,200,OK,PENDING_PAYMENT,2000.035
C_pool10_tiers10,963,3,200,OK,PENDING_PAYMENT,1139.787
C_pool10_tiers10,907,11,200,OK,PENDING_PAYMENT,1584.471
C_pool10_tiers10,992,32,200,OK,PENDING_PAYMENT,1035.552
C_pool10_tiers10,955,59,200,OK,PENDING_PAYMENT,1284.995
C_pool10_tiers10,944,48,200,OK,PENDING_PAYMENT,1378.331
C_pool10_tiers10,967,7,200,OK,PENDING_PAYMENT,1139.483
C_pool10_tiers10,924,28,200,OK,PENDING_PAYMENT,1468.844
C_pool10_tiers10,996,36,200,OK,PENDING_PAYMENT,1018.975
C_pool10_tiers10,968,8,200,OK,PENDING_PAYMENT,1119.562
C_pool10_tiers10,966,6,200,OK,PENDING_PAYMENT,1141.526
C_pool10_tiers10,977,17,200,OK,PENDING_PAYMENT,1103.852
C_pool10_tiers10,903,7,200,OK,PENDING_PAYMENT,1625.445
C_pool10_tiers10,937,41,200,OK,PENDING_PAYMENT,1424.407
C_pool10_tiers10,961,1,200,OK,PENDING_PAYMENT,1214.662
C_pool10_tiers10,902,6,200,OK,PENDING_PAYMENT,1625.463
C_pool10_tiers10,780,12,200,OK,PENDING_PAYMENT,2411.969
C_pool10_tiers10,993,33,200,OK,PENDING_PAYMENT,1051.521
C_pool10_tiers10,984,24,200,OK,PENDING_PAYMENT,1099.645
C_pool10_tiers10,989,29,200,OK,PENDING_PAYMENT,1051.830
C_pool10_tiers10,980,20,200,OK,PENDING_PAYMENT,1100.964
C_pool10_tiers10,988,28,200,OK,PENDING_PAYMENT,1068.052
C_pool10_tiers10,976,16,200,OK,PENDING_PAYMENT,1119.338
C_pool10_tiers10,969,9,200,OK,PENDING_PAYMENT,1137.598
C_pool10_tiers10,888,56,200,OK,PENDING_PAYMENT,1703.331
C_pool10_tiers10,965,5,200,OK,PENDING_PAYMENT,1165.727
C_pool10_tiers10,979,19,200,OK,PENDING_PAYMENT,1111.307
C_pool10_tiers10,930,34,200,OK,PENDING_PAYMENT,1469.213
C_pool10_tiers10,870,38,200,OK,PENDING_PAYMENT,1852.140
C_pool10_tiers10,959,63,200,OK,PENDING_PAYMENT,1235.171
C_pool10_tiers10,925,29,200,OK,PENDING_PAYMENT,1491.304
C_pool10_tiers10,908,12,200,OK,PENDING_PAYMENT,1620.475
C_pool10_tiers10,928,32,200,OK,PENDING_PAYMENT,1469.370
C_pool10_tiers10,970,10,200,OK,PENDING_PAYMENT,1155.931
C_pool10_tiers10,954,58,200,OK,PENDING_PAYMENT,1333.624
C_pool10_tiers10,987,27,200,OK,PENDING_PAYMENT,1105.675
C_pool10_tiers10,923,27,200,OK,PENDING_PAYMENT,1520.277
C_pool10_tiers10,952,56,200,OK,PENDING_PAYMENT,1374.600
C_pool10_tiers10,978,18,200,OK,PENDING_PAYMENT,1144.598
C_pool10_tiers10,949,53,200,OK,PENDING_PAYMENT,1409.710
C_pool10_tiers10,983,23,200,OK,PENDING_PAYMENT,1134.040
C_pool10_tiers10,981,21,200,OK,PENDING_PAYMENT,1134.311
C_pool10_tiers10,982,22,200,OK,PENDING_PAYMENT,1134.246
C_pool10_tiers10,991,31,200,OK,PENDING_PAYMENT,1085.328
C_pool10_tiers10,918,22,200,OK,PENDING_PAYMENT,1569.856
C_pool10_tiers10,936,40,200,OK,PENDING_PAYMENT,1474.515
C_pool10_tiers10,972,12,200,OK,PENDING_PAYMENT,1185.136
C_pool10_tiers10,990,30,200,OK,PENDING_PAYMENT,1110.267
A2_pool10_hot1,0,0,200,OK,PENDING_PAYMENT,266.645
A2_pool10_hot1,58,58,200,OK,PENDING_PAYMENT,394.037
A2_pool10_hot1,24,24,200,OK,PENDING_PAYMENT,565.149
A2_pool10_hot1,75,11,200,OK,PENDING_PAYMENT,628.183
A2_pool10_hot1,26,26,200,OK,PENDING_PAYMENT,664.799
A2_pool10_hot1,43,43,200,OK,PENDING_PAYMENT,671.310
A2_pool10_hot1,35,35,200,OK,PENDING_PAYMENT,684.561
A2_pool10_hot1,157,29,200,OK,PENDING_PAYMENT,703.153
A2_pool10_hot1,63,63,200,OK,PENDING_PAYMENT,728.981
A2_pool10_hot1,37,37,200,OK,PENDING_PAYMENT,757.641
A2_pool10_hot1,186,58,200,OK,PENDING_PAYMENT,778.035
A2_pool10_hot1,15,15,200,OK,PENDING_PAYMENT,801.344
A2_pool10_hot1,11,11,200,OK,PENDING_PAYMENT,804.279
A2_pool10_hot1,76,12,200,OK,PENDING_PAYMENT,832.688
A2_pool10_hot1,117,53,200,OK,PENDING_PAYMENT,838.508
A2_pool10_hot1,38,38,200,OK,PENDING_PAYMENT,853.686
A2_pool10_hot1,19,19,200,OK,PENDING_PAYMENT,854.155
A2_pool10_hot1,91,27,200,OK,PENDING_PAYMENT,869.324
A2_pool10_hot1,55,55,200,OK,PENDING_PAYMENT,871.340
A2_pool10_hot1,17,17,200,OK,PENDING_PAYMENT,871.960
A2_pool10_hot1,185,57,200,OK,PENDING_PAYMENT,880.656
A2_pool10_hot1,87,23,200,OK,PENDING_PAYMENT,883.060
A2_pool10_hot1,36,36,200,OK,PENDING_PAYMENT,885.035
A2_pool10_hot1,25,25,200,OK,PENDING_PAYMENT,885.585
A2_pool10_hot1,13,13,200,OK,PENDING_PAYMENT,886.042
A2_pool10_hot1,21,21,200,OK,PENDING_PAYMENT,892.170
A2_pool10_hot1,6,6,200,OK,PENDING_PAYMENT,892.353
A2_pool10_hot1,196,4,200,OK,PENDING_PAYMENT,893.914
A2_pool10_hot1,20,20,200,OK,PENDING_PAYMENT,908.960
A2_pool10_hot1,60,60,200,OK,PENDING_PAYMENT,917.656
A2_pool10_hot1,16,16,200,OK,PENDING_PAYMENT,943.848
A2_pool10_hot1,132,4,200,OK,PENDING_PAYMENT,940.758
A2_pool10_hot1,14,14,200,OK,PENDING_PAYMENT,956.689
A2_pool10_hot1,88,24,200,OK,PENDING_PAYMENT,961.181
A2_pool10_hot1,51,51,200,OK,PENDING_PAYMENT,965.315
A2_pool10_hot1,48,48,200,OK,PENDING_PAYMENT,965.344
A2_pool10_hot1,27,27,200,OK,PENDING_PAYMENT,982.968
A2_pool10_hot1,84,20,200,OK,PENDING_PAYMENT,987.543
A2_pool10_hot1,34,34,200,OK,PENDING_PAYMENT,989.378
A2_pool10_hot1,123,59,200,OK,PENDING_PAYMENT,986.766
A2_pool10_hot1,109,45,200,OK,PENDING_PAYMENT,1019.549
A2_pool10_hot1,114,50,200,OK,PENDING_PAYMENT,1024.739
A2_pool10_hot1,106,42,200,OK,PENDING_PAYMENT,1025.174
A2_pool10_hot1,144,16,200,OK,PENDING_PAYMENT,1054.093
A2_pool10_hot1,165,37,200,OK,PENDING_PAYMENT,1055.526
A2_pool10_hot1,92,28,200,OK,PENDING_PAYMENT,1071.844
A2_pool10_hot1,67,3,200,OK,PENDING_PAYMENT,1073.430
A2_pool10_hot1,95,31,200,OK,PENDING_PAYMENT,1074.083
A2_pool10_hot1,29,29,200,OK,PENDING_PAYMENT,1114.633
A2_pool10_hot1,85,21,200,OK,PENDING_PAYMENT,1112.770
A2_pool10_hot1,89,25,200,OK,PENDING_PAYMENT,1131.396
A2_pool10_hot1,104,40,200,OK,PENDING_PAYMENT,1131.557
A2_pool10_hot1,131,3,200,OK,PENDING_PAYMENT,1137.365
A2_pool10_hot1,158,30,200,OK,PENDING_PAYMENT,1136.648
A2_pool10_hot1,219,27,200,OK,PENDING_PAYMENT,1168.764
A2_pool10_hot1,122,58,200,OK,PENDING_PAYMENT,1171.224
A2_pool10_hot1,205,13,200,OK,PENDING_PAYMENT,1170.207
A2_pool10_hot1,42,42,200,OK,PENDING_PAYMENT,1198.036
A2_pool10_hot1,212,20,200,OK,PENDING_PAYMENT,1193.365
A2_pool10_hot1,209,17,200,OK,PENDING_PAYMENT,1193.565
A2_pool10_hot1,39,39,200,OK,PENDING_PAYMENT,1216.902
A2_pool10_hot1,203,11,200,OK,PENDING_PAYMENT,1212.350
A2_pool10_hot1,44,44,200,OK,PENDING_PAYMENT,1236.165
A2_pool10_hot1,213,21,200,OK,PENDING_PAYMENT,1232.001
A2_pool10_hot1,78,14,200,OK,PENDING_PAYMENT,1257.301
A2_pool10_hot1,61,61,200,OK,PENDING_PAYMENT,1277.902
A2_pool10_hot1,194,2,200,OK,PENDING_PAYMENT,1274.016
A2_pool10_hot1,198,6,200,OK,PENDING_PAYMENT,1295.817
A2_pool10_hot1,214,22,200,OK,PENDING_PAYMENT,1302.371
A2_pool10_hot1,183,55,200,OK,PENDING_PAYMENT,1319.323
A2_pool10_hot1,30,30,200,OK,PENDING_PAYMENT,1329.794
A2_pool10_hot1,64,0,200,OK,PENDING_PAYMENT,1349.977
A2_pool10_hot1,86,22,200,OK,PENDING_PAYMENT,1379.168
A2_pool10_hot1,18,18,200,OK,PENDING_PAYMENT,1390.678
A2_pool10_hot1,82,18,200,OK,PENDING_PAYMENT,1413.245
A2_pool10_hot1,7,7,200,OK,PENDING_PAYMENT,1442.640
A2_pool10_hot1,105,41,200,OK,PENDING_PAYMENT,1463.093
A2_pool10_hot1,138,10,200,OK,PENDING_PAYMENT,1486.541
A2_pool10_hot1,147,19,200,OK,PENDING_PAYMENT,1536.197
A2_pool10_hot1,120,56,200,OK,PENDING_PAYMENT,1558.908
A2_pool10_hot1,126,62,200,OK,PENDING_PAYMENT,1571.116
A2_pool10_hot1,80,16,200,OK,PENDING_PAYMENT,1579.168
A2_pool10_hot1,98,34,200,OK,PENDING_PAYMENT,1594.973
A2_pool10_hot1,59,59,200,OK,PENDING_PAYMENT,1603.130
A2_pool10_hot1,5,5,200,OK,PENDING_PAYMENT,1617.208
A2_pool10_hot1,79,15,200,OK,PENDING_PAYMENT,1627.874
A2_pool10_hot1,102,38,200,OK,PENDING_PAYMENT,1643.387
A2_pool10_hot1,40,40,200,OK,PENDING_PAYMENT,1661.100
A2_pool10_hot1,72,8,200,OK,PENDING_PAYMENT,1673.084
A2_pool10_hot1,127,63,200,OK,PENDING_PAYMENT,1685.488
A2_pool10_hot1,103,39,200,OK,PENDING_PAYMENT,1702.200
A2_pool10_hot1,112,48,200,OK,PENDING_PAYMENT,1717.656
A2_pool10_hot1,169,41,200,OK,PENDING_PAYMENT,1732.104
A2_pool10_hot1,119,55,200,OK,PENDING_PAYMENT,1742.782
A2_pool10_hot1,174,46,200,OK,PENDING_PAYMENT,1761.983
A2_pool10_hot1,97,33,200,OK,PENDING_PAYMENT,1785.168
A2_pool10_hot1,134,6,200,OK,PENDING_PAYMENT,1790.699
A2_pool10_hot1,139,11,200,OK,PENDING_PAYMENT,1806.841
A2_pool10_hot1,160,32,200,OK,PENDING_PAYMENT,1826.572
A2_pool10_hot1,4,4,200,OK,PENDING_PAYMENT,1841.073
A2_pool10_hot1,121,57,200,OK,PENDING_PAYMENT,1850.648
A2_pool10_hot1,3,3,200,OK,PENDING_PAYMENT,1866.674
A2_pool10_hot1,133,5,200,OK,PENDING_PAYMENT,1875.955
A2_pool10_hot1,140,12,200,OK,PENDING_PAYMENT,1891.309
A2_pool10_hot1,22,22,200,OK,PENDING_PAYMENT,1910.596
A2_pool10_hot1,54,54,200,OK,PENDING_PAYMENT,1925.893
A2_pool10_hot1,47,47,200,OK,PENDING_PAYMENT,1941.910
A2_pool10_hot1,188,60,200,OK,PENDING_PAYMENT,1944.591
A2_pool10_hot1,50,50,200,OK,PENDING_PAYMENT,1965.513
A2_pool10_hot1,62,62,200,OK,PENDING_PAYMENT,1972.256
A2_pool10_hot1,200,8,200,OK,PENDING_PAYMENT,1984.029
A2_pool10_hot1,68,4,200,OK,PENDING_PAYMENT,2004.036
A2_pool10_hot1,32,32,200,OK,PENDING_PAYMENT,2010.940
A2_pool10_hot1,41,41,200,OK,PENDING_PAYMENT,2024.607
A2_pool10_hot1,46,46,200,OK,PENDING_PAYMENT,2031.717
A2_pool10_hot1,70,6,200,OK,PENDING_PAYMENT,2044.223
A2_pool10_hot1,33,33,200,OK,PENDING_PAYMENT,2057.950
A2_pool10_hot1,96,32,200,OK,PENDING_PAYMENT,2068.800
A2_pool10_hot1,83,19,200,OK,PENDING_PAYMENT,2087.386
A2_pool10_hot1,94,30,200,OK,PENDING_PAYMENT,2101.702
A2_pool10_hot1,101,37,200,OK,PENDING_PAYMENT,2117.463
A2_pool10_hot1,170,42,200,OK,PENDING_PAYMENT,2128.618
A2_pool10_hot1,145,17,200,OK,PENDING_PAYMENT,2142.439
A2_pool10_hot1,162,34,200,OK,PENDING_PAYMENT,2154.890
A2_pool10_hot1,125,61,200,OK,PENDING_PAYMENT,2169.616
A2_pool10_hot1,175,47,200,OK,PENDING_PAYMENT,2186.860
A2_pool10_hot1,12,12,200,OK,PENDING_PAYMENT,2204.727
A2_pool10_hot1,195,3,200,OK,PENDING_PAYMENT,2212.739
A2_pool10_hot1,151,23,200,OK,PENDING_PAYMENT,2230.512
A2_pool10_hot1,187,59,200,OK,PENDING_PAYMENT,2248.909
A2_pool10_hot1,28,28,200,OK,PENDING_PAYMENT,2272.538
A2_pool10_hot1,154,26,200,OK,PENDING_PAYMENT,2291.091
A2_pool10_hot1,211,19,200,OK,PENDING_PAYMENT,2293.379
A2_pool10_hot1,178,50,200,OK,PENDING_PAYMENT,2310.601
A2_pool10_hot1,243,51,200,OK,PENDING_PAYMENT,2315.356
A2_pool10_hot1,199,7,200,OK,PENDING_PAYMENT,2332.977
A2_pool10_hot1,9,9,200,OK,PENDING_PAYMENT,2354.151
A2_pool10_hot1,77,13,200,OK,PENDING_PAYMENT,2391.230
A2_pool10_hot1,136,8,200,OK,PENDING_PAYMENT,2398.024
A2_pool10_hot1,74,10,200,OK,PENDING_PAYMENT,2424.419
A2_pool10_hot1,93,29,200,OK,PENDING_PAYMENT,2430.119
A2_pool10_hot1,1,1,200,OK,PENDING_PAYMENT,2449.093
A2_pool10_hot1,149,21,200,OK,PENDING_PAYMENT,2455.332
A2_pool10_hot1,108,44,200,OK,PENDING_PAYMENT,2473.046
A2_pool10_hot1,167,39,200,OK,PENDING_PAYMENT,2486.929
A2_pool10_hot1,168,40,200,OK,PENDING_PAYMENT,2503.054
A2_pool10_hot1,10,10,200,OK,PENDING_PAYMENT,2526.915
A2_pool10_hot1,31,31,200,OK,PENDING_PAYMENT,2529.585
A2_pool10_hot1,172,44,200,OK,PENDING_PAYMENT,2546.011
A2_pool10_hot1,182,54,200,OK,PENDING_PAYMENT,2549.417
A2_pool10_hot1,111,47,200,OK,PENDING_PAYMENT,2566.879
A2_pool10_hot1,159,31,200,OK,PENDING_PAYMENT,2581.690
A2_pool10_hot1,113,49,200,OK,PENDING_PAYMENT,2598.308
A2_pool10_hot1,201,9,200,OK,PENDING_PAYMENT,2612.567
A2_pool10_hot1,130,2,200,OK,PENDING_PAYMENT,2626.825
A2_pool10_hot1,128,0,200,OK,PENDING_PAYMENT,2643.249
A2_pool10_hot1,237,45,200,OK,PENDING_PAYMENT,2656.634
A2_pool10_hot1,57,57,200,OK,PENDING_PAYMENT,2678.073
A2_pool10_hot1,231,39,200,OK,PENDING_PAYMENT,2685.883
A2_pool10_hot1,129,1,200,OK,PENDING_PAYMENT,2701.395
A2_pool10_hot1,90,26,200,OK,PENDING_PAYMENT,2718.787
A2_pool10_hot1,69,5,200,OK,PENDING_PAYMENT,2733.215
A2_pool10_hot1,71,7,200,OK,PENDING_PAYMENT,2745.574
A2_pool10_hot1,107,43,200,OK,PENDING_PAYMENT,2762.999
A2_pool10_hot1,45,45,200,OK,PENDING_PAYMENT,2781.111
A2_pool10_hot1,152,24,200,OK,PENDING_PAYMENT,2793.145
A2_pool10_hot1,163,35,200,OK,PENDING_PAYMENT,2808.558
A2_pool10_hot1,161,33,200,OK,PENDING_PAYMENT,2821.891
A2_pool10_hot1,155,27,200,OK,PENDING_PAYMENT,2841.680
A2_pool10_hot1,146,18,200,OK,PENDING_PAYMENT,2862.189
A2_pool10_hot1,164,36,200,OK,PENDING_PAYMENT,2867.459
A2_pool10_hot1,143,15,200,OK,PENDING_PAYMENT,2883.898
A2_pool10_hot1,116,52,200,OK,PENDING_PAYMENT,2900.264
A2_pool10_hot1,179,51,200,OK,PENDING_PAYMENT,2917.157
A2_pool10_hot1,110,46,200,OK,PENDING_PAYMENT,2925.116
A2_pool10_hot1,208,16,200,OK,PENDING_PAYMENT,2938.595
A2_pool10_hot1,190,62,200,OK,PENDING_PAYMENT,2945.305
A2_pool10_hot1,118,54,200,OK,PENDING_PAYMENT,2966.045
A2_pool10_hot1,153,25,200,OK,PENDING_PAYMENT,2984.111
A2_pool10_hot1,166,38,200,OK,PENDING_PAYMENT,2989.899
A2_pool10_hot1,56,56,200,OK,PENDING_PAYMENT,3006.723
A2_pool10_hot1,177,49,200,OK,PENDING_PAYMENT,3026.189
A2_pool10_hot1,2,2,200,OK,PENDING_PAYMENT,3046.356
A2_pool10_hot1,115,51,200,OK,PENDING_PAYMENT,3053.456
A2_pool10_hot1,204,12,200,OK,PENDING_PAYMENT,3067.749
A2_pool10_hot1,180,52,200,OK,PENDING_PAYMENT,3080.465
A2_pool10_hot1,227,35,200,OK,PENDING_PAYMENT,3095.690
A2_pool10_hot1,135,7,200,OK,PENDING_PAYMENT,3111.453
A2_pool10_hot1,232,40,200,OK,PENDING_PAYMENT,3121.752
A2_pool10_hot1,225,33,200,OK,PENDING_PAYMENT,3136.019
A2_pool10_hot1,197,5,200,OK,PENDING_PAYMENT,3146.116
A2_pool10_hot1,23,23,200,OK,PENDING_PAYMENT,3163.850
A2_pool10_hot1,224,32,200,OK,PENDING_PAYMENT,3174.869
A2_pool10_hot1,184,56,200,OK,PENDING_PAYMENT,3188.095
A2_pool10_hot1,73,9,200,OK,PENDING_PAYMENT,3207.236
A2_pool10_hot1,215,23,200,OK,PENDING_PAYMENT,3222.996
A2_pool10_hot1,124,60,200,OK,PENDING_PAYMENT,3241.808
A2_pool10_hot1,148,20,200,OK,PENDING_PAYMENT,3250.784
A2_pool10_hot1,236,44,200,OK,PENDING_PAYMENT,3264.962
A2_pool10_hot1,171,43,200,OK,PENDING_PAYMENT,3280.445
A2_pool10_hot1,137,9,200,OK,PENDING_PAYMENT,3300.536
A2_pool10_hot1,142,14,200,OK,PENDING_PAYMENT,3310.192
A2_pool10_hot1,99,35,200,OK,PENDING_PAYMENT,3324.056
A2_pool10_hot1,192,0,200,OK,PENDING_PAYMENT,3335.143
A2_pool10_hot1,81,17,200,OK,PENDING_PAYMENT,3362.451
A2_pool10_hot1,226,34,200,OK,PENDING_PAYMENT,3383.493
A2_pool10_hot1,53,53,200,OK,PENDING_PAYMENT,3404.058
A2_pool10_hot1,66,2,200,OK,PENDING_PAYMENT,3434.794
A2_pool10_hot1,100,36,200,OK,PENDING_PAYMENT,3452.984
A2_pool10_hot1,244,52,200,OK,PENDING_PAYMENT,3465.514
A2_pool10_hot1,191,63,200,OK,PENDING_PAYMENT,3476.318
A2_pool10_hot1,189,61,200,OK,PENDING_PAYMENT,3495.631
A2_pool10_hot1,52,52,200,OK,PENDING_PAYMENT,3521.294
A2_pool10_hot1,238,46,200,OK,PENDING_PAYMENT,3522.553
A2_pool10_hot1,248,56,200,OK,PENDING_PAYMENT,3538.269
A2_pool10_hot1,176,48,200,OK,PENDING_PAYMENT,3553.333
A2_pool10_hot1,239,47,200,OK,PENDING_PAYMENT,3568.337
A2_pool10_hot1,210,18,200,OK,PENDING_PAYMENT,3584.549
A2_pool10_hot1,228,36,200,OK,PENDING_PAYMENT,3605.820
A2_pool10_hot1,230,38,200,OK,PENDING_PAYMENT,3612.281
A2_pool10_hot1,254,62,200,OK,PENDING_PAYMENT,3632.780
A2_pool10_hot1,141,13,200,OK,PENDING_PAYMENT,3639.992
A2_pool10_hot1,246,54,200,OK,PENDING_PAYMENT,3652.874
A2_pool10_hot1,156,28,200,OK,PENDING_PAYMENT,3671.363
A2_pool10_hot1,240,48,200,OK,PENDING_PAYMENT,3681.612
A2_pool10_hot1,255,63,200,OK,PENDING_PAYMENT,3695.269
A2_pool10_hot1,251,59,200,OK,PENDING_PAYMENT,3709.613
A2_pool10_hot1,220,28,200,OK,PENDING_PAYMENT,3728.552
A2_pool10_hot1,202,10,200,OK,PENDING_PAYMENT,3741.662
A2_pool10_hot1,242,50,200,OK,PENDING_PAYMENT,3753.953
A2_pool10_hot1,207,15,200,OK,PENDING_PAYMENT,3777.087
A2_pool10_hot1,173,45,200,OK,PENDING_PAYMENT,3784.822
A2_pool10_hot1,221,29,200,OK,PENDING_PAYMENT,3796.480
A2_pool10_hot1,193,1,200,OK,PENDING_PAYMENT,3809.652
A2_pool10_hot1,247,55,200,OK,PENDING_PAYMENT,3827.195
A2_pool10_hot1,253,61,200,OK,PENDING_PAYMENT,3848.108
A2_pool10_hot1,234,42,200,OK,PENDING_PAYMENT,3866.528
A2_pool10_hot1,181,53,200,OK,PENDING_PAYMENT,3885.108
A2_pool10_hot1,233,41,200,OK,PENDING_PAYMENT,3899.596
A2_pool10_hot1,65,1,200,OK,PENDING_PAYMENT,3919.919
A2_pool10_hot1,252,60,200,OK,PENDING_PAYMENT,3926.810
A2_pool10_hot1,150,22,200,OK,PENDING_PAYMENT,3951.675
A2_pool10_hot1,249,57,200,OK,PENDING_PAYMENT,3970.521
A2_pool10_hot1,235,43,200,OK,PENDING_PAYMENT,3974.733
A2_pool10_hot1,245,53,200,OK,PENDING_PAYMENT,3987.970
A2_pool10_hot1,223,31,200,OK,PENDING_PAYMENT,3995.539
A2_pool10_hot1,229,37,200,OK,PENDING_PAYMENT,4014.841
A2_pool10_hot1,250,58,200,OK,PENDING_PAYMENT,4031.895
A2_pool10_hot1,218,26,200,OK,PENDING_PAYMENT,4055.823
A2_pool10_hot1,49,49,200,OK,PENDING_PAYMENT,4063.965
A2_pool10_hot1,217,25,200,OK,PENDING_PAYMENT,4075.190
A2_pool10_hot1,206,14,200,OK,PENDING_PAYMENT,4088.160
A2_pool10_hot1,241,49,200,OK,PENDING_PAYMENT,4109.119
A2_pool10_hot1,216,24,200,OK,PENDING_PAYMENT,4128.789
A2_pool10_hot1,222,30,200,OK,PENDING_PAYMENT,4137.953
A2_pool10_hot1,258,2,200,OK,PENDING_PAYMENT,3596.581
A2_pool10_hot1,260,4,200,OK,PENDING_PAYMENT,3506.965
A2_pool10_hot1,256,0,200,OK,PENDING_PAYMENT,3929.517
A2_pool10_hot1,8,8,200,OK,PENDING_PAYMENT,4204.884
A2_pool10_hot1,257,1,200,OK,PENDING_PAYMENT,3832.890
A2_pool10_hot1,259,3,200,OK,PENDING_PAYMENT,3603.962
A2_pool10_hot1,262,6,200,OK,PENDING_PAYMENT,3564.953
A2_pool10_hot1,263,7,200,OK,PENDING_PAYMENT,3558.562
A2_pool10_hot1,261,5,200,OK,PENDING_PAYMENT,3612.289
A2_pool10_hot1,264,8,200,OK,PENDING_PAYMENT,3573.485
A2_pool10_hot1,265,9,200,OK,PENDING_PAYMENT,3551.367
A2_pool10_hot1,266,10,200,OK,PENDING_PAYMENT,3540.607
A2_pool10_hot1,267,11,200,OK,PENDING_PAYMENT,3527.989
A2_pool10_hot1,268,12,200,OK,PENDING_PAYMENT,3541.039
A2_pool10_hot1,269,13,200,OK,PENDING_PAYMENT,3532.032
A2_pool10_hot1,270,14,200,OK,PENDING_PAYMENT,3549.292
A2_pool10_hot1,271,15,200,OK,PENDING_PAYMENT,3567.795
A2_pool10_hot1,272,16,200,OK,PENDING_PAYMENT,3590.313
A2_pool10_hot1,274,18,200,OK,PENDING_PAYMENT,3593.586
A2_pool10_hot1,273,17,200,OK,PENDING_PAYMENT,3600.494
A2_pool10_hot1,275,19,200,OK,PENDING_PAYMENT,3618.904
A2_pool10_hot1,276,20,200,OK,PENDING_PAYMENT,3612.284
A2_pool10_hot1,278,22,200,OK,PENDING_PAYMENT,3628.509
A2_pool10_hot1,279,23,200,OK,PENDING_PAYMENT,3643.349
A2_pool10_hot1,277,21,200,OK,PENDING_PAYMENT,3659.429
A2_pool10_hot1,280,24,200,OK,PENDING_PAYMENT,3674.339
A2_pool10_hot1,281,25,200,OK,PENDING_PAYMENT,3680.790
A2_pool10_hot1,282,26,200,OK,PENDING_PAYMENT,3693.222
A2_pool10_hot1,283,27,200,OK,PENDING_PAYMENT,3699.581
A2_pool10_hot1,284,28,200,OK,PENDING_PAYMENT,3705.084
A2_pool10_hot1,285,29,200,OK,PENDING_PAYMENT,3711.041
A2_pool10_hot1,287,31,200,OK,PENDING_PAYMENT,3701.432
A2_pool10_hot1,286,30,200,OK,PENDING_PAYMENT,3716.630
A2_pool10_hot1,288,32,200,OK,PENDING_PAYMENT,3719.463
A2_pool10_hot1,289,33,200,OK,PENDING_PAYMENT,3728.184
A2_pool10_hot1,291,35,200,OK,PENDING_PAYMENT,3741.820
A2_pool10_hot1,290,34,200,OK,PENDING_PAYMENT,3759.923
A2_pool10_hot1,292,36,200,OK,PENDING_PAYMENT,3749.071
A2_pool10_hot1,293,37,200,OK,PENDING_PAYMENT,3758.632
A2_pool10_hot1,295,39,200,OK,PENDING_PAYMENT,3765.321
A2_pool10_hot1,294,38,200,OK,PENDING_PAYMENT,3778.480
A2_pool10_hot1,296,40,200,OK,PENDING_PAYMENT,3761.905
A2_pool10_hot1,298,42,200,OK,PENDING_PAYMENT,3775.334
A2_pool10_hot1,297,41,200,OK,PENDING_PAYMENT,3782.038
A2_pool10_hot1,299,43,200,OK,PENDING_PAYMENT,3767.463
A2_pool10_hot1,300,44,200,OK,PENDING_PAYMENT,3772.013
A2_pool10_hot1,301,45,200,OK,PENDING_PAYMENT,3776.282
A2_pool10_hot1,302,46,200,OK,PENDING_PAYMENT,3785.842
A2_pool10_hot1,303,47,200,OK,PENDING_PAYMENT,3795.845
A2_pool10_hot1,304,48,200,OK,PENDING_PAYMENT,3770.350
A2_pool10_hot1,305,49,200,OK,PENDING_PAYMENT,3785.556
A2_pool10_hot1,307,51,200,OK,PENDING_PAYMENT,3782.374
A2_pool10_hot1,306,50,200,OK,PENDING_PAYMENT,3807.083
A2_pool10_hot1,309,53,200,OK,PENDING_PAYMENT,3818.790
A2_pool10_hot1,308,52,200,OK,PENDING_PAYMENT,3824.810
A2_pool10_hot1,311,55,200,OK,PENDING_PAYMENT,3805.117
A2_pool10_hot1,310,54,200,OK,PENDING_PAYMENT,3811.630
A2_pool10_hot1,312,56,200,OK,PENDING_PAYMENT,3829.416
A2_pool10_hot1,314,58,200,OK,PENDING_PAYMENT,3818.685
A2_pool10_hot1,313,57,200,OK,PENDING_PAYMENT,3837.523
A2_pool10_hot1,315,59,200,OK,PENDING_PAYMENT,3853.020
A2_pool10_hot1,316,60,200,OK,PENDING_PAYMENT,3849.938
A2_pool10_hot1,317,61,200,OK,PENDING_PAYMENT,3865.662
A2_pool10_hot1,319,63,200,OK,PENDING_PAYMENT,3858.724
A2_pool10_hot1,318,62,200,OK,PENDING_PAYMENT,3883.515
A2_pool10_hot1,320,0,200,OK,PENDING_PAYMENT,3864.773
A2_pool10_hot1,322,2,200,OK,PENDING_PAYMENT,3864.872
A2_pool10_hot1,321,1,200,OK,PENDING_PAYMENT,3867.938
A2_pool10_hot1,323,3,200,OK,PENDING_PAYMENT,3864.873
A2_pool10_hot1,324,4,200,OK,PENDING_PAYMENT,3871.098
A2_pool10_hot1,325,5,200,OK,PENDING_PAYMENT,3866.903
A2_pool10_hot1,326,6,200,OK,PENDING_PAYMENT,3877.298
A2_pool10_hot1,327,7,200,OK,PENDING_PAYMENT,3872.126
A2_pool10_hot1,328,8,200,OK,PENDING_PAYMENT,3857.355
A2_pool10_hot1,329,9,200,OK,PENDING_PAYMENT,3869.181
A2_pool10_hot1,330,10,200,OK,PENDING_PAYMENT,3856.849
A2_pool10_hot1,331,11,200,OK,PENDING_PAYMENT,3845.269
A2_pool10_hot1,332,12,200,OK,PENDING_PAYMENT,3837.475
A2_pool10_hot1,333,13,200,OK,PENDING_PAYMENT,3826.202
A2_pool10_hot1,334,14,200,OK,PENDING_PAYMENT,3789.951
A2_pool10_hot1,335,15,200,OK,PENDING_PAYMENT,3783.664
A2_pool10_hot1,336,16,200,OK,PENDING_PAYMENT,3790.030
A2_pool10_hot1,337,17,200,OK,PENDING_PAYMENT,3819.766
A2_pool10_hot1,338,18,200,OK,PENDING_PAYMENT,3812.884
A2_pool10_hot1,339,19,200,OK,PENDING_PAYMENT,3840.178
A2_pool10_hot1,340,20,200,OK,PENDING_PAYMENT,3842.482
A2_pool10_hot1,341,21,200,OK,PENDING_PAYMENT,3845.267
A2_pool10_hot1,342,22,200,OK,PENDING_PAYMENT,3841.789
A2_pool10_hot1,343,23,200,OK,PENDING_PAYMENT,3838.700
A2_pool10_hot1,344,24,200,OK,PENDING_PAYMENT,3837.861
A2_pool10_hot1,345,25,200,OK,PENDING_PAYMENT,3840.025
A2_pool10_hot1,346,26,200,OK,PENDING_PAYMENT,3839.575
A2_pool10_hot1,347,27,200,OK,PENDING_PAYMENT,3839.234
A2_pool10_hot1,349,29,200,OK,PENDING_PAYMENT,3835.993
A2_pool10_hot1,348,28,200,OK,PENDING_PAYMENT,3854.325
A2_pool10_hot1,350,30,200,OK,PENDING_PAYMENT,3839.974
A2_pool10_hot1,351,31,200,OK,PENDING_PAYMENT,3837.229
A2_pool10_hot1,352,32,200,OK,PENDING_PAYMENT,3837.087
A2_pool10_hot1,353,33,200,OK,PENDING_PAYMENT,3836.602
A2_pool10_hot1,354,34,200,OK,PENDING_PAYMENT,3828.944
A2_pool10_hot1,355,35,200,OK,PENDING_PAYMENT,3836.626
A2_pool10_hot1,356,36,200,OK,PENDING_PAYMENT,3839.759
A2_pool10_hot1,357,37,200,OK,PENDING_PAYMENT,3835.953
A2_pool10_hot1,358,38,200,OK,PENDING_PAYMENT,3842.129
A2_pool10_hot1,359,39,200,OK,PENDING_PAYMENT,3842.446
A2_pool10_hot1,360,40,200,OK,PENDING_PAYMENT,3835.632
A2_pool10_hot1,361,41,200,OK,PENDING_PAYMENT,3836.487
A2_pool10_hot1,362,42,200,OK,PENDING_PAYMENT,3838.859
A2_pool10_hot1,363,43,200,OK,PENDING_PAYMENT,3851.170
A2_pool10_hot1,364,44,200,OK,PENDING_PAYMENT,3840.727
A2_pool10_hot1,365,45,200,OK,PENDING_PAYMENT,3852.435
A2_pool10_hot1,366,46,200,OK,PENDING_PAYMENT,3852.622
A2_pool10_hot1,367,47,200,OK,PENDING_PAYMENT,3845.648
A2_pool10_hot1,368,48,200,OK,PENDING_PAYMENT,3858.786
A2_pool10_hot1,369,49,200,OK,PENDING_PAYMENT,3863.513
A2_pool10_hot1,370,50,200,OK,PENDING_PAYMENT,3871.737
A2_pool10_hot1,371,51,200,OK,PENDING_PAYMENT,3874.475
A2_pool10_hot1,372,52,200,OK,PENDING_PAYMENT,3873.424
A2_pool10_hot1,373,53,200,OK,PENDING_PAYMENT,3879.239
A2_pool10_hot1,374,54,200,OK,PENDING_PAYMENT,3879.491
A2_pool10_hot1,375,55,200,OK,PENDING_PAYMENT,3871.284
A2_pool10_hot1,376,56,200,OK,PENDING_PAYMENT,3868.999
A2_pool10_hot1,377,57,200,OK,PENDING_PAYMENT,3871.576
A2_pool10_hot1,378,58,200,OK,PENDING_PAYMENT,3876.808
A2_pool10_hot1,379,59,200,OK,PENDING_PAYMENT,3882.271
A2_pool10_hot1,380,60,200,OK,PENDING_PAYMENT,3872.157
A2_pool10_hot1,381,61,200,OK,PENDING_PAYMENT,3869.878
A2_pool10_hot1,382,62,200,OK,PENDING_PAYMENT,3868.944
A2_pool10_hot1,383,63,200,OK,PENDING_PAYMENT,3872.879
A2_pool10_hot1,384,0,200,OK,PENDING_PAYMENT,3874.142
A2_pool10_hot1,385,1,200,OK,PENDING_PAYMENT,3861.311
A2_pool10_hot1,386,2,200,OK,PENDING_PAYMENT,3863.862
A2_pool10_hot1,387,3,200,OK,PENDING_PAYMENT,3850.666
A2_pool10_hot1,388,4,200,OK,PENDING_PAYMENT,3868.481
A2_pool10_hot1,389,5,200,OK,PENDING_PAYMENT,3871.847
A2_pool10_hot1,390,6,200,OK,PENDING_PAYMENT,3886.340
A2_pool10_hot1,391,7,200,OK,PENDING_PAYMENT,3879.679
A2_pool10_hot1,392,8,200,OK,PENDING_PAYMENT,3881.555
A2_pool10_hot1,393,9,200,OK,PENDING_PAYMENT,3861.168
A2_pool10_hot1,394,10,200,OK,PENDING_PAYMENT,3871.877
A2_pool10_hot1,395,11,200,OK,PENDING_PAYMENT,3853.580
A2_pool10_hot1,396,12,200,OK,PENDING_PAYMENT,3863.243
A2_pool10_hot1,397,13,200,OK,PENDING_PAYMENT,3865.547
A2_pool10_hot1,398,14,200,OK,PENDING_PAYMENT,3861.589
A2_pool10_hot1,399,15,200,OK,PENDING_PAYMENT,3863.807
A2_pool10_hot1,400,16,200,OK,PENDING_PAYMENT,3854.803
A2_pool10_hot1,401,17,200,OK,PENDING_PAYMENT,3851.536
A2_pool10_hot1,402,18,200,OK,PENDING_PAYMENT,3853.463
A2_pool10_hot1,403,19,200,OK,PENDING_PAYMENT,3880.684
A2_pool10_hot1,404,20,200,OK,PENDING_PAYMENT,3872.025
A2_pool10_hot1,405,21,200,OK,PENDING_PAYMENT,3892.796
A2_pool10_hot1,406,22,200,OK,PENDING_PAYMENT,3898.718
A2_pool10_hot1,407,23,200,OK,PENDING_PAYMENT,3901.366
A2_pool10_hot1,408,24,200,OK,PENDING_PAYMENT,3902.195
A2_pool10_hot1,409,25,200,OK,PENDING_PAYMENT,3897.788
A2_pool10_hot1,410,26,200,OK,PENDING_PAYMENT,3906.677
A2_pool10_hot1,411,27,200,OK,PENDING_PAYMENT,3902.667
A2_pool10_hot1,412,28,200,OK,PENDING_PAYMENT,3902.292
A2_pool10_hot1,413,29,200,OK,PENDING_PAYMENT,3901.943
A2_pool10_hot1,414,30,200,OK,PENDING_PAYMENT,3901.999
A2_pool10_hot1,415,31,200,OK,PENDING_PAYMENT,3905.144
A2_pool10_hot1,416,32,200,OK,PENDING_PAYMENT,3903.680
A2_pool10_hot1,417,33,200,OK,PENDING_PAYMENT,3909.670
A2_pool10_hot1,418,34,200,OK,PENDING_PAYMENT,3911.835
A2_pool10_hot1,419,35,200,OK,PENDING_PAYMENT,3909.816
A2_pool10_hot1,421,37,200,OK,PENDING_PAYMENT,3884.946
A2_pool10_hot1,420,36,200,OK,PENDING_PAYMENT,3913.744
A2_pool10_hot1,422,38,200,OK,PENDING_PAYMENT,3891.918
A2_pool10_hot1,423,39,200,OK,PENDING_PAYMENT,3901.406
A2_pool10_hot1,424,40,200,OK,PENDING_PAYMENT,3900.428
A2_pool10_hot1,425,41,200,OK,PENDING_PAYMENT,3886.643
A2_pool10_hot1,426,42,200,OK,PENDING_PAYMENT,3895.286
A2_pool10_hot1,427,43,200,OK,PENDING_PAYMENT,3899.973
A2_pool10_hot1,428,44,200,OK,PENDING_PAYMENT,3887.478
A2_pool10_hot1,429,45,200,OK,PENDING_PAYMENT,3882.486
A2_pool10_hot1,431,47,200,OK,PENDING_PAYMENT,3864.168
A2_pool10_hot1,430,46,200,OK,PENDING_PAYMENT,3896.300
A2_pool10_hot1,432,48,200,OK,PENDING_PAYMENT,3880.233
A2_pool10_hot1,433,49,200,OK,PENDING_PAYMENT,3874.314
A2_pool10_hot1,434,50,200,OK,PENDING_PAYMENT,3868.073
A2_pool10_hot1,435,51,200,OK,PENDING_PAYMENT,3871.260
A2_pool10_hot1,436,52,200,OK,PENDING_PAYMENT,3877.157
A2_pool10_hot1,437,53,200,OK,PENDING_PAYMENT,3876.178
A2_pool10_hot1,438,54,200,OK,PENDING_PAYMENT,3869.270
A2_pool10_hot1,439,55,200,OK,PENDING_PAYMENT,3882.761
A2_pool10_hot1,440,56,200,OK,PENDING_PAYMENT,3884.008
A2_pool10_hot1,441,57,200,OK,PENDING_PAYMENT,3877.830
A2_pool10_hot1,442,58,200,OK,PENDING_PAYMENT,3874.745
A2_pool10_hot1,443,59,200,OK,PENDING_PAYMENT,3881.070
A2_pool10_hot1,444,60,200,OK,PENDING_PAYMENT,3888.951
A2_pool10_hot1,445,61,200,OK,PENDING_PAYMENT,3887.459
A2_pool10_hot1,446,62,200,OK,PENDING_PAYMENT,3894.470
A2_pool10_hot1,447,63,200,OK,PENDING_PAYMENT,3899.263
A2_pool10_hot1,449,1,200,OK,PENDING_PAYMENT,3883.300
A2_pool10_hot1,448,0,200,OK,PENDING_PAYMENT,3914.055
A2_pool10_hot1,451,3,200,OK,PENDING_PAYMENT,3888.126
A2_pool10_hot1,450,2,200,OK,PENDING_PAYMENT,3916.606
A2_pool10_hot1,452,4,200,OK,PENDING_PAYMENT,3896.982
A2_pool10_hot1,453,5,200,OK,PENDING_PAYMENT,3903.052
A2_pool10_hot1,454,6,200,OK,PENDING_PAYMENT,3902.529
A2_pool10_hot1,455,7,200,OK,PENDING_PAYMENT,3909.035
A2_pool10_hot1,456,8,200,OK,PENDING_PAYMENT,3909.150
A2_pool10_hot1,457,9,200,OK,PENDING_PAYMENT,3911.917
A2_pool10_hot1,458,10,200,OK,PENDING_PAYMENT,3911.420
A2_pool10_hot1,459,11,200,OK,PENDING_PAYMENT,3911.072
A2_pool10_hot1,460,12,200,OK,PENDING_PAYMENT,3905.032
A2_pool10_hot1,461,13,200,OK,PENDING_PAYMENT,3896.441
A2_pool10_hot1,462,14,200,OK,PENDING_PAYMENT,3896.713
A2_pool10_hot1,463,15,200,OK,PENDING_PAYMENT,3872.182
A2_pool10_hot1,464,16,200,OK,PENDING_PAYMENT,3864.886
A2_pool10_hot1,465,17,200,OK,PENDING_PAYMENT,3861.325
A2_pool10_hot1,466,18,200,OK,PENDING_PAYMENT,3868.034
A2_pool10_hot1,467,19,200,OK,PENDING_PAYMENT,3860.947
A2_pool10_hot1,468,20,200,OK,PENDING_PAYMENT,3860.810
A2_pool10_hot1,469,21,200,OK,PENDING_PAYMENT,3876.276
A2_pool10_hot1,470,22,200,OK,PENDING_PAYMENT,3883.776
A2_pool10_hot1,471,23,200,OK,PENDING_PAYMENT,3907.593
A2_pool10_hot1,472,24,200,OK,PENDING_PAYMENT,3910.369
A2_pool10_hot1,473,25,200,OK,PENDING_PAYMENT,3901.133
A2_pool10_hot1,474,26,200,OK,PENDING_PAYMENT,3895.813
A2_pool10_hot1,475,27,200,OK,PENDING_PAYMENT,3907.844
A2_pool10_hot1,476,28,200,OK,PENDING_PAYMENT,3897.888
A2_pool10_hot1,477,29,200,OK,PENDING_PAYMENT,3910.639
A2_pool10_hot1,478,30,200,OK,PENDING_PAYMENT,3910.319
A2_pool10_hot1,479,31,200,OK,PENDING_PAYMENT,3910.199
A2_pool10_hot1,480,32,200,OK,PENDING_PAYMENT,3910.630
A2_pool10_hot1,481,33,200,OK,PENDING_PAYMENT,3910.862
A2_pool10_hot1,482,34,200,OK,PENDING_PAYMENT,3906.711
A2_pool10_hot1,483,35,200,OK,PENDING_PAYMENT,3902.098
A2_pool10_hot1,484,36,200,OK,PENDING_PAYMENT,3905.691
A2_pool10_hot1,485,37,200,OK,PENDING_PAYMENT,3907.152
A2_pool10_hot1,486,38,200,OK,PENDING_PAYMENT,3891.767
A2_pool10_hot1,487,39,200,OK,PENDING_PAYMENT,3903.238
A2_pool10_hot1,488,40,200,OK,PENDING_PAYMENT,3897.731
A2_pool10_hot1,489,41,200,OK,PENDING_PAYMENT,3894.868
A2_pool10_hot1,490,42,200,OK,PENDING_PAYMENT,3888.598
A2_pool10_hot1,491,43,200,OK,PENDING_PAYMENT,3879.079
A2_pool10_hot1,492,44,200,OK,PENDING_PAYMENT,3878.616
A2_pool10_hot1,493,45,200,OK,PENDING_PAYMENT,3882.383
A2_pool10_hot1,494,46,200,OK,PENDING_PAYMENT,3876.365
A2_pool10_hot1,495,47,200,OK,PENDING_PAYMENT,3876.314
A2_pool10_hot1,496,48,200,OK,PENDING_PAYMENT,3882.572
A2_pool10_hot1,497,49,200,OK,PENDING_PAYMENT,3875.832
A2_pool10_hot1,498,50,200,OK,PENDING_PAYMENT,3872.742
A2_pool10_hot1,499,51,200,OK,PENDING_PAYMENT,3884.960
A2_pool10_hot1,500,52,200,OK,PENDING_PAYMENT,3877.615
A2_pool10_hot1,501,53,200,OK,PENDING_PAYMENT,3884.806
A2_pool10_hot1,502,54,200,OK,PENDING_PAYMENT,3874.768
A2_pool10_hot1,503,55,200,OK,PENDING_PAYMENT,3875.722
A2_pool10_hot1,504,56,200,OK,PENDING_PAYMENT,3868.240
A2_pool10_hot1,505,57,200,OK,PENDING_PAYMENT,3877.517
A2_pool10_hot1,506,58,200,OK,PENDING_PAYMENT,3877.416
A2_pool10_hot1,507,59,200,OK,PENDING_PAYMENT,3880.448
A2_pool10_hot1,508,60,200,OK,PENDING_PAYMENT,3870.815
A2_pool10_hot1,509,61,200,OK,PENDING_PAYMENT,3864.549
A2_pool10_hot1,510,62,200,OK,PENDING_PAYMENT,3870.939
A2_pool10_hot1,511,63,200,OK,PENDING_PAYMENT,3868.127
A2_pool10_hot1,512,0,200,OK,PENDING_PAYMENT,3874.106
A2_pool10_hot1,513,1,200,OK,PENDING_PAYMENT,3865.712
A2_pool10_hot1,514,2,200,OK,PENDING_PAYMENT,3872.190
A2_pool10_hot1,515,3,200,OK,PENDING_PAYMENT,3865.093
A2_pool10_hot1,516,4,200,OK,PENDING_PAYMENT,3874.170
A2_pool10_hot1,517,5,200,OK,PENDING_PAYMENT,3870.972
A2_pool10_hot1,518,6,200,OK,PENDING_PAYMENT,3871.359
A2_pool10_hot1,519,7,200,OK,PENDING_PAYMENT,3867.946
A2_pool10_hot1,520,8,200,OK,PENDING_PAYMENT,3864.555
A2_pool10_hot1,521,9,200,OK,PENDING_PAYMENT,3873.855
A2_pool10_hot1,522,10,200,OK,PENDING_PAYMENT,3878.992
A2_pool10_hot1,523,11,200,OK,PENDING_PAYMENT,3879.345
A2_pool10_hot1,524,12,200,OK,PENDING_PAYMENT,3882.186
A2_pool10_hot1,525,13,200,OK,PENDING_PAYMENT,3863.861
A2_pool10_hot1,526,14,200,OK,PENDING_PAYMENT,3856.075
A2_pool10_hot1,527,15,200,OK,PENDING_PAYMENT,3840.336
A2_pool10_hot1,528,16,200,OK,PENDING_PAYMENT,3836.526
A2_pool10_hot1,529,17,200,OK,PENDING_PAYMENT,3830.980
A2_pool10_hot1,530,18,200,OK,PENDING_PAYMENT,3845.457
A2_pool10_hot1,531,19,200,OK,PENDING_PAYMENT,3839.481
A2_pool10_hot1,532,20,200,OK,PENDING_PAYMENT,3845.870
A2_pool10_hot1,533,21,200,OK,PENDING_PAYMENT,3844.734
A2_pool10_hot1,534,22,200,OK,PENDING_PAYMENT,3845.192
A2_pool10_hot1,535,23,200,OK,PENDING_PAYMENT,3848.148
A2_pool10_hot1,536,24,200,OK,PENDING_PAYMENT,3853.304
A2_pool10_hot1,537,25,200,OK,PENDING_PAYMENT,3870.528
A2_pool10_hot1,538,26,200,OK,PENDING_PAYMENT,3883.369
A2_pool10_hot1,539,27,200,OK,PENDING_PAYMENT,3894.373
A2_pool10_hot1,540,28,200,OK,PENDING_PAYMENT,3908.376
A2_pool10_hot1,541,29,200,OK,PENDING_PAYMENT,3901.524
A2_pool10_hot1,542,30,200,OK,PENDING_PAYMENT,3907.281
A2_pool10_hot1,543,31,200,OK,PENDING_PAYMENT,3911.164
A2_pool10_hot1,544,32,200,OK,PENDING_PAYMENT,3905.178
A2_pool10_hot1,545,33,200,OK,PENDING_PAYMENT,3905.777
A2_pool10_hot1,546,34,200,OK,PENDING_PAYMENT,3911.963
A2_pool10_hot1,547,35,200,OK,PENDING_PAYMENT,3912.958
A2_pool10_hot1,548,36,200,OK,PENDING_PAYMENT,3913.413
A2_pool10_hot1,549,37,200,OK,PENDING_PAYMENT,3913.054
A2_pool10_hot1,550,38,200,OK,PENDING_PAYMENT,3919.994
A2_pool10_hot1,552,40,200,OK,PENDING_PAYMENT,3905.152
A2_pool10_hot1,551,39,200,OK,PENDING_PAYMENT,3933.877
A2_pool10_hot1,554,42,200,OK,PENDING_PAYMENT,3904.800
A2_pool10_hot1,553,41,200,OK,PENDING_PAYMENT,3933.112
A2_pool10_hot1,555,43,200,OK,PENDING_PAYMENT,3929.511
A2_pool10_hot1,556,44,200,OK,PENDING_PAYMENT,3934.908
A2_pool10_hot1,557,45,200,OK,PENDING_PAYMENT,3931.259
A2_pool10_hot1,558,46,200,OK,PENDING_PAYMENT,3946.620
A2_pool10_hot1,559,47,200,OK,PENDING_PAYMENT,3952.687
A2_pool10_hot1,560,48,200,OK,PENDING_PAYMENT,3952.079
A2_pool10_hot1,561,49,200,OK,PENDING_PAYMENT,3956.207
A2_pool10_hot1,562,50,200,OK,PENDING_PAYMENT,3959.173
A2_pool10_hot1,563,51,200,OK,PENDING_PAYMENT,3960.810
A2_pool10_hot1,564,52,200,OK,PENDING_PAYMENT,3946.802
A2_pool10_hot1,565,53,200,OK,PENDING_PAYMENT,3962.056
A2_pool10_hot1,566,54,200,OK,PENDING_PAYMENT,3957.235
A2_pool10_hot1,567,55,200,OK,PENDING_PAYMENT,3958.279
A2_pool10_hot1,568,56,200,OK,PENDING_PAYMENT,3963.595
A2_pool10_hot1,569,57,200,OK,PENDING_PAYMENT,3970.204
A2_pool10_hot1,570,58,200,OK,PENDING_PAYMENT,3966.255
A2_pool10_hot1,571,59,200,OK,PENDING_PAYMENT,3966.093
A2_pool10_hot1,572,60,200,OK,PENDING_PAYMENT,3962.984
A2_pool10_hot1,573,61,200,OK,PENDING_PAYMENT,3963.821
A2_pool10_hot1,574,62,200,OK,PENDING_PAYMENT,3963.206
A2_pool10_hot1,575,63,200,OK,PENDING_PAYMENT,3954.597
A2_pool10_hot1,576,0,200,OK,PENDING_PAYMENT,3966.552
A2_pool10_hot1,577,1,200,OK,PENDING_PAYMENT,3959.895
A2_pool10_hot1,578,2,200,OK,PENDING_PAYMENT,3978.815
A2_pool10_hot1,579,3,200,OK,PENDING_PAYMENT,3975.434
A2_pool10_hot1,580,4,200,OK,PENDING_PAYMENT,3971.701
A2_pool10_hot1,581,5,200,OK,PENDING_PAYMENT,3975.592
A2_pool10_hot1,582,6,200,OK,PENDING_PAYMENT,3978.919
A2_pool10_hot1,583,7,200,OK,PENDING_PAYMENT,3982.030
A2_pool10_hot1,584,8,200,OK,PENDING_PAYMENT,3984.120
A2_pool10_hot1,585,9,200,OK,PENDING_PAYMENT,3979.631
A2_pool10_hot1,586,10,200,OK,PENDING_PAYMENT,3974.063
A2_pool10_hot1,587,11,200,OK,PENDING_PAYMENT,3978.439
A2_pool10_hot1,588,12,200,OK,PENDING_PAYMENT,3970.403
A2_pool10_hot1,589,13,200,OK,PENDING_PAYMENT,3984.644
A2_pool10_hot1,590,14,200,OK,PENDING_PAYMENT,3989.299
A2_pool10_hot1,591,15,200,OK,PENDING_PAYMENT,3982.750
A2_pool10_hot1,592,16,200,OK,PENDING_PAYMENT,3983.462
A2_pool10_hot1,593,17,200,OK,PENDING_PAYMENT,3959.250
A2_pool10_hot1,594,18,200,OK,PENDING_PAYMENT,3969.355
A2_pool10_hot1,595,19,200,OK,PENDING_PAYMENT,3958.985
A2_pool10_hot1,596,20,200,OK,PENDING_PAYMENT,3962.722
A2_pool10_hot1,597,21,200,OK,PENDING_PAYMENT,3967.509
A2_pool10_hot1,598,22,200,OK,PENDING_PAYMENT,3982.031
A2_pool10_hot1,599,23,200,OK,PENDING_PAYMENT,4004.790
A2_pool10_hot1,600,24,200,OK,PENDING_PAYMENT,3998.777
A2_pool10_hot1,601,25,200,OK,PENDING_PAYMENT,4006.881
A2_pool10_hot1,602,26,200,OK,PENDING_PAYMENT,4013.236
A2_pool10_hot1,603,27,200,OK,PENDING_PAYMENT,4007.311
A2_pool10_hot1,604,28,200,OK,PENDING_PAYMENT,3998.999
A2_pool10_hot1,605,29,200,OK,PENDING_PAYMENT,4002.250
A2_pool10_hot1,606,30,200,OK,PENDING_PAYMENT,4002.590
A2_pool10_hot1,607,31,200,OK,PENDING_PAYMENT,3999.558
A2_pool10_hot1,608,32,200,OK,PENDING_PAYMENT,4008.867
A2_pool10_hot1,609,33,200,OK,PENDING_PAYMENT,4015.248
A2_pool10_hot1,610,34,200,OK,PENDING_PAYMENT,4020.955
A2_pool10_hot1,611,35,200,OK,PENDING_PAYMENT,4011.652
A2_pool10_hot1,612,36,200,OK,PENDING_PAYMENT,4008.824
A2_pool10_hot1,613,37,200,OK,PENDING_PAYMENT,4018.400
A2_pool10_hot1,614,38,200,OK,PENDING_PAYMENT,4018.288
A2_pool10_hot1,615,39,200,OK,PENDING_PAYMENT,4014.922
A2_pool10_hot1,616,40,200,OK,PENDING_PAYMENT,4019.346
A2_pool10_hot1,617,41,200,OK,PENDING_PAYMENT,4017.795
A2_pool10_hot1,618,42,200,OK,PENDING_PAYMENT,4015.134
A2_pool10_hot1,619,43,200,OK,PENDING_PAYMENT,4011.533
A2_pool10_hot1,620,44,200,OK,PENDING_PAYMENT,4021.600
A2_pool10_hot1,621,45,200,OK,PENDING_PAYMENT,4021.138
A2_pool10_hot1,622,46,200,OK,PENDING_PAYMENT,4017.336
A2_pool10_hot1,623,47,200,OK,PENDING_PAYMENT,4020.795
A2_pool10_hot1,625,49,200,OK,PENDING_PAYMENT,3995.877
A2_pool10_hot1,624,48,200,OK,PENDING_PAYMENT,4033.084
A2_pool10_hot1,626,50,200,OK,PENDING_PAYMENT,4012.462
A2_pool10_hot1,628,52,200,OK,PENDING_PAYMENT,3997.958
A2_pool10_hot1,627,51,200,OK,PENDING_PAYMENT,4022.725
A2_pool10_hot1,630,54,200,OK,PENDING_PAYMENT,3989.140
A2_pool10_hot1,629,53,200,OK,PENDING_PAYMENT,4023.642
A2_pool10_hot1,631,55,200,OK,PENDING_PAYMENT,4014.592
A2_pool10_hot1,632,56,200,OK,PENDING_PAYMENT,4016.924
A2_pool10_hot1,633,57,200,OK,PENDING_PAYMENT,4017.232
A2_pool10_hot1,634,58,200,OK,PENDING_PAYMENT,4011.413
A2_pool10_hot1,635,59,200,OK,PENDING_PAYMENT,4005.173
A2_pool10_hot1,636,60,200,OK,PENDING_PAYMENT,4020.252
A2_pool10_hot1,638,62,200,OK,PENDING_PAYMENT,4009.920
A2_pool10_hot1,637,61,200,OK,PENDING_PAYMENT,4029.055
A2_pool10_hot1,639,63,200,OK,PENDING_PAYMENT,4012.192
A2_pool10_hot1,640,0,200,OK,PENDING_PAYMENT,4013.364
A2_pool10_hot1,641,1,200,OK,PENDING_PAYMENT,4016.952
A2_pool10_hot1,642,2,200,OK,PENDING_PAYMENT,4010.723
A2_pool10_hot1,643,3,200,OK,PENDING_PAYMENT,4017.182
A2_pool10_hot1,644,4,200,OK,PENDING_PAYMENT,4013.351
A2_pool10_hot1,645,5,200,OK,PENDING_PAYMENT,4009.669
A2_pool10_hot1,646,6,200,OK,PENDING_PAYMENT,4010.431
A2_pool10_hot1,647,7,200,OK,PENDING_PAYMENT,4004.224
A2_pool10_hot1,648,8,200,OK,PENDING_PAYMENT,3999.098
A2_pool10_hot1,649,9,200,OK,PENDING_PAYMENT,3987.078
A2_pool10_hot1,650,10,200,OK,PENDING_PAYMENT,3985.726
A2_pool10_hot1,651,11,200,OK,PENDING_PAYMENT,3984.996
A2_pool10_hot1,652,12,200,OK,PENDING_PAYMENT,3987.859
A2_pool10_hot1,653,13,200,OK,PENDING_PAYMENT,3984.932
A2_pool10_hot1,654,14,200,OK,PENDING_PAYMENT,3987.825
A2_pool10_hot1,655,15,200,OK,PENDING_PAYMENT,3981.877
A2_pool10_hot1,656,16,200,OK,PENDING_PAYMENT,3987.777
A2_pool10_hot1,657,17,200,OK,PENDING_PAYMENT,3990.850
A2_pool10_hot1,658,18,200,OK,PENDING_PAYMENT,3981.741
A2_pool10_hot1,659,19,200,OK,PENDING_PAYMENT,3964.660
A2_pool10_hot1,660,20,200,OK,PENDING_PAYMENT,3971.777
A2_pool10_hot1,661,21,200,OK,PENDING_PAYMENT,3963.309
A2_pool10_hot1,662,22,200,OK,PENDING_PAYMENT,3965.593
A2_pool10_hot1,663,23,200,OK,PENDING_PAYMENT,3974.576
A2_pool10_hot1,664,24,200,OK,PENDING_PAYMENT,4005.678
A2_pool10_hot1,665,25,200,OK,PENDING_PAYMENT,3993.657
A2_pool10_hot1,666,26,200,OK,PENDING_PAYMENT,3972.354
A2_pool10_hot1,667,27,200,OK,PENDING_PAYMENT,3973.226
A2_pool10_hot1,668,28,200,OK,PENDING_PAYMENT,3978.539
A2_pool10_hot1,669,29,200,OK,PENDING_PAYMENT,3974.354
A2_pool10_hot1,670,30,200,OK,PENDING_PAYMENT,3982.251
A2_pool10_hot1,671,31,200,OK,PENDING_PAYMENT,3982.336
A2_pool10_hot1,672,32,200,OK,PENDING_PAYMENT,3980.367
A2_pool10_hot1,673,33,200,OK,PENDING_PAYMENT,3976.893
A2_pool10_hot1,674,34,200,OK,PENDING_PAYMENT,3973.676
A2_pool10_hot1,675,35,200,OK,PENDING_PAYMENT,3976.274
A2_pool10_hot1,676,36,200,OK,PENDING_PAYMENT,3988.199
A2_pool10_hot1,677,37,200,OK,PENDING_PAYMENT,3981.517
A2_pool10_hot1,678,38,200,OK,PENDING_PAYMENT,4021.065
A2_pool10_hot1,679,39,200,OK,PENDING_PAYMENT,4002.838
A2_pool10_hot1,680,40,200,OK,PENDING_PAYMENT,4000.038
A2_pool10_hot1,681,41,200,OK,PENDING_PAYMENT,4007.459
A2_pool10_hot1,682,42,200,OK,PENDING_PAYMENT,4004.983
A2_pool10_hot1,683,43,200,OK,PENDING_PAYMENT,4000.182
A2_pool10_hot1,684,44,200,OK,PENDING_PAYMENT,4013.053
A2_pool10_hot1,685,45,200,OK,PENDING_PAYMENT,4014.903
A2_pool10_hot1,686,46,200,OK,PENDING_PAYMENT,4027.292
A2_pool10_hot1,687,47,200,OK,PENDING_PAYMENT,4027.343
A2_pool10_hot1,688,48,200,OK,PENDING_PAYMENT,4039.160
A2_pool10_hot1,689,49,200,OK,PENDING_PAYMENT,4039.307
A2_pool10_hot1,690,50,200,OK,PENDING_PAYMENT,4039.534
A2_pool10_hot1,691,51,200,OK,PENDING_PAYMENT,4049.092
A2_pool10_hot1,692,52,200,OK,PENDING_PAYMENT,4048.925
A2_pool10_hot1,693,53,200,OK,PENDING_PAYMENT,4037.156
A2_pool10_hot1,694,54,200,OK,PENDING_PAYMENT,4047.566
A2_pool10_hot1,695,55,200,OK,PENDING_PAYMENT,4043.486
A2_pool10_hot1,696,56,200,OK,PENDING_PAYMENT,4045.200
A2_pool10_hot1,697,57,200,OK,PENDING_PAYMENT,4047.588
A2_pool10_hot1,698,58,200,OK,PENDING_PAYMENT,4061.301
A2_pool10_hot1,699,59,200,OK,PENDING_PAYMENT,4058.340
A2_pool10_hot1,700,60,200,OK,PENDING_PAYMENT,4065.195
A2_pool10_hot1,701,61,200,OK,PENDING_PAYMENT,4070.722
A2_pool10_hot1,702,62,200,OK,PENDING_PAYMENT,4083.865
A2_pool10_hot1,703,63,200,OK,PENDING_PAYMENT,4069.558
A2_pool10_hot1,704,0,200,OK,PENDING_PAYMENT,4083.068
A2_pool10_hot1,705,1,200,OK,PENDING_PAYMENT,4085.403
A2_pool10_hot1,706,2,200,OK,PENDING_PAYMENT,4070.521
A2_pool10_hot1,707,3,200,OK,PENDING_PAYMENT,4078.905
A2_pool10_hot1,708,4,200,OK,PENDING_PAYMENT,4069.540
A2_pool10_hot1,709,5,200,OK,PENDING_PAYMENT,4072.442
A2_pool10_hot1,710,6,200,OK,PENDING_PAYMENT,4070.902
A2_pool10_hot1,711,7,200,OK,PENDING_PAYMENT,4067.242
A2_pool10_hot1,712,8,200,OK,PENDING_PAYMENT,4068.815
A2_pool10_hot1,713,9,200,OK,PENDING_PAYMENT,4062.679
A2_pool10_hot1,714,10,200,OK,PENDING_PAYMENT,4071.631
A2_pool10_hot1,715,11,200,OK,PENDING_PAYMENT,4082.164
A2_pool10_hot1,716,12,200,OK,PENDING_PAYMENT,4077.473
A2_pool10_hot1,717,13,200,OK,PENDING_PAYMENT,4079.371
A2_pool10_hot1,718,14,200,OK,PENDING_PAYMENT,4078.209
A2_pool10_hot1,719,15,200,OK,PENDING_PAYMENT,4085.644
A2_pool10_hot1,720,16,200,OK,PENDING_PAYMENT,4089.738
A2_pool10_hot1,721,17,200,OK,PENDING_PAYMENT,4110.138
A2_pool10_hot1,722,18,200,OK,PENDING_PAYMENT,4129.187
A2_pool10_hot1,723,19,200,OK,PENDING_PAYMENT,4125.506
A2_pool10_hot1,725,21,200,OK,PENDING_PAYMENT,4110.568
A2_pool10_hot1,724,20,200,OK,PENDING_PAYMENT,4182.331
A2_pool10_hot1,726,22,200,OK,PENDING_PAYMENT,4160.878
A2_pool10_hot1,727,23,200,OK,PENDING_PAYMENT,4136.676
A2_pool10_hot1,728,24,200,OK,PENDING_PAYMENT,4137.065
A2_pool10_hot1,729,25,200,OK,PENDING_PAYMENT,4143.947
A2_pool10_hot1,730,26,200,OK,PENDING_PAYMENT,4139.927
A2_pool10_hot1,731,27,200,OK,PENDING_PAYMENT,4150.684
A2_pool10_hot1,732,28,200,OK,PENDING_PAYMENT,4159.934
A2_pool10_hot1,733,29,200,OK,PENDING_PAYMENT,4162.767
A2_pool10_hot1,734,30,200,OK,PENDING_PAYMENT,4153.565
A2_pool10_hot1,735,31,200,OK,PENDING_PAYMENT,4155.195
A2_pool10_hot1,736,32,200,OK,PENDING_PAYMENT,4155.539
A2_pool10_hot1,737,33,200,OK,PENDING_PAYMENT,4152.914
A2_pool10_hot1,738,34,200,OK,PENDING_PAYMENT,4159.505
A2_pool10_hot1,739,35,200,OK,PENDING_PAYMENT,4169.420
A2_pool10_hot1,740,36,200,OK,PENDING_PAYMENT,4165.689
A2_pool10_hot1,741,37,200,OK,PENDING_PAYMENT,4163.846
A2_pool10_hot1,742,38,200,OK,PENDING_PAYMENT,4173.580
A2_pool10_hot1,743,39,200,OK,PENDING_PAYMENT,4170.447
A2_pool10_hot1,744,40,200,OK,PENDING_PAYMENT,4179.141
A2_pool10_hot1,745,41,200,OK,PENDING_PAYMENT,4185.742
A2_pool10_hot1,746,42,200,OK,PENDING_PAYMENT,4185.940
A2_pool10_hot1,747,43,200,OK,PENDING_PAYMENT,4187.291
A2_pool10_hot1,748,44,200,OK,PENDING_PAYMENT,4183.766
A2_pool10_hot1,749,45,200,OK,PENDING_PAYMENT,4175.412
A2_pool10_hot1,750,46,200,OK,PENDING_PAYMENT,4182.847
A2_pool10_hot1,751,47,200,OK,PENDING_PAYMENT,4188.000
A2_pool10_hot1,752,48,200,OK,PENDING_PAYMENT,4187.554
A2_pool10_hot1,753,49,200,OK,PENDING_PAYMENT,4187.481
A2_pool10_hot1,754,50,200,OK,PENDING_PAYMENT,4193.796
A2_pool10_hot1,755,51,200,OK,PENDING_PAYMENT,4203.851
A2_pool10_hot1,756,52,200,OK,PENDING_PAYMENT,4203.767
A2_pool10_hot1,757,53,200,OK,PENDING_PAYMENT,4203.639
A2_pool10_hot1,758,54,200,OK,PENDING_PAYMENT,4207.456
A2_pool10_hot1,759,55,200,OK,PENDING_PAYMENT,4204.696
A2_pool10_hot1,760,56,200,OK,PENDING_PAYMENT,4204.964
A2_pool10_hot1,761,57,200,OK,PENDING_PAYMENT,4205.149
A2_pool10_hot1,762,58,200,OK,PENDING_PAYMENT,4208.836
A2_pool10_hot1,763,59,200,OK,PENDING_PAYMENT,4205.683
A2_pool10_hot1,764,60,200,OK,PENDING_PAYMENT,4217.509
A2_pool10_hot1,766,62,200,OK,PENDING_PAYMENT,4202.532
A2_pool10_hot1,765,61,200,OK,PENDING_PAYMENT,4233.397
A2_pool10_hot1,767,63,200,OK,PENDING_PAYMENT,4218.188
A2_pool10_hot1,768,0,200,OK,PENDING_PAYMENT,4220.920
A2_pool10_hot1,769,1,200,OK,PENDING_PAYMENT,4224.608
A2_pool10_hot1,770,2,200,OK,PENDING_PAYMENT,4228.577
A2_pool10_hot1,771,3,200,OK,PENDING_PAYMENT,4222.908
A2_pool10_hot1,772,4,200,OK,PENDING_PAYMENT,4219.808
A2_pool10_hot1,773,5,200,OK,PENDING_PAYMENT,4226.353
A2_pool10_hot1,774,6,200,OK,PENDING_PAYMENT,4225.618
A2_pool10_hot1,775,7,200,OK,PENDING_PAYMENT,4229.808
A2_pool10_hot1,776,8,200,OK,PENDING_PAYMENT,4233.429
A2_pool10_hot1,777,9,200,OK,PENDING_PAYMENT,4231.032
A2_pool10_hot1,778,10,200,OK,PENDING_PAYMENT,4239.592
A2_pool10_hot1,779,11,200,OK,PENDING_PAYMENT,4238.661
A2_pool10_hot1,780,12,200,OK,PENDING_PAYMENT,4253.888
A2_pool10_hot1,781,13,200,OK,PENDING_PAYMENT,4260.101
A2_pool10_hot1,782,14,200,OK,PENDING_PAYMENT,4278.058
A2_pool10_hot1,783,15,200,OK,PENDING_PAYMENT,4289.651
A2_pool10_hot1,784,16,200,OK,PENDING_PAYMENT,4292.357
A2_pool10_hot1,785,17,200,OK,PENDING_PAYMENT,4286.424
A2_pool10_hot1,786,18,200,OK,PENDING_PAYMENT,4289.162
A2_pool10_hot1,788,20,200,OK,PENDING_PAYMENT,4275.348
A2_pool10_hot1,787,19,200,OK,PENDING_PAYMENT,4301.596
A2_pool10_hot1,789,21,200,OK,PENDING_PAYMENT,4286.828
A2_pool10_hot1,790,22,200,OK,PENDING_PAYMENT,4286.703
A2_pool10_hot1,791,23,200,OK,PENDING_PAYMENT,4281.312
A2_pool10_hot1,792,24,200,OK,PENDING_PAYMENT,4273.626
A2_pool10_hot1,793,25,200,OK,PENDING_PAYMENT,4258.764
A2_pool10_hot1,794,26,200,OK,PENDING_PAYMENT,4252.804
A2_pool10_hot1,795,27,200,OK,PENDING_PAYMENT,4242.077
A2_pool10_hot1,797,29,200,OK,PENDING_PAYMENT,4220.493
A2_pool10_hot1,796,28,200,OK,PENDING_PAYMENT,4247.581
A2_pool10_hot1,798,30,200,OK,PENDING_PAYMENT,4230.084
A2_pool10_hot1,799,31,200,OK,PENDING_PAYMENT,4227.224
A2_pool10_hot1,800,32,200,OK,PENDING_PAYMENT,4236.153
A2_pool10_hot1,801,33,200,OK,PENDING_PAYMENT,4226.521
A2_pool10_hot1,802,34,200,OK,PENDING_PAYMENT,4217.600
A2_pool10_hot1,803,35,200,OK,PENDING_PAYMENT,4218.238
A2_pool10_hot1,804,36,200,OK,PENDING_PAYMENT,4220.855
A2_pool10_hot1,805,37,200,OK,PENDING_PAYMENT,4222.163
A2_pool10_hot1,806,38,200,OK,PENDING_PAYMENT,4211.744
A2_pool10_hot1,807,39,200,OK,PENDING_PAYMENT,4210.469
A2_pool10_hot1,808,40,200,OK,PENDING_PAYMENT,4204.288
A2_pool10_hot1,809,41,200,OK,PENDING_PAYMENT,4211.637
A2_pool10_hot1,810,42,200,OK,PENDING_PAYMENT,4193.063
A2_pool10_hot1,811,43,200,OK,PENDING_PAYMENT,4192.033
A2_pool10_hot1,812,44,200,OK,PENDING_PAYMENT,4185.829
A2_pool10_hot1,813,45,200,OK,PENDING_PAYMENT,4187.668
A2_pool10_hot1,814,46,200,OK,PENDING_PAYMENT,4172.506
A2_pool10_hot1,815,47,200,OK,PENDING_PAYMENT,4169.619
A2_pool10_hot1,816,48,200,OK,PENDING_PAYMENT,4170.311
A2_pool10_hot1,817,49,200,OK,PENDING_PAYMENT,4160.755
A2_pool10_hot1,818,50,200,OK,PENDING_PAYMENT,4154.982
A2_pool10_hot1,819,51,200,OK,PENDING_PAYMENT,4136.333
A2_pool10_hot1,820,52,200,OK,PENDING_PAYMENT,4147.607
A2_pool10_hot1,821,53,200,OK,PENDING_PAYMENT,4136.485
A2_pool10_hot1,822,54,200,OK,PENDING_PAYMENT,4143.072
A2_pool10_hot1,823,55,200,OK,PENDING_PAYMENT,4142.918
A2_pool10_hot1,824,56,200,OK,PENDING_PAYMENT,4138.977
A2_pool10_hot1,825,57,200,OK,PENDING_PAYMENT,4124.008
A2_pool10_hot1,826,58,200,OK,PENDING_PAYMENT,4125.747
A2_pool10_hot1,827,59,200,OK,PENDING_PAYMENT,4120.059
A2_pool10_hot1,828,60,200,OK,PENDING_PAYMENT,4127.379
A2_pool10_hot1,829,61,200,OK,PENDING_PAYMENT,4113.862
A2_pool10_hot1,830,62,200,OK,PENDING_PAYMENT,4121.730
A2_pool10_hot1,831,63,200,OK,PENDING_PAYMENT,4115.487
A2_pool10_hot1,832,0,200,OK,PENDING_PAYMENT,4127.376
A2_pool10_hot1,833,1,200,OK,PENDING_PAYMENT,4120.808
A2_pool10_hot1,834,2,200,OK,PENDING_PAYMENT,4114.892
A2_pool10_hot1,835,3,200,OK,PENDING_PAYMENT,4106.177
A2_pool10_hot1,836,4,200,OK,PENDING_PAYMENT,4112.761
A2_pool10_hot1,838,6,200,OK,PENDING_PAYMENT,4093.589
A2_pool10_hot1,837,5,200,OK,PENDING_PAYMENT,4120.395
A2_pool10_hot1,839,7,200,OK,PENDING_PAYMENT,4100.691
A2_pool10_hot1,840,8,200,OK,PENDING_PAYMENT,4089.444
A2_pool10_hot1,841,9,200,OK,PENDING_PAYMENT,4088.355
A2_pool10_hot1,842,10,200,OK,PENDING_PAYMENT,4091.865
A2_pool10_hot1,843,11,200,OK,PENDING_PAYMENT,4085.462
A2_pool10_hot1,844,12,200,OK,PENDING_PAYMENT,4084.968
A2_pool10_hot1,845,13,200,OK,PENDING_PAYMENT,4076.386
A2_pool10_hot1,846,14,200,OK,PENDING_PAYMENT,4067.648
A2_pool10_hot1,847,15,200,OK,PENDING_PAYMENT,4074.988
A2_pool10_hot1,848,16,200,OK,PENDING_PAYMENT,4067.890
A2_pool10_hot1,849,17,200,OK,PENDING_PAYMENT,4082.755
A2_pool10_hot1,851,19,200,OK,PENDING_PAYMENT,4049.560
A2_pool10_hot1,850,18,200,OK,PENDING_PAYMENT,4097.733
A2_pool10_hot1,852,20,200,OK,PENDING_PAYMENT,4064.511
A2_pool10_hot1,853,21,200,OK,PENDING_PAYMENT,4075.326
A2_pool10_hot1,854,22,200,OK,PENDING_PAYMENT,4063.089
A2_pool10_hot1,855,23,200,OK,PENDING_PAYMENT,4040.329
A2_pool10_hot1,856,24,200,OK,PENDING_PAYMENT,4049.299
A2_pool10_hot1,857,25,200,OK,PENDING_PAYMENT,4044.423
A2_pool10_hot1,858,26,200,OK,PENDING_PAYMENT,4028.849
A2_pool10_hot1,859,27,200,OK,PENDING_PAYMENT,4037.877
A2_pool10_hot1,860,28,200,OK,PENDING_PAYMENT,4036.764
A2_pool10_hot1,861,29,200,OK,PENDING_PAYMENT,4042.542
A2_pool10_hot1,863,31,200,OK,PENDING_PAYMENT,4017.805
A2_pool10_hot1,862,30,200,OK,PENDING_PAYMENT,4049.176
A2_pool10_hot1,865,33,200,OK,PENDING_PAYMENT,4012.094
A2_pool10_hot1,864,32,200,OK,PENDING_PAYMENT,4043.765
A2_pool10_hot1,866,34,200,OK,PENDING_PAYMENT,4016.614
A2_pool10_hot1,867,35,200,OK,PENDING_PAYMENT,4032.155
A2_pool10_hot1,868,36,200,OK,PENDING_PAYMENT,4025.579
A2_pool10_hot1,869,37,200,OK,PENDING_PAYMENT,4028.824
A2_pool10_hot1,870,38,200,OK,PENDING_PAYMENT,4016.704
A2_pool10_hot1,871,39,200,OK,PENDING_PAYMENT,4023.482
A2_pool10_hot1,872,40,200,OK,PENDING_PAYMENT,4016.098
A2_pool10_hot1,873,41,200,OK,PENDING_PAYMENT,4017.666
A2_pool10_hot1,874,42,200,OK,PENDING_PAYMENT,4008.491
A2_pool10_hot1,875,43,200,OK,PENDING_PAYMENT,4006.151
A2_pool10_hot1,876,44,200,OK,PENDING_PAYMENT,3996.047
A2_pool10_hot1,877,45,200,OK,PENDING_PAYMENT,3999.848
A2_pool10_hot1,878,46,200,OK,PENDING_PAYMENT,3993.362
A2_pool10_hot1,879,47,200,OK,PENDING_PAYMENT,3996.175
A2_pool10_hot1,880,48,200,OK,PENDING_PAYMENT,3999.243
A2_pool10_hot1,881,49,200,OK,PENDING_PAYMENT,3993.513
A2_pool10_hot1,882,50,200,OK,PENDING_PAYMENT,3986.450
A2_pool10_hot1,883,51,200,OK,PENDING_PAYMENT,3991.916
A2_pool10_hot1,884,52,200,OK,PENDING_PAYMENT,3985.424
A2_pool10_hot1,885,53,200,OK,PENDING_PAYMENT,3988.790
A2_pool10_hot1,886,54,200,OK,PENDING_PAYMENT,3982.431
A2_pool10_hot1,887,55,200,OK,PENDING_PAYMENT,3984.683
A2_pool10_hot1,888,56,200,OK,PENDING_PAYMENT,3974.851
A2_pool10_hot1,889,57,200,OK,PENDING_PAYMENT,3978.417
A2_pool10_hot1,890,58,200,OK,PENDING_PAYMENT,3975.888
A2_pool10_hot1,891,59,200,OK,PENDING_PAYMENT,3982.084
A2_pool10_hot1,892,60,200,OK,PENDING_PAYMENT,3966.109
A2_pool10_hot1,893,61,200,OK,PENDING_PAYMENT,3964.222
A2_pool10_hot1,894,62,200,OK,PENDING_PAYMENT,3970.038
A2_pool10_hot1,895,63,200,OK,PENDING_PAYMENT,3973.134
A2_pool10_hot1,896,0,200,OK,PENDING_PAYMENT,3975.130
A2_pool10_hot1,897,1,200,OK,PENDING_PAYMENT,3972.398
A2_pool10_hot1,898,2,200,OK,PENDING_PAYMENT,3975.788
A2_pool10_hot1,899,3,200,OK,PENDING_PAYMENT,3973.337
A2_pool10_hot1,900,4,200,OK,PENDING_PAYMENT,3975.122
A2_pool10_hot1,901,5,200,OK,PENDING_PAYMENT,3962.255
A2_pool10_hot1,902,6,200,OK,PENDING_PAYMENT,3956.994
A2_pool10_hot1,903,7,200,OK,PENDING_PAYMENT,3965.820
A2_pool10_hot1,904,8,200,OK,PENDING_PAYMENT,3969.676
A2_pool10_hot1,905,9,200,OK,PENDING_PAYMENT,3978.369
A2_pool10_hot1,906,10,200,OK,PENDING_PAYMENT,3975.816
A2_pool10_hot1,907,11,200,OK,PENDING_PAYMENT,3979.492
A2_pool10_hot1,908,12,200,OK,PENDING_PAYMENT,3974.266
A2_pool10_hot1,909,13,200,OK,PENDING_PAYMENT,3967.818
A2_pool10_hot1,910,14,200,OK,PENDING_PAYMENT,3980.223
A2_pool10_hot1,911,15,200,OK,PENDING_PAYMENT,3973.442
A2_pool10_hot1,912,16,200,OK,PENDING_PAYMENT,3977.666
A2_pool10_hot1,913,17,200,OK,PENDING_PAYMENT,3970.462
A2_pool10_hot1,914,18,200,OK,PENDING_PAYMENT,3976.507
A2_pool10_hot1,915,19,200,OK,PENDING_PAYMENT,3975.496
A2_pool10_hot1,916,20,200,OK,PENDING_PAYMENT,3974.524
A2_pool10_hot1,917,21,200,OK,PENDING_PAYMENT,3969.559
A2_pool10_hot1,918,22,200,OK,PENDING_PAYMENT,3960.980
A2_pool10_hot1,919,23,200,OK,PENDING_PAYMENT,3939.903
A2_pool10_hot1,920,24,200,OK,PENDING_PAYMENT,3909.511
A2_pool10_hot1,921,25,200,OK,PENDING_PAYMENT,3919.058
A2_pool10_hot1,923,27,200,OK,PENDING_PAYMENT,3927.534
A2_pool10_hot1,922,26,200,OK,PENDING_PAYMENT,3962.572
A2_pool10_hot1,924,28,200,OK,PENDING_PAYMENT,3937.813
A2_pool10_hot1,925,29,200,OK,PENDING_PAYMENT,3950.208
A2_pool10_hot1,926,30,200,OK,PENDING_PAYMENT,3939.597
A2_pool10_hot1,927,31,200,OK,PENDING_PAYMENT,3933.277
A2_pool10_hot1,928,32,200,OK,PENDING_PAYMENT,3936.778
A2_pool10_hot1,929,33,200,OK,PENDING_PAYMENT,3928.071
A2_pool10_hot1,930,34,200,OK,PENDING_PAYMENT,3929.348
A2_pool10_hot1,931,35,200,OK,PENDING_PAYMENT,3920.445
A2_pool10_hot1,932,36,200,OK,PENDING_PAYMENT,3918.395
A2_pool10_hot1,933,37,200,OK,PENDING_PAYMENT,3921.169
A2_pool10_hot1,934,38,200,OK,PENDING_PAYMENT,3889.478
A2_pool10_hot1,935,39,200,OK,PENDING_PAYMENT,3894.642
A2_pool10_hot1,936,40,200,OK,PENDING_PAYMENT,3892.318
A2_pool10_hot1,937,41,200,OK,PENDING_PAYMENT,3885.390
A2_pool10_hot1,938,42,200,OK,PENDING_PAYMENT,3889.559
A2_pool10_hot1,939,43,200,OK,PENDING_PAYMENT,3880.368
A2_pool10_hot1,940,44,200,OK,PENDING_PAYMENT,3880.761
A2_pool10_hot1,941,45,200,OK,PENDING_PAYMENT,3871.910
A2_pool10_hot1,942,46,200,OK,PENDING_PAYMENT,3878.126
A2_pool10_hot1,943,47,200,OK,PENDING_PAYMENT,3865.255
A2_pool10_hot1,944,48,200,OK,PENDING_PAYMENT,3864.103
A2_pool10_hot1,945,49,200,OK,PENDING_PAYMENT,3863.755
A2_pool10_hot1,946,50,200,OK,PENDING_PAYMENT,3867.256
A2_pool10_hot1,947,51,200,OK,PENDING_PAYMENT,3860.318
A2_pool10_hot1,948,52,200,OK,PENDING_PAYMENT,3855.555
A2_pool10_hot1,949,53,200,OK,PENDING_PAYMENT,3851.029
A2_pool10_hot1,950,54,200,OK,PENDING_PAYMENT,3847.626
A2_pool10_hot1,951,55,200,OK,PENDING_PAYMENT,3845.631
A2_pool10_hot1,952,56,200,OK,PENDING_PAYMENT,3833.462
A2_pool10_hot1,953,57,200,OK,PENDING_PAYMENT,3841.561
A2_pool10_hot1,954,58,200,OK,PENDING_PAYMENT,3824.391
A2_pool10_hot1,955,59,200,OK,PENDING_PAYMENT,3825.609
A2_pool10_hot1,956,60,200,OK,PENDING_PAYMENT,3807.576
A2_pool10_hot1,957,61,200,OK,PENDING_PAYMENT,3809.055
A2_pool10_hot1,958,62,200,OK,PENDING_PAYMENT,3785.847
A2_pool10_hot1,959,63,200,OK,PENDING_PAYMENT,3801.854
A2_pool10_hot1,960,0,200,OK,PENDING_PAYMENT,3779.948
A2_pool10_hot1,961,1,200,OK,PENDING_PAYMENT,3772.954
A2_pool10_hot1,962,2,200,OK,PENDING_PAYMENT,3772.436
A2_pool10_hot1,963,3,200,OK,PENDING_PAYMENT,3768.708
A2_pool10_hot1,964,4,200,OK,PENDING_PAYMENT,3768.515
A2_pool10_hot1,965,5,200,OK,PENDING_PAYMENT,3769.857
A2_pool10_hot1,966,6,200,OK,PENDING_PAYMENT,3759.169
A2_pool10_hot1,967,7,200,OK,PENDING_PAYMENT,3757.750
A2_pool10_hot1,968,8,200,OK,PENDING_PAYMENT,3744.665
A2_pool10_hot1,969,9,200,OK,PENDING_PAYMENT,3754.413
A2_pool10_hot1,970,10,200,OK,PENDING_PAYMENT,3739.568
A2_pool10_hot1,971,11,200,OK,PENDING_PAYMENT,3732.544
A2_pool10_hot1,972,12,200,OK,PENDING_PAYMENT,3725.240
A2_pool10_hot1,973,13,200,OK,PENDING_PAYMENT,3723.123
A2_pool10_hot1,974,14,200,OK,PENDING_PAYMENT,3717.680
A2_pool10_hot1,975,15,200,OK,PENDING_PAYMENT,3717.137
A2_pool10_hot1,976,16,200,OK,PENDING_PAYMENT,3707.026
A2_pool10_hot1,977,17,200,OK,PENDING_PAYMENT,3694.044
A2_pool10_hot1,978,18,200,OK,PENDING_PAYMENT,3670.736
A2_pool10_hot1,979,19,200,OK,PENDING_PAYMENT,3675.290
A2_pool10_hot1,980,20,200,OK,PENDING_PAYMENT,3653.358
A2_pool10_hot1,981,21,200,OK,PENDING_PAYMENT,3623.790
A2_pool10_hot1,982,22,200,OK,PENDING_PAYMENT,3610.260
A2_pool10_hot1,983,23,200,OK,PENDING_PAYMENT,3616.949
A2_pool10_hot1,985,25,200,OK,PENDING_PAYMENT,3593.485
A2_pool10_hot1,984,24,200,OK,PENDING_PAYMENT,3622.357
A2_pool10_hot1,986,26,200,OK,PENDING_PAYMENT,3604.457
A2_pool10_hot1,987,27,200,OK,PENDING_PAYMENT,3591.691
A2_pool10_hot1,988,28,200,OK,PENDING_PAYMENT,3577.030
A2_pool10_hot1,989,29,200,OK,PENDING_PAYMENT,3579.339
A2_pool10_hot1,990,30,200,OK,PENDING_PAYMENT,3576.638
A2_pool10_hot1,991,31,200,OK,PENDING_PAYMENT,3573.196
A2_pool10_hot1,992,32,200,OK,PENDING_PAYMENT,3576.993
A2_pool10_hot1,993,33,200,OK,PENDING_PAYMENT,3570.288
A2_pool10_hot1,994,34,200,OK,PENDING_PAYMENT,3571.430
A2_pool10_hot1,995,35,200,OK,PENDING_PAYMENT,3555.746
A2_pool10_hot1,996,36,200,OK,PENDING_PAYMENT,3558.441
A2_pool10_hot1,997,37,200,OK,PENDING_PAYMENT,3552.335
A2_pool10_hot1,998,38,200,OK,PENDING_PAYMENT,3552.970
A2_pool10_hot1,999,39,200,OK,PENDING_PAYMENT,3545.192
