phase,index,user,http,code,initialState,latencyMs
warmup,3,3,200,OK,PENDING_PAYMENT,1250.828
warmup,9,9,200,OK,PENDING_PAYMENT,1251.197
warmup,10,10,200,OK,PENDING_PAYMENT,1251.196
warmup,12,12,200,OK,PENDING_PAYMENT,1251.204
warmup,13,13,200,OK,PENDING_PAYMENT,1267.715
warmup,1,1,200,OK,PENDING_PAYMENT,1287.857
warmup,8,8,200,OK,PENDING_PAYMENT,1297.270
warmup,5,5,200,OK,PENDING_PAYMENT,1320.857
warmup,2,2,200,OK,PENDING_PAYMENT,1335.211
warmup,11,11,200,OK,PENDING_PAYMENT,1346.789
warmup,4,4,200,OK,PENDING_PAYMENT,1378.284
warmup,0,0,200,OK,PENDING_PAYMENT,1381.882
warmup,7,7,200,OK,PENDING_PAYMENT,1403.096
warmup,14,14,200,OK,PENDING_PAYMENT,1415.205
warmup,6,6,200,OK,PENDING_PAYMENT,1439.154
warmup,15,15,200,OK,PENDING_PAYMENT,1455.947
warmup,18,18,200,OK,PENDING_PAYMENT,229.795
warmup,19,19,200,OK,PENDING_PAYMENT,273.365
warmup,17,17,200,OK,PENDING_PAYMENT,287.909
warmup,16,16,200,OK,PENDING_PAYMENT,300.941
warmup,20,20,200,OK,PENDING_PAYMENT,298.999
warmup,21,21,200,OK,PENDING_PAYMENT,294.902
warmup,22,22,200,OK,PENDING_PAYMENT,300.003
warmup,23,23,200,OK,PENDING_PAYMENT,296.580
warmup,24,24,200,OK,PENDING_PAYMENT,293.778
warmup,25,25,200,OK,PENDING_PAYMENT,293.152
warmup,26,26,200,OK,PENDING_PAYMENT,284.034
warmup,27,27,200,OK,PENDING_PAYMENT,287.608
warmup,29,29,200,OK,PENDING_PAYMENT,274.357
warmup,28,28,200,OK,PENDING_PAYMENT,301.056
warmup,30,30,200,OK,PENDING_PAYMENT,283.768
warmup,31,31,200,OK,PENDING_PAYMENT,279.581
warmup,32,32,200,OK,PENDING_PAYMENT,289.174
warmup,33,33,200,OK,PENDING_PAYMENT,259.319
warmup,34,34,200,OK,PENDING_PAYMENT,264.285
warmup,35,35,200,OK,PENDING_PAYMENT,278.877
warmup,36,36,200,OK,PENDING_PAYMENT,271.782
warmup,38,38,200,OK,PENDING_PAYMENT,263.272
warmup,37,37,200,OK,PENDING_PAYMENT,294.277
warmup,39,39,200,OK,PENDING_PAYMENT,276.509
warmup,40,40,200,OK,PENDING_PAYMENT,285.864
warmup,41,41,200,OK,PENDING_PAYMENT,287.272
warmup,42,42,200,OK,PENDING_PAYMENT,280.549
warmup,43,43,200,OK,PENDING_PAYMENT,280.670
warmup,44,44,200,OK,PENDING_PAYMENT,279.535
warmup,45,45,200,OK,PENDING_PAYMENT,289.637
warmup,46,46,200,OK,PENDING_PAYMENT,280.822
warmup,47,47,200,OK,PENDING_PAYMENT,296.844
warmup,48,48,200,OK,PENDING_PAYMENT,270.047
warmup,49,49,200,OK,PENDING_PAYMENT,273.498
warmup,50,50,200,OK,PENDING_PAYMENT,274.660
warmup,52,52,200,OK,PENDING_PAYMENT,256.181
warmup,51,51,200,OK,PENDING_PAYMENT,281.064
warmup,53,53,200,OK,PENDING_PAYMENT,267.075
warmup,54,54,200,OK,PENDING_PAYMENT,267.136
warmup,55,55,200,OK,PENDING_PAYMENT,274.838
warmup,56,56,200,OK,PENDING_PAYMENT,267.635
warmup,57,57,200,OK,PENDING_PAYMENT,275.922
warmup,58,58,200,OK,PENDING_PAYMENT,266.570
warmup,59,59,200,OK,PENDING_PAYMENT,279.757
warmup,60,60,200,OK,PENDING_PAYMENT,278.083
warmup,61,61,200,OK,PENDING_PAYMENT,272.586
warmup,62,62,200,OK,PENDING_PAYMENT,266.332
warmup,64,0,200,OK,PENDING_PAYMENT,258.666
warmup,63,63,200,OK,PENDING_PAYMENT,282.991
warmup,65,1,200,OK,PENDING_PAYMENT,278.100
warmup,66,2,200,OK,PENDING_PAYMENT,280.378
warmup,67,3,200,OK,PENDING_PAYMENT,284.292
warmup,68,4,200,OK,PENDING_PAYMENT,291.577
warmup,69,5,200,OK,PENDING_PAYMENT,295.193
warmup,70,6,200,OK,PENDING_PAYMENT,289.164
warmup,71,7,200,OK,PENDING_PAYMENT,282.879
warmup,72,8,200,OK,PENDING_PAYMENT,281.749
warmup,73,9,200,OK,PENDING_PAYMENT,281.286
warmup,74,10,200,OK,PENDING_PAYMENT,298.374
warmup,75,11,200,OK,PENDING_PAYMENT,300.466
warmup,76,12,200,OK,PENDING_PAYMENT,287.510
warmup,77,13,200,OK,PENDING_PAYMENT,289.735
warmup,78,14,200,OK,PENDING_PAYMENT,302.184
warmup,79,15,200,OK,PENDING_PAYMENT,280.932
warmup,80,16,200,OK,PENDING_PAYMENT,282.292
warmup,81,17,200,OK,PENDING_PAYMENT,282.844
warmup,82,18,200,OK,PENDING_PAYMENT,267.976
warmup,83,19,200,OK,PENDING_PAYMENT,267.484
warmup,84,20,200,OK,PENDING_PAYMENT,268.342
warmup,85,21,200,OK,PENDING_PAYMENT,265.657
warmup,86,22,200,OK,PENDING_PAYMENT,274.464
warmup,87,23,200,OK,PENDING_PAYMENT,286.096
warmup,88,24,200,OK,PENDING_PAYMENT,283.776
warmup,89,25,200,OK,PENDING_PAYMENT,295.283
warmup,90,26,200,OK,PENDING_PAYMENT,297.537
warmup,91,27,200,OK,PENDING_PAYMENT,286.814
warmup,92,28,200,OK,PENDING_PAYMENT,298.428
warmup,93,29,200,OK,PENDING_PAYMENT,298.125
warmup,95,31,200,OK,PENDING_PAYMENT,298.221
warmup,94,30,200,OK,PENDING_PAYMENT,309.299
warmup,96,32,200,OK,PENDING_PAYMENT,300.664
warmup,98,34,200,OK,PENDING_PAYMENT,285.330
warmup,97,33,200,OK,PENDING_PAYMENT,299.920
warmup,99,35,200,OK,PENDING_PAYMENT,287.326
ample_16,10,10,200,OK,PENDING_PAYMENT,115.290
ample_16,6,6,200,OK,PENDING_PAYMENT,128.959
ample_16,4,4,200,OK,PENDING_PAYMENT,142.022
ample_16,14,14,200,OK,PENDING_PAYMENT,153.458
ample_16,7,7,200,OK,PENDING_PAYMENT,172.361
ample_16,15,15,200,OK,PENDING_PAYMENT,181.428
ample_16,5,5,200,OK,PENDING_PAYMENT,201.984
ample_16,2,2,200,OK,PENDING_PAYMENT,222.128
ample_16,9,9,200,OK,PENDING_PAYMENT,243.231
ample_16,1,1,200,OK,PENDING_PAYMENT,257.259
ample_16,8,8,200,OK,PENDING_PAYMENT,275.806
ample_16,12,12,200,OK,PENDING_PAYMENT,280.419
ample_16,3,3,200,OK,PENDING_PAYMENT,297.430
ample_16,13,13,200,OK,PENDING_PAYMENT,320.775
ample_16,11,11,200,OK,PENDING_PAYMENT,329.308
ample_16,0,0,200,OK,PENDING_PAYMENT,346.851
ample_16,16,16,200,OK,PENDING_PAYMENT,250.163
ample_16,17,17,200,OK,PENDING_PAYMENT,255.191
ample_16,18,18,200,OK,PENDING_PAYMENT,249.993
ample_16,19,19,200,OK,PENDING_PAYMENT,253.596
ample_16,20,20,200,OK,PENDING_PAYMENT,256.376
ample_16,21,21,200,OK,PENDING_PAYMENT,262.792
ample_16,22,22,200,OK,PENDING_PAYMENT,259.805
ample_16,23,23,200,OK,PENDING_PAYMENT,262.758
ample_16,24,24,200,OK,PENDING_PAYMENT,255.221
ample_16,25,25,200,OK,PENDING_PAYMENT,265.549
ample_16,27,27,200,OK,PENDING_PAYMENT,264.595
ample_16,26,26,200,OK,PENDING_PAYMENT,276.627
ample_16,28,28,200,OK,PENDING_PAYMENT,270.651
ample_16,29,29,200,OK,PENDING_PAYMENT,268.590
ample_16,30,30,200,OK,PENDING_PAYMENT,277.296
ample_16,31,31,200,OK,PENDING_PAYMENT,279.376
ample_16,32,32,200,OK,PENDING_PAYMENT,272.105
ample_16,33,33,200,OK,PENDING_PAYMENT,275.948
ample_16,34,34,200,OK,PENDING_PAYMENT,284.832
ample_16,35,35,200,OK,PENDING_PAYMENT,281.741
ample_16,36,36,200,OK,PENDING_PAYMENT,274.106
ample_16,37,37,200,OK,PENDING_PAYMENT,273.642
ample_16,38,38,200,OK,PENDING_PAYMENT,276.821
ample_16,39,39,200,OK,PENDING_PAYMENT,264.735
ample_16,41,41,200,OK,PENDING_PAYMENT,250.913
ample_16,40,40,200,OK,PENDING_PAYMENT,286.083
ample_16,42,42,200,OK,PENDING_PAYMENT,257.622
ample_16,43,43,200,OK,PENDING_PAYMENT,263.154
ample_16,44,44,200,OK,PENDING_PAYMENT,261.221
ample_16,45,45,200,OK,PENDING_PAYMENT,254.446
ample_16,46,46,200,OK,PENDING_PAYMENT,250.372
ample_16,47,47,200,OK,PENDING_PAYMENT,247.655
ample_16,48,48,200,OK,PENDING_PAYMENT,242.266
ample_16,49,49,200,OK,PENDING_PAYMENT,236.144
ample_16,50,50,200,OK,PENDING_PAYMENT,240.772
ample_16,51,51,200,OK,PENDING_PAYMENT,244.609
ample_16,52,52,200,OK,PENDING_PAYMENT,253.315
ample_16,53,53,200,OK,PENDING_PAYMENT,251.358
ample_16,54,54,200,OK,PENDING_PAYMENT,245.336
ample_16,55,55,200,OK,PENDING_PAYMENT,250.452
ample_16,56,56,200,OK,PENDING_PAYMENT,245.790
ample_16,57,57,200,OK,PENDING_PAYMENT,250.082
ample_16,58,58,200,OK,PENDING_PAYMENT,238.989
ample_16,59,59,200,OK,PENDING_PAYMENT,246.537
ample_16,60,60,200,OK,PENDING_PAYMENT,243.999
ample_16,61,61,200,OK,PENDING_PAYMENT,245.046
ample_16,62,62,200,OK,PENDING_PAYMENT,240.046
ample_16,63,63,200,OK,PENDING_PAYMENT,243.173
ample_16,64,0,200,OK,PENDING_PAYMENT,253.733
ample_16,65,1,200,OK,PENDING_PAYMENT,259.645
ample_16,66,2,200,OK,PENDING_PAYMENT,254.451
ample_16,67,3,200,OK,PENDING_PAYMENT,247.331
ample_16,68,4,200,OK,PENDING_PAYMENT,245.106
ample_16,69,5,200,OK,PENDING_PAYMENT,250.794
ample_16,70,6,200,OK,PENDING_PAYMENT,259.803
ample_16,71,7,200,OK,PENDING_PAYMENT,260.914
ample_16,72,8,200,OK,PENDING_PAYMENT,251.005
ample_16,73,9,200,OK,PENDING_PAYMENT,256.777
ample_16,74,10,200,OK,PENDING_PAYMENT,265.816
ample_16,75,11,200,OK,PENDING_PAYMENT,262.780
ample_16,76,12,200,OK,PENDING_PAYMENT,259.636
ample_16,77,13,200,OK,PENDING_PAYMENT,264.559
ample_16,78,14,200,OK,PENDING_PAYMENT,265.442
ample_16,79,15,200,OK,PENDING_PAYMENT,267.426
ample_16,80,16,200,OK,PENDING_PAYMENT,258.922
ample_16,81,17,200,OK,PENDING_PAYMENT,258.512
ample_16,82,18,200,OK,PENDING_PAYMENT,249.685
ample_16,83,19,200,OK,PENDING_PAYMENT,262.528
ample_16,84,20,200,OK,PENDING_PAYMENT,259.877
ample_16,85,21,200,OK,PENDING_PAYMENT,266.893
ample_16,86,22,200,OK,PENDING_PAYMENT,254.381
ample_16,87,23,200,OK,PENDING_PAYMENT,257.634
ample_16,88,24,200,OK,PENDING_PAYMENT,277.935
ample_16,89,25,200,OK,PENDING_PAYMENT,280.552
ample_16,90,26,200,OK,PENDING_PAYMENT,274.429
ample_16,91,27,200,OK,PENDING_PAYMENT,286.390
ample_16,92,28,200,OK,PENDING_PAYMENT,303.128
ample_16,93,29,200,OK,PENDING_PAYMENT,297.131
ample_16,94,30,200,OK,PENDING_PAYMENT,305.883
ample_16,95,31,200,OK,PENDING_PAYMENT,305.752
ample_16,96,32,200,OK,PENDING_PAYMENT,305.572
ample_16,97,33,200,OK,PENDING_PAYMENT,308.413
ample_16,98,34,200,OK,PENDING_PAYMENT,309.168
ample_16,99,35,200,OK,PENDING_PAYMENT,309.178
ample_16,100,36,200,OK,PENDING_PAYMENT,310.634
ample_16,102,38,200,OK,PENDING_PAYMENT,296.247
ample_16,101,37,200,OK,PENDING_PAYMENT,326.424
ample_16,103,39,200,OK,PENDING_PAYMENT,304.203
ample_16,104,40,200,OK,PENDING_PAYMENT,292.416
ample_16,106,42,200,OK,PENDING_PAYMENT,281.628
ample_16,105,41,200,OK,PENDING_PAYMENT,300.273
ample_16,107,43,200,OK,PENDING_PAYMENT,279.313
ample_16,108,44,200,OK,PENDING_PAYMENT,277.714
ample_16,109,45,200,OK,PENDING_PAYMENT,269.472
ample_16,110,46,200,OK,PENDING_PAYMENT,270.367
ample_16,111,47,200,OK,PENDING_PAYMENT,265.326
ample_16,112,48,200,OK,PENDING_PAYMENT,264.811
ample_16,113,49,200,OK,PENDING_PAYMENT,258.738
ample_16,114,50,200,OK,PENDING_PAYMENT,266.987
ample_16,115,51,200,OK,PENDING_PAYMENT,261.242
ample_16,117,53,200,OK,PENDING_PAYMENT,238.869
ample_16,116,52,200,OK,PENDING_PAYMENT,272.528
ample_16,119,55,200,OK,PENDING_PAYMENT,246.434
ample_16,118,54,200,OK,PENDING_PAYMENT,262.380
ample_16,120,56,200,OK,PENDING_PAYMENT,264.848
ample_16,121,57,200,OK,PENDING_PAYMENT,246.622
ample_16,122,58,200,OK,PENDING_PAYMENT,253.600
ample_16,123,59,200,OK,PENDING_PAYMENT,250.317
ample_16,124,60,200,OK,PENDING_PAYMENT,243.757
ample_16,125,61,200,OK,PENDING_PAYMENT,243.932
ample_16,126,62,200,OK,PENDING_PAYMENT,246.886
ample_16,127,63,200,OK,PENDING_PAYMENT,241.194
ample_16,128,0,200,OK,PENDING_PAYMENT,252.669
ample_16,129,1,200,OK,PENDING_PAYMENT,254.241
ample_16,131,3,200,OK,PENDING_PAYMENT,237.601
ample_16,130,2,200,OK,PENDING_PAYMENT,260.844
ample_16,132,4,200,OK,PENDING_PAYMENT,246.575
ample_16,133,5,200,OK,PENDING_PAYMENT,260.777
ample_16,135,7,200,OK,PENDING_PAYMENT,252.869
ample_16,134,6,200,OK,PENDING_PAYMENT,276.905
ample_16,136,8,200,OK,PENDING_PAYMENT,259.222
ample_16,137,9,200,OK,PENDING_PAYMENT,258.498
ample_16,138,10,200,OK,PENDING_PAYMENT,263.607
ample_16,139,11,200,OK,PENDING_PAYMENT,267.573
ample_16,140,12,200,OK,PENDING_PAYMENT,272.181
ample_16,141,13,200,OK,PENDING_PAYMENT,280.820
ample_16,142,14,200,OK,PENDING_PAYMENT,276.222
ample_16,143,15,200,OK,PENDING_PAYMENT,275.794
ample_16,144,16,200,OK,PENDING_PAYMENT,282.778
ample_16,145,17,200,OK,PENDING_PAYMENT,280.652
ample_16,146,18,200,OK,PENDING_PAYMENT,290.736
ample_16,147,19,200,OK,PENDING_PAYMENT,309.300
ample_16,148,20,200,OK,PENDING_PAYMENT,308.867
ample_16,149,21,200,OK,PENDING_PAYMENT,303.050
ample_16,150,22,200,OK,PENDING_PAYMENT,294.731
ample_16,151,23,200,OK,PENDING_PAYMENT,297.754
ample_16,152,24,200,OK,PENDING_PAYMENT,291.826
ample_16,153,25,200,OK,PENDING_PAYMENT,303.789
ample_16,154,26,200,OK,PENDING_PAYMENT,305.135
ample_16,155,27,200,OK,PENDING_PAYMENT,296.187
ample_16,156,28,200,OK,PENDING_PAYMENT,301.086
ample_16,157,29,200,OK,PENDING_PAYMENT,288.403
ample_16,158,30,200,OK,PENDING_PAYMENT,286.635
ample_16,159,31,200,OK,PENDING_PAYMENT,295.012
ample_16,160,32,200,OK,PENDING_PAYMENT,284.979
ample_16,161,33,200,OK,PENDING_PAYMENT,280.682
ample_16,162,34,200,OK,PENDING_PAYMENT,269.329
ample_16,163,35,200,OK,PENDING_PAYMENT,266.971
ample_16,164,36,200,OK,PENDING_PAYMENT,262.592
ample_16,165,37,200,OK,PENDING_PAYMENT,259.515
ample_16,166,38,200,OK,PENDING_PAYMENT,250.203
ample_16,167,39,200,OK,PENDING_PAYMENT,243.555
ample_16,168,40,200,OK,PENDING_PAYMENT,244.113
ample_16,169,41,200,OK,PENDING_PAYMENT,244.569
ample_16,170,42,200,OK,PENDING_PAYMENT,240.979
ample_16,171,43,200,OK,PENDING_PAYMENT,244.065
ample_16,172,44,200,OK,PENDING_PAYMENT,234.154
ample_16,173,45,200,OK,PENDING_PAYMENT,238.153
ample_16,174,46,200,OK,PENDING_PAYMENT,280.984
ample_16,175,47,200,OK,PENDING_PAYMENT,282.631
ample_16,176,48,200,OK,PENDING_PAYMENT,274.490
ample_16,177,49,200,OK,PENDING_PAYMENT,285.277
ample_16,178,50,200,OK,PENDING_PAYMENT,277.231
ample_16,179,51,200,OK,PENDING_PAYMENT,277.355
ample_16,180,52,200,OK,PENDING_PAYMENT,270.967
ample_16,181,53,200,OK,PENDING_PAYMENT,280.771
ample_16,182,54,200,OK,PENDING_PAYMENT,293.290
ample_16,183,55,200,OK,PENDING_PAYMENT,282.815
ample_16,184,56,200,OK,PENDING_PAYMENT,286.530
ample_16,185,57,200,OK,PENDING_PAYMENT,283.148
ample_16,186,58,200,OK,PENDING_PAYMENT,281.602
ample_16,187,59,200,OK,PENDING_PAYMENT,284.798
ample_16,188,60,200,OK,PENDING_PAYMENT,282.156
ample_16,189,61,200,OK,PENDING_PAYMENT,296.023
ample_16,190,62,200,OK,PENDING_PAYMENT,260.920
ample_16,191,63,200,OK,PENDING_PAYMENT,266.022
ample_16,192,0,200,OK,PENDING_PAYMENT,262.015
ample_16,193,1,200,OK,PENDING_PAYMENT,254.363
ample_16,194,2,200,OK,PENDING_PAYMENT,269.069
ample_16,195,3,200,OK,PENDING_PAYMENT,253.343
ample_16,196,4,200,OK,PENDING_PAYMENT,263.518
ample_16,197,5,200,OK,PENDING_PAYMENT,252.886
ample_16,198,6,200,OK,PENDING_PAYMENT,252.725
ample_16,199,7,200,OK,PENDING_PAYMENT,263.543
ample_16,200,8,200,OK,PENDING_PAYMENT,264.866
ample_16,201,9,200,OK,PENDING_PAYMENT,273.748
ample_16,202,10,200,OK,PENDING_PAYMENT,280.461
ample_16,203,11,200,OK,PENDING_PAYMENT,287.233
ample_16,204,12,200,OK,PENDING_PAYMENT,292.525
ample_16,205,13,200,OK,PENDING_PAYMENT,295.781
ample_16,206,14,200,OK,PENDING_PAYMENT,290.785
ample_16,208,16,200,OK,PENDING_PAYMENT,286.900
ample_16,207,15,200,OK,PENDING_PAYMENT,315.054
ample_16,209,17,200,OK,PENDING_PAYMENT,309.495
ample_16,210,18,200,OK,PENDING_PAYMENT,303.760
ample_16,211,19,200,OK,PENDING_PAYMENT,321.187
ample_16,212,20,200,OK,PENDING_PAYMENT,314.756
ample_16,213,21,200,OK,PENDING_PAYMENT,313.773
ample_16,214,22,200,OK,PENDING_PAYMENT,311.495
ample_16,215,23,200,OK,PENDING_PAYMENT,308.849
ample_16,216,24,200,OK,PENDING_PAYMENT,306.247
ample_16,217,25,200,OK,PENDING_PAYMENT,309.364
ample_16,218,26,200,OK,PENDING_PAYMENT,299.748
ample_16,219,27,200,OK,PENDING_PAYMENT,291.453
ample_16,220,28,200,OK,PENDING_PAYMENT,279.518
ample_16,221,29,200,OK,PENDING_PAYMENT,271.003
ample_16,222,30,200,OK,PENDING_PAYMENT,271.740
ample_16,223,31,200,OK,PENDING_PAYMENT,259.818
ample_16,224,32,200,OK,PENDING_PAYMENT,251.174
ample_16,225,33,200,OK,PENDING_PAYMENT,248.927
ample_16,226,34,200,OK,PENDING_PAYMENT,240.305
ample_16,227,35,200,OK,PENDING_PAYMENT,237.454
ample_16,228,36,200,OK,PENDING_PAYMENT,240.470
ample_16,229,37,200,OK,PENDING_PAYMENT,240.622
ample_16,230,38,200,OK,PENDING_PAYMENT,245.262
ample_16,231,39,200,OK,PENDING_PAYMENT,245.221
ample_16,232,40,200,OK,PENDING_PAYMENT,250.425
ample_16,233,41,200,OK,PENDING_PAYMENT,229.249
ample_16,234,42,200,OK,PENDING_PAYMENT,227.449
ample_16,235,43,200,OK,PENDING_PAYMENT,225.618
ample_16,236,44,200,OK,PENDING_PAYMENT,232.084
ample_16,237,45,200,OK,PENDING_PAYMENT,235.871
ample_16,238,46,200,OK,PENDING_PAYMENT,228.895
ample_16,239,47,200,OK,PENDING_PAYMENT,231.358
ample_16,240,48,200,OK,PENDING_PAYMENT,225.401
ample_16,241,49,200,OK,PENDING_PAYMENT,231.788
ample_16,242,50,200,OK,PENDING_PAYMENT,243.650
ample_16,243,51,200,OK,PENDING_PAYMENT,249.307
ample_16,244,52,200,OK,PENDING_PAYMENT,236.470
ample_16,245,53,200,OK,PENDING_PAYMENT,233.816
ample_16,246,54,200,OK,PENDING_PAYMENT,230.316
ample_16,247,55,200,OK,PENDING_PAYMENT,233.295
ample_16,248,56,200,OK,PENDING_PAYMENT,222.365
ample_16,249,57,200,OK,PENDING_PAYMENT,230.444
ample_16,250,58,200,OK,PENDING_PAYMENT,237.643
ample_16,251,59,200,OK,PENDING_PAYMENT,242.265
ample_16,252,60,200,OK,PENDING_PAYMENT,247.379
ample_16,253,61,200,OK,PENDING_PAYMENT,241.659
ample_16,254,62,200,OK,PENDING_PAYMENT,243.359
ample_16,256,0,200,OK,PENDING_PAYMENT,233.928
ample_16,255,63,200,OK,PENDING_PAYMENT,248.050
ample_16,257,1,200,OK,PENDING_PAYMENT,235.300
ample_16,258,2,200,OK,PENDING_PAYMENT,233.496
ample_16,259,3,200,OK,PENDING_PAYMENT,227.345
ample_16,260,4,200,OK,PENDING_PAYMENT,240.439
ample_16,261,5,200,OK,PENDING_PAYMENT,231.852
ample_16,262,6,200,OK,PENDING_PAYMENT,235.683
ample_16,263,7,200,OK,PENDING_PAYMENT,236.005
ample_16,264,8,200,OK,PENDING_PAYMENT,243.480
ample_16,265,9,200,OK,PENDING_PAYMENT,244.891
ample_16,266,10,200,OK,PENDING_PAYMENT,251.845
ample_16,267,11,200,OK,PENDING_PAYMENT,261.595
ample_16,268,12,200,OK,PENDING_PAYMENT,259.381
ample_16,269,13,200,OK,PENDING_PAYMENT,262.557
ample_16,270,14,200,OK,PENDING_PAYMENT,279.589
ample_16,271,15,200,OK,PENDING_PAYMENT,270.026
ample_16,272,16,200,OK,PENDING_PAYMENT,296.151
ample_16,273,17,200,OK,PENDING_PAYMENT,294.901
ample_16,274,18,200,OK,PENDING_PAYMENT,294.219
ample_16,275,19,200,OK,PENDING_PAYMENT,288.969
ample_16,277,21,200,OK,PENDING_PAYMENT,282.962
ample_16,276,20,200,OK,PENDING_PAYMENT,302.892
ample_16,278,22,200,OK,PENDING_PAYMENT,291.383
ample_16,279,23,200,OK,PENDING_PAYMENT,283.789
ample_16,280,24,200,OK,PENDING_PAYMENT,282.511
ample_16,281,25,200,OK,PENDING_PAYMENT,286.286
ample_16,282,26,200,OK,PENDING_PAYMENT,279.491
ample_16,283,27,200,OK,PENDING_PAYMENT,258.962
ample_16,284,28,200,OK,PENDING_PAYMENT,256.889
ample_16,285,29,200,OK,PENDING_PAYMENT,257.027
ample_16,286,30,200,OK,PENDING_PAYMENT,247.061
ample_16,287,31,200,OK,PENDING_PAYMENT,255.399
ample_16,288,32,200,OK,PENDING_PAYMENT,240.821
ample_16,289,33,200,OK,PENDING_PAYMENT,241.649
ample_16,290,34,200,OK,PENDING_PAYMENT,240.433
ample_16,291,35,200,OK,PENDING_PAYMENT,241.058
ample_16,292,36,200,OK,PENDING_PAYMENT,242.319
ample_16,293,37,200,OK,PENDING_PAYMENT,242.829
ample_16,295,39,200,OK,PENDING_PAYMENT,238.137
ample_16,294,38,200,OK,PENDING_PAYMENT,257.806
ample_16,296,40,200,OK,PENDING_PAYMENT,251.059
ample_16,297,41,200,OK,PENDING_PAYMENT,241.889
ample_16,298,42,200,OK,PENDING_PAYMENT,238.873
ample_16,299,43,200,OK,PENDING_PAYMENT,258.885
ample_16,300,44,200,OK,PENDING_PAYMENT,254.609
ample_16,301,45,200,OK,PENDING_PAYMENT,256.387
ample_16,302,46,200,OK,PENDING_PAYMENT,246.294
ample_16,303,47,200,OK,PENDING_PAYMENT,249.605
ample_16,304,48,200,OK,PENDING_PAYMENT,248.975
ample_16,305,49,200,OK,PENDING_PAYMENT,246.015
ample_16,306,50,200,OK,PENDING_PAYMENT,246.631
ample_16,307,51,200,OK,PENDING_PAYMENT,237.430
ample_16,308,52,200,OK,PENDING_PAYMENT,237.451
ample_16,310,54,200,OK,PENDING_PAYMENT,221.783
ample_16,309,53,200,OK,PENDING_PAYMENT,255.741
ample_16,311,55,200,OK,PENDING_PAYMENT,245.512
ample_16,312,56,200,OK,PENDING_PAYMENT,245.259
ample_16,313,57,200,OK,PENDING_PAYMENT,249.903
ample_16,314,58,200,OK,PENDING_PAYMENT,252.216
ample_16,315,59,200,OK,PENDING_PAYMENT,232.142
ample_16,316,60,200,OK,PENDING_PAYMENT,241.187
ample_16,317,61,200,OK,PENDING_PAYMENT,235.181
ample_16,318,62,200,OK,PENDING_PAYMENT,238.126
ample_16,319,63,200,OK,PENDING_PAYMENT,236.332
ample_16,320,0,200,OK,PENDING_PAYMENT,239.351
ample_16,321,1,200,OK,PENDING_PAYMENT,233.486
ample_16,322,2,200,OK,PENDING_PAYMENT,239.515
ample_16,323,3,200,OK,PENDING_PAYMENT,239.658
ample_16,324,4,200,OK,PENDING_PAYMENT,239.200
ample_16,325,5,200,OK,PENDING_PAYMENT,238.312
ample_16,326,6,200,OK,PENDING_PAYMENT,238.997
ample_16,327,7,200,OK,PENDING_PAYMENT,247.883
ample_16,328,8,200,OK,PENDING_PAYMENT,253.580
ample_16,329,9,200,OK,PENDING_PAYMENT,256.228
ample_16,331,11,200,OK,PENDING_PAYMENT,257.874
ample_16,330,10,200,OK,PENDING_PAYMENT,271.824
ample_16,332,12,200,OK,PENDING_PAYMENT,284.703
ample_16,333,13,200,OK,PENDING_PAYMENT,281.511
ample_16,334,14,200,OK,PENDING_PAYMENT,292.339
ample_16,335,15,200,OK,PENDING_PAYMENT,298.218
ample_16,336,16,200,OK,PENDING_PAYMENT,283.640
ample_16,337,17,200,OK,PENDING_PAYMENT,293.310
ample_16,338,18,200,OK,PENDING_PAYMENT,278.128
ample_16,339,19,200,OK,PENDING_PAYMENT,283.964
ample_16,340,20,200,OK,PENDING_PAYMENT,279.104
ample_16,341,21,200,OK,PENDING_PAYMENT,275.750
ample_16,342,22,200,OK,PENDING_PAYMENT,271.471
ample_16,343,23,200,OK,PENDING_PAYMENT,259.729
ample_16,344,24,200,OK,PENDING_PAYMENT,260.177
ample_16,345,25,200,OK,PENDING_PAYMENT,257.612
ample_16,346,26,200,OK,PENDING_PAYMENT,243.324
ample_16,347,27,200,OK,PENDING_PAYMENT,252.157
ample_16,349,29,200,OK,PENDING_PAYMENT,224.792
ample_16,348,28,200,OK,PENDING_PAYMENT,259.991
ample_16,350,30,200,OK,PENDING_PAYMENT,235.501
ample_16,351,31,200,OK,PENDING_PAYMENT,237.623
ample_16,352,32,200,OK,PENDING_PAYMENT,244.790
ample_16,353,33,200,OK,PENDING_PAYMENT,252.013
ample_16,354,34,200,OK,PENDING_PAYMENT,254.758
ample_16,355,35,200,OK,PENDING_PAYMENT,256.571
ample_16,356,36,200,OK,PENDING_PAYMENT,261.765
ample_16,357,37,200,OK,PENDING_PAYMENT,261.460
ample_16,358,38,200,OK,PENDING_PAYMENT,259.997
ample_16,359,39,200,OK,PENDING_PAYMENT,254.441
ample_16,360,40,200,OK,PENDING_PAYMENT,251.958
ample_16,361,41,200,OK,PENDING_PAYMENT,257.683
ample_16,362,42,200,OK,PENDING_PAYMENT,255.303
ample_16,363,43,200,OK,PENDING_PAYMENT,249.659
ample_16,364,44,200,OK,PENDING_PAYMENT,249.470
ample_16,365,45,200,OK,PENDING_PAYMENT,241.110
ample_16,366,46,200,OK,PENDING_PAYMENT,242.314
ample_16,367,47,200,OK,PENDING_PAYMENT,233.059
ample_16,368,48,200,OK,PENDING_PAYMENT,241.160
ample_16,369,49,200,OK,PENDING_PAYMENT,240.120
ample_16,370,50,200,OK,PENDING_PAYMENT,252.097
ample_16,371,51,200,OK,PENDING_PAYMENT,247.345
ample_16,372,52,200,OK,PENDING_PAYMENT,253.141
ample_16,373,53,200,OK,PENDING_PAYMENT,245.308
ample_16,375,55,200,OK,PENDING_PAYMENT,234.853
ample_16,374,54,200,OK,PENDING_PAYMENT,265.057
ample_16,376,56,200,OK,PENDING_PAYMENT,259.128
ample_16,377,57,200,OK,PENDING_PAYMENT,258.541
ample_16,379,59,200,OK,PENDING_PAYMENT,248.794
ample_16,378,58,200,OK,PENDING_PAYMENT,273.849
ample_16,380,60,200,OK,PENDING_PAYMENT,251.727
ample_16,381,61,200,OK,PENDING_PAYMENT,257.671
ample_16,382,62,200,OK,PENDING_PAYMENT,255.313
ample_16,383,63,200,OK,PENDING_PAYMENT,264.236
ample_16,384,0,200,OK,PENDING_PAYMENT,258.362
ample_16,385,1,200,OK,PENDING_PAYMENT,254.089
ample_16,386,2,200,OK,PENDING_PAYMENT,250.516
ample_16,387,3,200,OK,PENDING_PAYMENT,253.226
ample_16,388,4,200,OK,PENDING_PAYMENT,254.957
ample_16,389,5,200,OK,PENDING_PAYMENT,266.523
ample_16,390,6,200,OK,PENDING_PAYMENT,271.443
ample_16,391,7,200,OK,PENDING_PAYMENT,267.063
ample_16,392,8,200,OK,PENDING_PAYMENT,270.610
ample_16,393,9,200,OK,PENDING_PAYMENT,278.801
ample_16,394,10,200,OK,PENDING_PAYMENT,296.983
ample_16,395,11,200,OK,PENDING_PAYMENT,306.637
ample_16,396,12,200,OK,PENDING_PAYMENT,315.463
ample_16,397,13,200,OK,PENDING_PAYMENT,311.404
ample_16,398,14,200,OK,PENDING_PAYMENT,318.652
ample_16,399,15,200,OK,PENDING_PAYMENT,307.536
ample_16,400,16,200,OK,PENDING_PAYMENT,310.790
ample_16,401,17,200,OK,PENDING_PAYMENT,299.750
ample_16,402,18,200,OK,PENDING_PAYMENT,296.670
ample_16,403,19,200,OK,PENDING_PAYMENT,302.836
ample_16,404,20,200,OK,PENDING_PAYMENT,298.231
ample_16,405,21,200,OK,PENDING_PAYMENT,301.456
ample_16,406,22,200,OK,PENDING_PAYMENT,301.974
ample_16,407,23,200,OK,PENDING_PAYMENT,307.871
ample_16,408,24,200,OK,PENDING_PAYMENT,290.347
ample_16,409,25,200,OK,PENDING_PAYMENT,276.779
ample_16,410,26,200,OK,PENDING_PAYMENT,262.869
ample_16,411,27,200,OK,PENDING_PAYMENT,257.177
ample_16,412,28,200,OK,PENDING_PAYMENT,255.093
ample_16,413,29,200,OK,PENDING_PAYMENT,251.245
ample_16,414,30,200,OK,PENDING_PAYMENT,249.194
ample_16,415,31,200,OK,PENDING_PAYMENT,249.337
ample_16,416,32,200,OK,PENDING_PAYMENT,251.912
ample_16,417,33,200,OK,PENDING_PAYMENT,251.496
ample_16,418,34,200,OK,PENDING_PAYMENT,254.607
ample_16,419,35,200,OK,PENDING_PAYMENT,250.893
ample_16,420,36,200,OK,PENDING_PAYMENT,245.127
ample_16,421,37,200,OK,PENDING_PAYMENT,239.632
ample_16,422,38,200,OK,PENDING_PAYMENT,227.568
ample_16,423,39,200,OK,PENDING_PAYMENT,218.139
ample_16,424,40,200,OK,PENDING_PAYMENT,222.920
ample_16,425,41,200,OK,PENDING_PAYMENT,225.194
ample_16,426,42,200,OK,PENDING_PAYMENT,225.679
ample_16,427,43,200,OK,PENDING_PAYMENT,216.884
ample_16,428,44,200,OK,PENDING_PAYMENT,219.747
ample_16,429,45,200,OK,PENDING_PAYMENT,220.726
ample_16,430,46,200,OK,PENDING_PAYMENT,225.474
ample_16,431,47,200,OK,PENDING_PAYMENT,233.927
ample_16,433,49,200,OK,PENDING_PAYMENT,218.961
ample_16,432,48,200,OK,PENDING_PAYMENT,238.806
ample_16,434,50,200,OK,PENDING_PAYMENT,230.248
ample_16,435,51,200,OK,PENDING_PAYMENT,226.626
ample_16,436,52,200,OK,PENDING_PAYMENT,226.574
ample_16,437,53,200,OK,PENDING_PAYMENT,225.810
ample_16,438,54,200,OK,PENDING_PAYMENT,245.653
ample_16,439,55,200,OK,PENDING_PAYMENT,244.050
ample_16,440,56,200,OK,PENDING_PAYMENT,252.274
ample_16,441,57,200,OK,PENDING_PAYMENT,249.810
ample_16,442,58,200,OK,PENDING_PAYMENT,252.605
ample_16,443,59,200,OK,PENDING_PAYMENT,259.375
ample_16,444,60,200,OK,PENDING_PAYMENT,254.093
ample_16,445,61,200,OK,PENDING_PAYMENT,250.175
ample_16,446,62,200,OK,PENDING_PAYMENT,238.901
ample_16,447,63,200,OK,PENDING_PAYMENT,233.257
ample_16,448,0,200,OK,PENDING_PAYMENT,234.756
ample_16,449,1,200,OK,PENDING_PAYMENT,237.990
ample_16,450,2,200,OK,PENDING_PAYMENT,238.089
ample_16,451,3,200,OK,PENDING_PAYMENT,238.982
ample_16,452,4,200,OK,PENDING_PAYMENT,256.148
ample_16,453,5,200,OK,PENDING_PAYMENT,249.586
ample_16,454,6,200,OK,PENDING_PAYMENT,249.700
ample_16,455,7,200,OK,PENDING_PAYMENT,248.981
ample_16,456,8,200,OK,PENDING_PAYMENT,256.034
ample_16,457,9,200,OK,PENDING_PAYMENT,257.932
ample_16,458,10,200,OK,PENDING_PAYMENT,261.268
ample_16,459,11,200,OK,PENDING_PAYMENT,263.679
ample_16,460,12,200,OK,PENDING_PAYMENT,265.820
ample_16,461,13,200,OK,PENDING_PAYMENT,273.172
ample_16,462,14,200,OK,PENDING_PAYMENT,281.648
ample_16,463,15,200,OK,PENDING_PAYMENT,278.477
ample_16,464,16,200,OK,PENDING_PAYMENT,280.554
ample_16,465,17,200,OK,PENDING_PAYMENT,280.866
ample_16,466,18,200,OK,PENDING_PAYMENT,282.173
ample_16,467,19,200,OK,PENDING_PAYMENT,283.410
ample_16,468,20,200,OK,PENDING_PAYMENT,266.638
ample_16,469,21,200,OK,PENDING_PAYMENT,283.629
ample_16,470,22,200,OK,PENDING_PAYMENT,261.077
ample_16,471,23,200,OK,PENDING_PAYMENT,266.811
ample_16,472,24,200,OK,PENDING_PAYMENT,253.088
ample_16,473,25,200,OK,PENDING_PAYMENT,252.078
ample_16,474,26,200,OK,PENDING_PAYMENT,252.414
ample_16,475,27,200,OK,PENDING_PAYMENT,236.969
ample_16,476,28,200,OK,PENDING_PAYMENT,235.201
ample_16,477,29,200,OK,PENDING_PAYMENT,233.009
ample_16,478,30,200,OK,PENDING_PAYMENT,227.499
ample_16,479,31,200,OK,PENDING_PAYMENT,230.406
ample_16,480,32,200,OK,PENDING_PAYMENT,228.257
ample_16,481,33,200,OK,PENDING_PAYMENT,234.371
ample_16,482,34,200,OK,PENDING_PAYMENT,229.234
ample_16,483,35,200,OK,PENDING_PAYMENT,230.337
ample_16,484,36,200,OK,PENDING_PAYMENT,230.873
ample_16,485,37,200,OK,PENDING_PAYMENT,222.990
ample_16,486,38,200,OK,PENDING_PAYMENT,235.734
ample_16,487,39,200,OK,PENDING_PAYMENT,233.502
ample_16,488,40,200,OK,PENDING_PAYMENT,233.073
ample_16,489,41,200,OK,PENDING_PAYMENT,227.189
ample_16,491,43,200,OK,PENDING_PAYMENT,222.348
ample_16,490,42,200,OK,PENDING_PAYMENT,241.671
ample_16,492,44,200,OK,PENDING_PAYMENT,241.136
ample_16,493,45,200,OK,PENDING_PAYMENT,239.814
ample_16,494,46,200,OK,PENDING_PAYMENT,247.646
ample_16,495,47,200,OK,PENDING_PAYMENT,245.909
ample_16,496,48,200,OK,PENDING_PAYMENT,246.252
ample_16,497,49,200,OK,PENDING_PAYMENT,234.256
ample_16,498,50,200,OK,PENDING_PAYMENT,237.074
ample_16,499,51,200,OK,PENDING_PAYMENT,228.916
ample_16,500,52,200,OK,PENDING_PAYMENT,230.659
ample_16,501,53,200,OK,PENDING_PAYMENT,228.322
ample_16,502,54,200,OK,PENDING_PAYMENT,227.273
ample_16,503,55,200,OK,PENDING_PAYMENT,231.969
ample_16,504,56,200,OK,PENDING_PAYMENT,229.274
ample_16,505,57,200,OK,PENDING_PAYMENT,237.648
ample_16,506,58,200,OK,PENDING_PAYMENT,232.348
ample_16,507,59,200,OK,PENDING_PAYMENT,232.220
ample_16,508,60,200,OK,PENDING_PAYMENT,231.754
ample_16,509,61,200,OK,PENDING_PAYMENT,231.562
ample_16,510,62,200,OK,PENDING_PAYMENT,229.263
ample_16,511,63,200,OK,PENDING_PAYMENT,228.133
ample_16,512,0,200,OK,PENDING_PAYMENT,232.278
ample_16,513,1,200,OK,PENDING_PAYMENT,236.747
ample_16,514,2,200,OK,PENDING_PAYMENT,237.140
ample_16,515,3,200,OK,PENDING_PAYMENT,242.683
ample_16,516,4,200,OK,PENDING_PAYMENT,240.584
ample_16,517,5,200,OK,PENDING_PAYMENT,248.245
ample_16,518,6,200,OK,PENDING_PAYMENT,259.336
ample_16,519,7,200,OK,PENDING_PAYMENT,282.091
ample_16,520,8,200,OK,PENDING_PAYMENT,287.119
ample_16,521,9,200,OK,PENDING_PAYMENT,320.726
ample_16,522,10,200,OK,PENDING_PAYMENT,317.871
ample_16,523,11,200,OK,PENDING_PAYMENT,317.334
ample_16,524,12,200,OK,PENDING_PAYMENT,320.673
ample_16,525,13,200,OK,PENDING_PAYMENT,313.935
ample_16,526,14,200,OK,PENDING_PAYMENT,314.324
ample_16,527,15,200,OK,PENDING_PAYMENT,317.247
ample_16,528,16,200,OK,PENDING_PAYMENT,315.752
ample_16,529,17,200,OK,PENDING_PAYMENT,313.326
ample_16,530,18,200,OK,PENDING_PAYMENT,309.462
ample_16,531,19,200,OK,PENDING_PAYMENT,313.784
ample_16,532,20,200,OK,PENDING_PAYMENT,320.930
ample_16,533,21,200,OK,PENDING_PAYMENT,318.978
ample_16,534,22,200,OK,PENDING_PAYMENT,305.297
ample_16,535,23,200,OK,PENDING_PAYMENT,283.480
ample_16,536,24,200,OK,PENDING_PAYMENT,281.689
ample_16,537,25,200,OK,PENDING_PAYMENT,248.377
ample_16,538,26,200,OK,PENDING_PAYMENT,248.498
ample_16,539,27,200,OK,PENDING_PAYMENT,249.439
ample_16,540,28,200,OK,PENDING_PAYMENT,248.767
ample_16,541,29,200,OK,PENDING_PAYMENT,258.727
ample_16,542,30,200,OK,PENDING_PAYMENT,258.094
ample_16,543,31,200,OK,PENDING_PAYMENT,257.912
ample_16,544,32,200,OK,PENDING_PAYMENT,260.879
ample_16,545,33,200,OK,PENDING_PAYMENT,263.681
ample_16,546,34,200,OK,PENDING_PAYMENT,264.452
ample_16,547,35,200,OK,PENDING_PAYMENT,264.480
ample_16,548,36,200,OK,PENDING_PAYMENT,259.462
ample_16,549,37,200,OK,PENDING_PAYMENT,257.332
ample_16,550,38,200,OK,PENDING_PAYMENT,268.328
ample_16,551,39,200,OK,PENDING_PAYMENT,267.928
ample_16,552,40,200,OK,PENDING_PAYMENT,275.367
ample_16,553,41,200,OK,PENDING_PAYMENT,283.283
ample_16,554,42,200,OK,PENDING_PAYMENT,285.161
ample_16,555,43,200,OK,PENDING_PAYMENT,295.763
ample_16,556,44,200,OK,PENDING_PAYMENT,287.195
ample_16,557,45,200,OK,PENDING_PAYMENT,284.234
ample_16,558,46,200,OK,PENDING_PAYMENT,284.904
ample_16,559,47,200,OK,PENDING_PAYMENT,285.459
ample_16,560,48,200,OK,PENDING_PAYMENT,280.067
ample_16,561,49,200,OK,PENDING_PAYMENT,279.951
ample_16,562,50,200,OK,PENDING_PAYMENT,279.798
ample_16,563,51,200,OK,PENDING_PAYMENT,278.350
ample_16,564,52,200,OK,PENDING_PAYMENT,278.930
ample_16,566,54,200,OK,PENDING_PAYMENT,253.057
ample_16,565,53,200,OK,PENDING_PAYMENT,296.056
ample_16,567,55,200,OK,PENDING_PAYMENT,269.041
ample_16,568,56,200,OK,PENDING_PAYMENT,261.882
ample_16,570,58,200,OK,PENDING_PAYMENT,236.219
ample_16,569,57,200,OK,PENDING_PAYMENT,269.220
ample_16,572,60,200,OK,PENDING_PAYMENT,227.339
ample_16,571,59,200,OK,PENDING_PAYMENT,253.467
ample_16,573,61,200,OK,PENDING_PAYMENT,239.780
ample_16,574,62,200,OK,PENDING_PAYMENT,258.166
ample_16,576,0,200,OK,PENDING_PAYMENT,264.021
ample_16,575,63,200,OK,PENDING_PAYMENT,277.234
ample_16,577,1,200,OK,PENDING_PAYMENT,282.391
ample_16,578,2,200,OK,PENDING_PAYMENT,296.251
ample_16,579,3,200,OK,PENDING_PAYMENT,292.833
ample_16,580,4,200,OK,PENDING_PAYMENT,295.838
ample_16,581,5,200,OK,PENDING_PAYMENT,293.565
ample_16,582,6,200,OK,PENDING_PAYMENT,290.447
ample_16,583,7,200,OK,PENDING_PAYMENT,291.011
ample_16,584,8,200,OK,PENDING_PAYMENT,286.890
ample_16,585,9,200,OK,PENDING_PAYMENT,290.058
ample_16,586,10,200,OK,PENDING_PAYMENT,282.044
ample_16,587,11,200,OK,PENDING_PAYMENT,285.441
ample_16,588,12,200,OK,PENDING_PAYMENT,283.269
ample_16,589,13,200,OK,PENDING_PAYMENT,295.554
ample_16,590,14,200,OK,PENDING_PAYMENT,280.199
ample_16,591,15,200,OK,PENDING_PAYMENT,262.206
ample_16,592,16,200,OK,PENDING_PAYMENT,276.202
ample_16,593,17,200,OK,PENDING_PAYMENT,261.452
ample_16,594,18,200,OK,PENDING_PAYMENT,250.510
ample_16,595,19,200,OK,PENDING_PAYMENT,256.983
ample_16,597,21,200,OK,PENDING_PAYMENT,237.909
ample_16,596,20,200,OK,PENDING_PAYMENT,266.364
ample_16,598,22,200,OK,PENDING_PAYMENT,250.726
ample_16,599,23,200,OK,PENDING_PAYMENT,250.168
ample_16,600,24,200,OK,PENDING_PAYMENT,248.964
ample_16,601,25,200,OK,PENDING_PAYMENT,247.740
ample_16,602,26,200,OK,PENDING_PAYMENT,253.604
ample_16,603,27,200,OK,PENDING_PAYMENT,259.567
ample_16,604,28,200,OK,PENDING_PAYMENT,255.628
ample_16,605,29,200,OK,PENDING_PAYMENT,244.132
ample_16,606,30,200,OK,PENDING_PAYMENT,241.736
ample_16,607,31,200,OK,PENDING_PAYMENT,250.222
ample_16,608,32,200,OK,PENDING_PAYMENT,248.369
ample_16,609,33,200,OK,PENDING_PAYMENT,239.800
ample_16,610,34,200,OK,PENDING_PAYMENT,242.136
ample_16,611,35,200,OK,PENDING_PAYMENT,239.766
ample_16,612,36,200,OK,PENDING_PAYMENT,234.535
ample_16,613,37,200,OK,PENDING_PAYMENT,233.898
ample_16,614,38,200,OK,PENDING_PAYMENT,237.671
ample_16,615,39,200,OK,PENDING_PAYMENT,237.917
ample_16,616,40,200,OK,PENDING_PAYMENT,251.612
ample_16,617,41,200,OK,PENDING_PAYMENT,258.148
ample_16,618,42,200,OK,PENDING_PAYMENT,247.827
ample_16,619,43,200,OK,PENDING_PAYMENT,245.315
ample_16,620,44,200,OK,PENDING_PAYMENT,242.430
ample_16,621,45,200,OK,PENDING_PAYMENT,245.495
ample_16,622,46,200,OK,PENDING_PAYMENT,235.751
ample_16,623,47,200,OK,PENDING_PAYMENT,227.054
ample_16,624,48,200,OK,PENDING_PAYMENT,230.289
ample_16,625,49,200,OK,PENDING_PAYMENT,235.905
ample_16,626,50,200,OK,PENDING_PAYMENT,233.354
ample_16,627,51,200,OK,PENDING_PAYMENT,232.858
ample_16,628,52,200,OK,PENDING_PAYMENT,241.272
ample_16,629,53,200,OK,PENDING_PAYMENT,241.764
ample_16,630,54,200,OK,PENDING_PAYMENT,244.005
ample_16,631,55,200,OK,PENDING_PAYMENT,247.942
ample_16,632,56,200,OK,PENDING_PAYMENT,232.650
ample_16,633,57,200,OK,PENDING_PAYMENT,224.495
ample_16,634,58,200,OK,PENDING_PAYMENT,226.159
ample_16,635,59,200,OK,PENDING_PAYMENT,224.700
ample_16,636,60,200,OK,PENDING_PAYMENT,230.425
ample_16,637,61,200,OK,PENDING_PAYMENT,230.491
ample_16,638,62,200,OK,PENDING_PAYMENT,247.940
ample_16,639,63,200,OK,PENDING_PAYMENT,259.514
ample_16,640,0,200,OK,PENDING_PAYMENT,269.353
ample_16,641,1,200,OK,PENDING_PAYMENT,274.990
ample_16,642,2,200,OK,PENDING_PAYMENT,272.103
ample_16,643,3,200,OK,PENDING_PAYMENT,272.203
ample_16,644,4,200,OK,PENDING_PAYMENT,269.033
ample_16,645,5,200,OK,PENDING_PAYMENT,269.733
ample_16,646,6,200,OK,PENDING_PAYMENT,266.442
ample_16,647,7,200,OK,PENDING_PAYMENT,270.730
ample_16,648,8,200,OK,PENDING_PAYMENT,286.454
ample_16,650,10,200,OK,PENDING_PAYMENT,268.902
ample_16,649,9,200,OK,PENDING_PAYMENT,292.124
ample_16,651,11,200,OK,PENDING_PAYMENT,282.636
ample_16,652,12,200,OK,PENDING_PAYMENT,288.644
ample_16,653,13,200,OK,PENDING_PAYMENT,284.821
ample_16,654,14,200,OK,PENDING_PAYMENT,274.019
ample_16,655,15,200,OK,PENDING_PAYMENT,261.363
ample_16,656,16,200,OK,PENDING_PAYMENT,243.951
ample_16,657,17,200,OK,PENDING_PAYMENT,243.556
ample_16,658,18,200,OK,PENDING_PAYMENT,244.504
ample_16,659,19,200,OK,PENDING_PAYMENT,250.405
ample_16,660,20,200,OK,PENDING_PAYMENT,250.464
ample_16,662,22,200,OK,PENDING_PAYMENT,240.240
ample_16,661,21,200,OK,PENDING_PAYMENT,274.561
ample_16,663,23,200,OK,PENDING_PAYMENT,257.749
ample_16,664,24,200,OK,PENDING_PAYMENT,242.067
ample_16,665,25,200,OK,PENDING_PAYMENT,251.369
ample_16,666,26,200,OK,PENDING_PAYMENT,251.242
ample_16,667,27,200,OK,PENDING_PAYMENT,254.666
ample_16,668,28,200,OK,PENDING_PAYMENT,254.570
ample_16,669,29,200,OK,PENDING_PAYMENT,256.914
ample_16,670,30,200,OK,PENDING_PAYMENT,260.183
ample_16,671,31,200,OK,PENDING_PAYMENT,254.693
ample_16,672,32,200,OK,PENDING_PAYMENT,266.477
ample_16,673,33,200,OK,PENDING_PAYMENT,257.089
ample_16,674,34,200,OK,PENDING_PAYMENT,259.544
ample_16,675,35,200,OK,PENDING_PAYMENT,253.569
ample_16,676,36,200,OK,PENDING_PAYMENT,259.571
ample_16,677,37,200,OK,PENDING_PAYMENT,254.671
ample_16,678,38,200,OK,PENDING_PAYMENT,251.106
ample_16,679,39,200,OK,PENDING_PAYMENT,245.469
ample_16,680,40,200,OK,PENDING_PAYMENT,253.663
ample_16,681,41,200,OK,PENDING_PAYMENT,247.604
ample_16,682,42,200,OK,PENDING_PAYMENT,250.205
ample_16,683,43,200,OK,PENDING_PAYMENT,243.507
ample_16,684,44,200,OK,PENDING_PAYMENT,243.978
ample_16,685,45,200,OK,PENDING_PAYMENT,238.566
ample_16,686,46,200,OK,PENDING_PAYMENT,234.735
ample_16,687,47,200,OK,PENDING_PAYMENT,243.957
ample_16,688,48,200,OK,PENDING_PAYMENT,236.664
ample_16,689,49,200,OK,PENDING_PAYMENT,240.437
ample_16,690,50,200,OK,PENDING_PAYMENT,237.054
ample_16,691,51,200,OK,PENDING_PAYMENT,240.140
ample_16,692,52,200,OK,PENDING_PAYMENT,240.358
ample_16,693,53,200,OK,PENDING_PAYMENT,226.797
ample_16,694,54,200,OK,PENDING_PAYMENT,230.188
ample_16,695,55,200,OK,PENDING_PAYMENT,225.354
ample_16,697,57,200,OK,PENDING_PAYMENT,211.666
ample_16,696,56,200,OK,PENDING_PAYMENT,236.054
ample_16,698,58,200,OK,PENDING_PAYMENT,223.510
ample_16,699,59,200,OK,PENDING_PAYMENT,232.760
ample_16,700,60,200,OK,PENDING_PAYMENT,227.272
ample_16,701,61,200,OK,PENDING_PAYMENT,246.808
ample_16,702,62,200,OK,PENDING_PAYMENT,261.274
ample_16,703,63,200,OK,PENDING_PAYMENT,262.640
ample_16,704,0,200,OK,PENDING_PAYMENT,265.772
ample_16,705,1,200,OK,PENDING_PAYMENT,272.711
ample_16,706,2,200,OK,PENDING_PAYMENT,278.560
ample_16,707,3,200,OK,PENDING_PAYMENT,268.861
ample_16,708,4,200,OK,PENDING_PAYMENT,263.531
ample_16,709,5,200,OK,PENDING_PAYMENT,270.546
ample_16,710,6,200,OK,PENDING_PAYMENT,264.215
ample_16,711,7,200,OK,PENDING_PAYMENT,271.524
ample_16,712,8,200,OK,PENDING_PAYMENT,282.600
ample_16,713,9,200,OK,PENDING_PAYMENT,280.990
ample_16,714,10,200,OK,PENDING_PAYMENT,280.259
ample_16,715,11,200,OK,PENDING_PAYMENT,277.285
ample_16,716,12,200,OK,PENDING_PAYMENT,276.521
ample_16,717,13,200,OK,PENDING_PAYMENT,263.457
ample_16,718,14,200,OK,PENDING_PAYMENT,251.776
ample_16,719,15,200,OK,PENDING_PAYMENT,244.208
ample_16,720,16,200,OK,PENDING_PAYMENT,241.274
ample_16,721,17,200,OK,PENDING_PAYMENT,233.999
ample_16,722,18,200,OK,PENDING_PAYMENT,231.425
ample_16,723,19,200,OK,PENDING_PAYMENT,246.792
ample_16,724,20,200,OK,PENDING_PAYMENT,248.788
ample_16,725,21,200,OK,PENDING_PAYMENT,257.032
ample_16,726,22,200,OK,PENDING_PAYMENT,260.173
ample_16,727,23,200,OK,PENDING_PAYMENT,253.514
ample_16,728,24,200,OK,PENDING_PAYMENT,249.221
ample_16,729,25,200,OK,PENDING_PAYMENT,250.053
ample_16,730,26,200,OK,PENDING_PAYMENT,253.501
ample_16,731,27,200,OK,PENDING_PAYMENT,250.580
ample_16,732,28,200,OK,PENDING_PAYMENT,254.920
ample_16,733,29,200,OK,PENDING_PAYMENT,252.201
ample_16,734,30,200,OK,PENDING_PAYMENT,251.870
ample_16,735,31,200,OK,PENDING_PAYMENT,260.467
ample_16,736,32,200,OK,PENDING_PAYMENT,266.230
ample_16,737,33,200,OK,PENDING_PAYMENT,268.373
ample_16,738,34,200,OK,PENDING_PAYMENT,275.708
ample_16,739,35,200,OK,PENDING_PAYMENT,260.128
ample_16,740,36,200,OK,PENDING_PAYMENT,257.487
ample_16,741,37,200,OK,PENDING_PAYMENT,256.912
ample_16,742,38,200,OK,PENDING_PAYMENT,257.886
ample_16,743,39,200,OK,PENDING_PAYMENT,259.978
ample_16,744,40,200,OK,PENDING_PAYMENT,261.169
ample_16,745,41,200,OK,PENDING_PAYMENT,251.004
ample_16,746,42,200,OK,PENDING_PAYMENT,255.819
ample_16,747,43,200,OK,PENDING_PAYMENT,259.669
ample_16,748,44,200,OK,PENDING_PAYMENT,258.884
ample_16,749,45,200,OK,PENDING_PAYMENT,264.215
ample_16,750,46,200,OK,PENDING_PAYMENT,258.592
ample_16,751,47,200,OK,PENDING_PAYMENT,256.257
ample_16,752,48,200,OK,PENDING_PAYMENT,244.532
ample_16,753,49,200,OK,PENDING_PAYMENT,243.394
ample_16,754,50,200,OK,PENDING_PAYMENT,236.161
ample_16,755,51,200,OK,PENDING_PAYMENT,251.718
ample_16,756,52,200,OK,PENDING_PAYMENT,252.424
ample_16,757,53,200,OK,PENDING_PAYMENT,261.220
ample_16,758,54,200,OK,PENDING_PAYMENT,260.969
ample_16,759,55,200,OK,PENDING_PAYMENT,255.561
ample_16,760,56,200,OK,PENDING_PAYMENT,252.529
ample_16,761,57,200,OK,PENDING_PAYMENT,276.395
ample_16,762,58,200,OK,PENDING_PAYMENT,286.703
ample_16,763,59,200,OK,PENDING_PAYMENT,280.412
ample_16,764,60,200,OK,PENDING_PAYMENT,281.746
ample_16,765,61,200,OK,PENDING_PAYMENT,269.824
ample_16,766,62,200,OK,PENDING_PAYMENT,273.092
ample_16,767,63,200,OK,PENDING_PAYMENT,275.571
ample_16,768,0,200,OK,PENDING_PAYMENT,288.226
ample_16,769,1,200,OK,PENDING_PAYMENT,285.242
ample_16,770,2,200,OK,PENDING_PAYMENT,284.649
ample_16,771,3,200,OK,PENDING_PAYMENT,277.624
ample_16,772,4,200,OK,PENDING_PAYMENT,276.770
ample_16,773,5,200,OK,PENDING_PAYMENT,304.455
ample_16,774,6,200,OK,PENDING_PAYMENT,307.772
ample_16,775,7,200,OK,PENDING_PAYMENT,308.219
ample_16,776,8,200,OK,PENDING_PAYMENT,312.696
ample_16,777,9,200,OK,PENDING_PAYMENT,288.248
ample_16,778,10,200,OK,PENDING_PAYMENT,270.173
ample_16,779,11,200,OK,PENDING_PAYMENT,272.836
ample_16,780,12,200,OK,PENDING_PAYMENT,271.908
ample_16,782,14,200,OK,PENDING_PAYMENT,269.672
ample_16,781,13,200,OK,PENDING_PAYMENT,295.454
ample_16,783,15,200,OK,PENDING_PAYMENT,283.257
ample_16,784,16,200,OK,PENDING_PAYMENT,277.154
ample_16,785,17,200,OK,PENDING_PAYMENT,282.349
ample_16,786,18,200,OK,PENDING_PAYMENT,278.111
ample_16,787,19,200,OK,PENDING_PAYMENT,274.262
ample_16,788,20,200,OK,PENDING_PAYMENT,284.092
ample_16,789,21,200,OK,PENDING_PAYMENT,240.713
ample_16,790,22,200,OK,PENDING_PAYMENT,243.477
ample_16,791,23,200,OK,PENDING_PAYMENT,241.197
ample_16,792,24,200,OK,PENDING_PAYMENT,249.645
ample_16,793,25,200,OK,PENDING_PAYMENT,253.693
ample_16,794,26,200,OK,PENDING_PAYMENT,260.119
ample_16,795,27,200,OK,PENDING_PAYMENT,257.543
ample_16,796,28,200,OK,PENDING_PAYMENT,256.834
ample_16,797,29,200,OK,PENDING_PAYMENT,255.284
ample_16,798,30,200,OK,PENDING_PAYMENT,265.251
ample_16,799,31,200,OK,PENDING_PAYMENT,262.664
ample_16,800,32,200,OK,PENDING_PAYMENT,264.118
ample_16,801,33,200,OK,PENDING_PAYMENT,261.241
ample_16,802,34,200,OK,PENDING_PAYMENT,269.006
ample_16,803,35,200,OK,PENDING_PAYMENT,274.547
ample_16,804,36,200,OK,PENDING_PAYMENT,274.523
ample_16,805,37,200,OK,PENDING_PAYMENT,283.605
ample_16,806,38,200,OK,PENDING_PAYMENT,271.203
ample_16,807,39,200,OK,PENDING_PAYMENT,279.668
ample_16,808,40,200,OK,PENDING_PAYMENT,261.713
ample_16,809,41,200,OK,PENDING_PAYMENT,267.398
ample_16,810,42,200,OK,PENDING_PAYMENT,267.461
ample_16,811,43,200,OK,PENDING_PAYMENT,272.129
ample_16,812,44,200,OK,PENDING_PAYMENT,275.101
ample_16,813,45,200,OK,PENDING_PAYMENT,272.762
ample_16,814,46,200,OK,PENDING_PAYMENT,257.260
ample_16,815,47,200,OK,PENDING_PAYMENT,257.264
ample_16,816,48,200,OK,PENDING_PAYMENT,261.452
ample_16,817,49,200,OK,PENDING_PAYMENT,258.522
ample_16,818,50,200,OK,PENDING_PAYMENT,278.385
ample_16,819,51,200,OK,PENDING_PAYMENT,349.408
ample_16,820,52,200,OK,PENDING_PAYMENT,357.050
ample_16,821,53,200,OK,PENDING_PAYMENT,349.575
ample_16,822,54,200,OK,PENDING_PAYMENT,355.984
ample_16,823,55,200,OK,PENDING_PAYMENT,351.764
ample_16,824,56,200,OK,PENDING_PAYMENT,358.565
ample_16,825,57,200,OK,PENDING_PAYMENT,360.996
ample_16,826,58,200,OK,PENDING_PAYMENT,354.497
ample_16,827,59,200,OK,PENDING_PAYMENT,361.572
ample_16,828,60,200,OK,PENDING_PAYMENT,362.077
ample_16,829,61,200,OK,PENDING_PAYMENT,355.770
ample_16,830,62,200,OK,PENDING_PAYMENT,364.517
ample_16,831,63,200,OK,PENDING_PAYMENT,351.371
ample_16,832,0,200,OK,PENDING_PAYMENT,348.367
ample_16,833,1,200,OK,PENDING_PAYMENT,351.501
ample_16,834,2,200,OK,PENDING_PAYMENT,331.656
ample_16,835,3,200,OK,PENDING_PAYMENT,262.385
ample_16,836,4,200,OK,PENDING_PAYMENT,245.308
ample_16,837,5,200,OK,PENDING_PAYMENT,248.435
ample_16,838,6,200,OK,PENDING_PAYMENT,248.702
ample_16,839,7,200,OK,PENDING_PAYMENT,252.367
ample_16,840,8,200,OK,PENDING_PAYMENT,253.798
ample_16,841,9,200,OK,PENDING_PAYMENT,248.038
ample_16,842,10,200,OK,PENDING_PAYMENT,266.658
ample_16,843,11,200,OK,PENDING_PAYMENT,274.921
ample_16,844,12,200,OK,PENDING_PAYMENT,287.386
ample_16,845,13,200,OK,PENDING_PAYMENT,286.551
ample_16,846,14,200,OK,PENDING_PAYMENT,287.079
ample_16,847,15,200,OK,PENDING_PAYMENT,286.662
ample_16,848,16,200,OK,PENDING_PAYMENT,289.911
ample_16,849,17,200,OK,PENDING_PAYMENT,280.621
ample_16,850,18,200,OK,PENDING_PAYMENT,277.599
ample_16,851,19,200,OK,PENDING_PAYMENT,269.316
ample_16,852,20,200,OK,PENDING_PAYMENT,272.733
ample_16,853,21,200,OK,PENDING_PAYMENT,272.927
ample_16,854,22,200,OK,PENDING_PAYMENT,269.369
ample_16,855,23,200,OK,PENDING_PAYMENT,272.817
ample_16,856,24,200,OK,PENDING_PAYMENT,267.085
ample_16,857,25,200,OK,PENDING_PAYMENT,273.593
ample_16,858,26,200,OK,PENDING_PAYMENT,264.581
ample_16,859,27,200,OK,PENDING_PAYMENT,246.068
ample_16,861,29,200,OK,PENDING_PAYMENT,215.584
ample_16,860,28,200,OK,PENDING_PAYMENT,234.740
ample_16,862,30,200,OK,PENDING_PAYMENT,228.025
ample_16,863,31,200,OK,PENDING_PAYMENT,237.555
ample_16,864,32,200,OK,PENDING_PAYMENT,234.291
ample_16,865,33,200,OK,PENDING_PAYMENT,244.168
ample_16,866,34,200,OK,PENDING_PAYMENT,249.559
ample_16,867,35,200,OK,PENDING_PAYMENT,252.785
ample_16,868,36,200,OK,PENDING_PAYMENT,243.063
ample_16,869,37,200,OK,PENDING_PAYMENT,244.138
ample_16,870,38,200,OK,PENDING_PAYMENT,237.740
ample_16,871,39,200,OK,PENDING_PAYMENT,234.164
ample_16,872,40,200,OK,PENDING_PAYMENT,237.062
ample_16,873,41,200,OK,PENDING_PAYMENT,233.838
ample_16,874,42,200,OK,PENDING_PAYMENT,227.851
ample_16,875,43,200,OK,PENDING_PAYMENT,231.025
ample_16,876,44,200,OK,PENDING_PAYMENT,239.234
ample_16,877,45,200,OK,PENDING_PAYMENT,242.623
ample_16,878,46,200,OK,PENDING_PAYMENT,242.060
ample_16,879,47,200,OK,PENDING_PAYMENT,265.240
ample_16,880,48,200,OK,PENDING_PAYMENT,277.991
ample_16,881,49,200,OK,PENDING_PAYMENT,265.573
ample_16,882,50,200,OK,PENDING_PAYMENT,263.063
ample_16,883,51,200,OK,PENDING_PAYMENT,254.195
ample_16,884,52,200,OK,PENDING_PAYMENT,266.988
ample_16,886,54,200,OK,PENDING_PAYMENT,246.990
ample_16,885,53,200,OK,PENDING_PAYMENT,267.700
ample_16,887,55,200,OK,PENDING_PAYMENT,258.170
ample_16,888,56,200,OK,PENDING_PAYMENT,258.770
ample_16,889,57,200,OK,PENDING_PAYMENT,258.349
ample_16,890,58,200,OK,PENDING_PAYMENT,254.785
ample_16,891,59,200,OK,PENDING_PAYMENT,255.043
ample_16,892,60,200,OK,PENDING_PAYMENT,265.177
ample_16,893,61,200,OK,PENDING_PAYMENT,260.973
ample_16,894,62,200,OK,PENDING_PAYMENT,258.103
ample_16,895,63,200,OK,PENDING_PAYMENT,233.149
ample_16,896,0,200,OK,PENDING_PAYMENT,221.572
ample_16,897,1,200,OK,PENDING_PAYMENT,235.880
ample_16,898,2,200,OK,PENDING_PAYMENT,229.745
ample_16,899,3,200,OK,PENDING_PAYMENT,238.801
ample_16,901,5,200,OK,PENDING_PAYMENT,228.628
ample_16,900,4,200,OK,PENDING_PAYMENT,250.630
ample_16,902,6,200,OK,PENDING_PAYMENT,297.119
ample_16,903,7,200,OK,PENDING_PAYMENT,309.289
ample_16,904,8,200,OK,PENDING_PAYMENT,309.057
ample_16,906,10,200,OK,PENDING_PAYMENT,290.765
ample_16,905,9,200,OK,PENDING_PAYMENT,319.385
ample_16,907,11,200,OK,PENDING_PAYMENT,298.184
ample_16,908,12,200,OK,PENDING_PAYMENT,290.403
ample_16,909,13,200,OK,PENDING_PAYMENT,291.319
ample_16,910,14,200,OK,PENDING_PAYMENT,291.361
ample_16,911,15,200,OK,PENDING_PAYMENT,299.338
ample_16,912,16,200,OK,PENDING_PAYMENT,294.954
ample_16,913,17,200,OK,PENDING_PAYMENT,290.397
ample_16,914,18,200,OK,PENDING_PAYMENT,293.789
ample_16,915,19,200,OK,PENDING_PAYMENT,284.581
ample_16,916,20,200,OK,PENDING_PAYMENT,284.869
ample_16,917,21,200,OK,PENDING_PAYMENT,281.925
ample_16,918,22,200,OK,PENDING_PAYMENT,233.142
ample_16,919,23,200,OK,PENDING_PAYMENT,229.708
ample_16,920,24,200,OK,PENDING_PAYMENT,234.639
ample_16,921,25,200,OK,PENDING_PAYMENT,232.656
ample_16,923,27,200,OK,PENDING_PAYMENT,228.454
ample_16,922,26,200,OK,PENDING_PAYMENT,242.311
ample_16,924,28,200,OK,PENDING_PAYMENT,242.604
ample_16,925,29,200,OK,PENDING_PAYMENT,233.442
ample_16,926,30,200,OK,PENDING_PAYMENT,239.846
ample_16,927,31,200,OK,PENDING_PAYMENT,233.191
ample_16,928,32,200,OK,PENDING_PAYMENT,234.571
ample_16,929,33,200,OK,PENDING_PAYMENT,236.548
ample_16,930,34,200,OK,PENDING_PAYMENT,230.330
ample_16,931,35,200,OK,PENDING_PAYMENT,242.987
ample_16,932,36,200,OK,PENDING_PAYMENT,244.015
ample_16,933,37,200,OK,PENDING_PAYMENT,248.222
ample_16,934,38,200,OK,PENDING_PAYMENT,245.899
ample_16,935,39,200,OK,PENDING_PAYMENT,242.089
ample_16,936,40,200,OK,PENDING_PAYMENT,234.214
ample_16,937,41,200,OK,PENDING_PAYMENT,243.193
ample_16,938,42,200,OK,PENDING_PAYMENT,246.464
ample_16,939,43,200,OK,PENDING_PAYMENT,246.700
ample_16,940,44,200,OK,PENDING_PAYMENT,231.306
ample_16,941,45,200,OK,PENDING_PAYMENT,255.668
ample_16,942,46,200,OK,PENDING_PAYMENT,257.700
ample_16,943,47,200,OK,PENDING_PAYMENT,258.105
ample_16,944,48,200,OK,PENDING_PAYMENT,257.343
ample_16,945,49,200,OK,PENDING_PAYMENT,254.537
ample_16,946,50,200,OK,PENDING_PAYMENT,257.623
ample_16,947,51,200,OK,PENDING_PAYMENT,247.780
ample_16,948,52,200,OK,PENDING_PAYMENT,249.458
ample_16,949,53,200,OK,PENDING_PAYMENT,238.517
ample_16,950,54,200,OK,PENDING_PAYMENT,243.596
ample_16,951,55,200,OK,PENDING_PAYMENT,245.521
ample_16,952,56,200,OK,PENDING_PAYMENT,241.976
ample_16,953,57,200,OK,PENDING_PAYMENT,238.308
ample_16,954,58,200,OK,PENDING_PAYMENT,229.625
ample_16,955,59,200,OK,PENDING_PAYMENT,238.165
ample_16,956,60,200,OK,PENDING_PAYMENT,244.850
ample_16,957,61,200,OK,PENDING_PAYMENT,232.160
ample_16,958,62,200,OK,PENDING_PAYMENT,214.525
ample_16,959,63,200,OK,PENDING_PAYMENT,218.747
ample_16,960,0,200,OK,PENDING_PAYMENT,218.206
ample_16,961,1,200,OK,PENDING_PAYMENT,228.604
ample_16,962,2,200,OK,PENDING_PAYMENT,229.308
ample_16,963,3,200,OK,PENDING_PAYMENT,236.483
ample_16,964,4,200,OK,PENDING_PAYMENT,240.290
ample_16,965,5,200,OK,PENDING_PAYMENT,250.286
ample_16,966,6,200,OK,PENDING_PAYMENT,246.427
ample_16,967,7,200,OK,PENDING_PAYMENT,243.514
ample_16,968,8,200,OK,PENDING_PAYMENT,237.886
ample_16,969,9,200,OK,PENDING_PAYMENT,241.417
ample_16,970,10,200,OK,PENDING_PAYMENT,243.366
ample_16,971,11,200,OK,PENDING_PAYMENT,242.487
ample_16,972,12,200,OK,PENDING_PAYMENT,238.496
ample_16,973,13,200,OK,PENDING_PAYMENT,240.175
ample_16,974,14,200,OK,PENDING_PAYMENT,252.121
ample_16,975,15,200,OK,PENDING_PAYMENT,250.720
ample_16,976,16,200,OK,PENDING_PAYMENT,260.095
ample_16,977,17,200,OK,PENDING_PAYMENT,250.897
ample_16,978,18,200,OK,PENDING_PAYMENT,250.133
ample_16,979,19,200,OK,PENDING_PAYMENT,249.075
ample_16,980,20,200,OK,PENDING_PAYMENT,243.151
ample_16,981,21,200,OK,PENDING_PAYMENT,239.725
ample_16,982,22,200,OK,PENDING_PAYMENT,240.027
ample_16,983,23,200,OK,PENDING_PAYMENT,238.602
ample_16,984,24,200,OK,PENDING_PAYMENT,250.213
ample_16,985,25,200,OK,PENDING_PAYMENT,253.167
ample_16,986,26,200,OK,PENDING_PAYMENT,258.931
ample_16,987,27,200,OK,PENDING_PAYMENT,248.156
ample_16,988,28,200,OK,PENDING_PAYMENT,254.785
ample_16,989,29,200,OK,PENDING_PAYMENT,258.256
ample_16,990,30,200,OK,PENDING_PAYMENT,259.013
ample_16,991,31,200,OK,PENDING_PAYMENT,246.290
ample_16,992,32,200,OK,PENDING_PAYMENT,246.374
ample_16,993,33,200,OK,PENDING_PAYMENT,238.734
ample_16,994,34,200,OK,PENDING_PAYMENT,243.892
ample_16,995,35,200,OK,PENDING_PAYMENT,241.121
ample_16,996,36,200,OK,PENDING_PAYMENT,234.098
ample_16,997,37,200,OK,PENDING_PAYMENT,234.621
ample_16,998,38,200,OK,PENDING_PAYMENT,226.648
ample_16,999,39,200,OK,PENDING_PAYMENT,220.656
ample_64,15,15,200,OK,PENDING_PAYMENT,247.653
ample_64,4,4,200,OK,PENDING_PAYMENT,247.854
ample_64,17,17,200,OK,PENDING_PAYMENT,248.893
ample_64,16,16,200,OK,PENDING_PAYMENT,278.900
ample_64,8,8,200,OK,PENDING_PAYMENT,293.272
ample_64,24,24,200,OK,PENDING_PAYMENT,292.936
ample_64,18,18,200,OK,PENDING_PAYMENT,293.247
ample_64,9,9,200,OK,PENDING_PAYMENT,293.359
ample_64,35,35,200,OK,PENDING_PAYMENT,291.864
ample_64,27,27,200,OK,PENDING_PAYMENT,311.343
ample_64,29,29,200,OK,PENDING_PAYMENT,311.388
ample_64,3,3,200,OK,PENDING_PAYMENT,313.564
ample_64,2,2,200,OK,PENDING_PAYMENT,329.017
ample_64,43,43,200,OK,PENDING_PAYMENT,328.933
ample_64,20,20,200,OK,PENDING_PAYMENT,350.508
ample_64,30,30,200,OK,PENDING_PAYMENT,369.915
ample_64,33,33,200,OK,PENDING_PAYMENT,371.976
ample_64,14,14,200,OK,PENDING_PAYMENT,388.361
ample_64,46,46,200,OK,PENDING_PAYMENT,402.241
ample_64,32,32,200,OK,PENDING_PAYMENT,426.479
ample_64,13,13,200,OK,PENDING_PAYMENT,437.137
ample_64,12,12,200,OK,PENDING_PAYMENT,463.092
ample_64,5,5,200,OK,PENDING_PAYMENT,466.744
ample_64,23,23,200,OK,PENDING_PAYMENT,488.830
ample_64,1,1,200,OK,PENDING_PAYMENT,515.286
ample_64,7,7,200,OK,PENDING_PAYMENT,531.894
ample_64,34,34,200,OK,PENDING_PAYMENT,546.765
ample_64,58,58,200,OK,PENDING_PAYMENT,556.393
ample_64,22,22,200,OK,PENDING_PAYMENT,576.448
ample_64,31,31,200,OK,PENDING_PAYMENT,592.788
ample_64,52,52,200,OK,PENDING_PAYMENT,606.171
ample_64,51,51,200,OK,PENDING_PAYMENT,613.348
ample_64,39,39,200,OK,PENDING_PAYMENT,631.579
ample_64,61,61,200,OK,PENDING_PAYMENT,638.736
ample_64,49,49,200,OK,PENDING_PAYMENT,653.730
ample_64,19,19,200,OK,PENDING_PAYMENT,669.568
ample_64,44,44,200,OK,PENDING_PAYMENT,679.340
ample_64,62,62,200,OK,PENDING_PAYMENT,696.418
ample_64,48,48,200,OK,PENDING_PAYMENT,716.925
ample_64,54,54,200,OK,PENDING_PAYMENT,732.440
ample_64,42,42,200,OK,PENDING_PAYMENT,765.736
ample_64,36,36,200,OK,PENDING_PAYMENT,788.719
ample_64,41,41,200,OK,PENDING_PAYMENT,816.079
ample_64,21,21,200,OK,PENDING_PAYMENT,833.482
ample_64,53,53,200,OK,PENDING_PAYMENT,869.287
ample_64,57,57,200,OK,PENDING_PAYMENT,881.712
ample_64,63,63,200,OK,PENDING_PAYMENT,910.168
ample_64,11,11,200,OK,PENDING_PAYMENT,932.477
ample_64,45,45,200,OK,PENDING_PAYMENT,944.808
ample_64,38,38,200,OK,PENDING_PAYMENT,964.938
ample_64,55,55,200,OK,PENDING_PAYMENT,975.687
ample_64,0,0,200,OK,PENDING_PAYMENT,1001.578
ample_64,10,10,200,OK,PENDING_PAYMENT,1023.698
ample_64,47,47,200,OK,PENDING_PAYMENT,1031.137
ample_64,28,28,200,OK,PENDING_PAYMENT,1055.738
ample_64,26,26,200,OK,PENDING_PAYMENT,1062.756
ample_64,59,59,200,OK,PENDING_PAYMENT,1078.822
ample_64,25,25,200,OK,PENDING_PAYMENT,1098.914
ample_64,6,6,200,OK,PENDING_PAYMENT,1124.656
ample_64,37,37,200,OK,PENDING_PAYMENT,1127.727
ample_64,60,60,200,OK,PENDING_PAYMENT,1141.606
ample_64,50,50,200,OK,PENDING_PAYMENT,1150.986
ample_64,56,56,200,OK,PENDING_PAYMENT,1166.137
ample_64,65,1,200,OK,PENDING_PAYMENT,938.379
ample_64,64,0,200,OK,PENDING_PAYMENT,955.206
ample_64,40,40,200,OK,PENDING_PAYMENT,1216.636
ample_64,67,3,200,OK,PENDING_PAYMENT,951.972
ample_64,69,5,200,OK,PENDING_PAYMENT,954.100
ample_64,66,2,200,OK,PENDING_PAYMENT,1010.927
ample_64,72,8,200,OK,PENDING_PAYMENT,982.738
ample_64,74,10,200,OK,PENDING_PAYMENT,977.577
ample_64,75,11,200,OK,PENDING_PAYMENT,995.240
ample_64,70,6,200,OK,PENDING_PAYMENT,1036.884
ample_64,68,4,200,OK,PENDING_PAYMENT,1044.502
ample_64,73,9,200,OK,PENDING_PAYMENT,1048.346
ample_64,71,7,200,OK,PENDING_PAYMENT,1076.533
ample_64,76,12,200,OK,PENDING_PAYMENT,1057.156
ample_64,77,13,200,OK,PENDING_PAYMENT,1061.185
ample_64,78,14,200,OK,PENDING_PAYMENT,1065.399
ample_64,79,15,200,OK,PENDING_PAYMENT,1070.378
ample_64,80,16,200,OK,PENDING_PAYMENT,1074.739
ample_64,81,17,200,OK,PENDING_PAYMENT,1080.550
ample_64,82,18,200,OK,PENDING_PAYMENT,1073.350
ample_64,83,19,200,OK,PENDING_PAYMENT,1064.460
ample_64,84,20,200,OK,PENDING_PAYMENT,1074.759
ample_64,85,21,200,OK,PENDING_PAYMENT,1070.228
ample_64,86,22,200,OK,PENDING_PAYMENT,1076.730
ample_64,87,23,200,OK,PENDING_PAYMENT,1069.966
ample_64,88,24,200,OK,PENDING_PAYMENT,1060.394
ample_64,89,25,200,OK,PENDING_PAYMENT,1059.523
ample_64,90,26,200,OK,PENDING_PAYMENT,1060.433
ample_64,91,27,200,OK,PENDING_PAYMENT,1080.099
ample_64,92,28,200,OK,PENDING_PAYMENT,1079.546
ample_64,93,29,200,OK,PENDING_PAYMENT,1077.254
ample_64,94,30,200,OK,PENDING_PAYMENT,1076.175
ample_64,95,31,200,OK,PENDING_PAYMENT,1082.974
ample_64,96,32,200,OK,PENDING_PAYMENT,1082.409
ample_64,97,33,200,OK,PENDING_PAYMENT,1088.662
ample_64,98,34,200,OK,PENDING_PAYMENT,1092.093
ample_64,99,35,200,OK,PENDING_PAYMENT,1096.511
ample_64,100,36,200,OK,PENDING_PAYMENT,1093.627
ample_64,101,37,200,OK,PENDING_PAYMENT,1090.394
ample_64,102,38,200,OK,PENDING_PAYMENT,1092.765
ample_64,103,39,200,OK,PENDING_PAYMENT,1089.535
ample_64,104,40,200,OK,PENDING_PAYMENT,1074.166
ample_64,105,41,200,OK,PENDING_PAYMENT,1079.184
ample_64,106,42,200,OK,PENDING_PAYMENT,1079.644
ample_64,107,43,200,OK,PENDING_PAYMENT,1088.212
ample_64,108,44,200,OK,PENDING_PAYMENT,1070.908
ample_64,109,45,200,OK,PENDING_PAYMENT,1061.931
ample_64,110,46,200,OK,PENDING_PAYMENT,1058.000
ample_64,111,47,200,OK,PENDING_PAYMENT,1046.535
ample_64,112,48,200,OK,PENDING_PAYMENT,1053.900
ample_64,114,50,200,OK,PENDING_PAYMENT,1028.760
ample_64,113,49,200,OK,PENDING_PAYMENT,1059.861
ample_64,115,51,200,OK,PENDING_PAYMENT,1041.094
ample_64,116,52,200,OK,PENDING_PAYMENT,1033.266
ample_64,117,53,200,OK,PENDING_PAYMENT,1035.739
ample_64,119,55,200,OK,PENDING_PAYMENT,1028.748
ample_64,118,54,200,OK,PENDING_PAYMENT,1051.558
ample_64,120,56,200,OK,PENDING_PAYMENT,1045.560
ample_64,121,57,200,OK,PENDING_PAYMENT,1045.303
ample_64,122,58,200,OK,PENDING_PAYMENT,1033.398
ample_64,123,59,200,OK,PENDING_PAYMENT,1052.714
ample_64,124,60,200,OK,PENDING_PAYMENT,1045.733
ample_64,125,61,200,OK,PENDING_PAYMENT,1054.353
ample_64,126,62,200,OK,PENDING_PAYMENT,1054.653
ample_64,127,63,200,OK,PENDING_PAYMENT,1051.804
ample_64,128,0,200,OK,PENDING_PAYMENT,1050.259
ample_64,129,1,200,OK,PENDING_PAYMENT,1051.039
ample_64,130,2,200,OK,PENDING_PAYMENT,1057.951
ample_64,131,3,200,OK,PENDING_PAYMENT,1057.374
ample_64,132,4,200,OK,PENDING_PAYMENT,1069.471
ample_64,133,5,200,OK,PENDING_PAYMENT,1069.184
ample_64,134,6,200,OK,PENDING_PAYMENT,1068.850
ample_64,135,7,200,OK,PENDING_PAYMENT,1069.141
ample_64,136,8,200,OK,PENDING_PAYMENT,1063.051
ample_64,137,9,200,OK,PENDING_PAYMENT,1071.879
ample_64,138,10,200,OK,PENDING_PAYMENT,1065.681
ample_64,139,11,200,OK,PENDING_PAYMENT,1071.696
ample_64,141,13,200,OK,PENDING_PAYMENT,1067.984
ample_64,140,12,200,OK,PENDING_PAYMENT,1091.666
ample_64,142,14,200,OK,PENDING_PAYMENT,1078.833
ample_64,143,15,200,OK,PENDING_PAYMENT,1073.802
ample_64,144,16,200,OK,PENDING_PAYMENT,1082.536
ample_64,145,17,200,OK,PENDING_PAYMENT,1076.898
ample_64,146,18,200,OK,PENDING_PAYMENT,1088.029
ample_64,147,19,200,OK,PENDING_PAYMENT,1089.792
ample_64,148,20,200,OK,PENDING_PAYMENT,1082.537
ample_64,149,21,200,OK,PENDING_PAYMENT,1077.355
ample_64,150,22,200,OK,PENDING_PAYMENT,1085.752
ample_64,151,23,200,OK,PENDING_PAYMENT,1086.775
ample_64,152,24,200,OK,PENDING_PAYMENT,1085.935
ample_64,153,25,200,OK,PENDING_PAYMENT,1087.042
ample_64,154,26,200,OK,PENDING_PAYMENT,1086.310
ample_64,155,27,200,OK,PENDING_PAYMENT,1084.678
ample_64,156,28,200,OK,PENDING_PAYMENT,1087.170
ample_64,157,29,200,OK,PENDING_PAYMENT,1080.188
ample_64,158,30,200,OK,PENDING_PAYMENT,1083.571
ample_64,159,31,200,OK,PENDING_PAYMENT,1080.793
ample_64,160,32,200,OK,PENDING_PAYMENT,1083.914
ample_64,161,33,200,OK,PENDING_PAYMENT,1079.218
ample_64,162,34,200,OK,PENDING_PAYMENT,1088.414
ample_64,163,35,200,OK,PENDING_PAYMENT,1079.065
ample_64,164,36,200,OK,PENDING_PAYMENT,1092.419
ample_64,165,37,200,OK,PENDING_PAYMENT,1089.193
ample_64,166,38,200,OK,PENDING_PAYMENT,1100.553
ample_64,167,39,200,OK,PENDING_PAYMENT,1142.056
ample_64,168,40,200,OK,PENDING_PAYMENT,1143.869
ample_64,170,42,200,OK,PENDING_PAYMENT,1103.513
ample_64,169,41,200,OK,PENDING_PAYMENT,1160.382
ample_64,171,43,200,OK,PENDING_PAYMENT,1136.510
ample_64,172,44,200,OK,PENDING_PAYMENT,1131.240
ample_64,173,45,200,OK,PENDING_PAYMENT,1142.873
ample_64,174,46,200,OK,PENDING_PAYMENT,1135.021
ample_64,175,47,200,OK,PENDING_PAYMENT,1159.837
ample_64,176,48,200,OK,PENDING_PAYMENT,1171.623
ample_64,177,49,200,OK,PENDING_PAYMENT,1172.450
ample_64,178,50,200,OK,PENDING_PAYMENT,1176.108
ample_64,179,51,200,OK,PENDING_PAYMENT,1168.225
ample_64,180,52,200,OK,PENDING_PAYMENT,1176.139
ample_64,181,53,200,OK,PENDING_PAYMENT,1170.385
ample_64,231,39,200,OK,PENDING_PAYMENT,295.826
ample_64,183,55,200,OK,PENDING_PAYMENT,1163.150
ample_64,184,56,200,OK,PENDING_PAYMENT,1164.811
ample_64,185,57,200,OK,PENDING_PAYMENT,1159.663
ample_64,186,58,200,OK,PENDING_PAYMENT,1168.636
ample_64,187,59,200,OK,PENDING_PAYMENT,1152.632
ample_64,188,60,200,OK,PENDING_PAYMENT,1164.585
ample_64,189,61,200,OK,PENDING_PAYMENT,1156.420
ample_64,190,62,200,OK,PENDING_PAYMENT,1156.479
ample_64,191,63,200,OK,PENDING_PAYMENT,1150.954
ample_64,192,0,200,OK,PENDING_PAYMENT,1153.848
ample_64,193,1,200,OK,PENDING_PAYMENT,1164.108
ample_64,194,2,200,OK,PENDING_PAYMENT,1150.940
ample_64,195,3,200,OK,PENDING_PAYMENT,1152.484
ample_64,196,4,200,OK,PENDING_PAYMENT,1143.563
ample_64,197,5,200,OK,PENDING_PAYMENT,1147.735
ample_64,198,6,200,OK,PENDING_PAYMENT,1148.226
ample_64,199,7,200,OK,PENDING_PAYMENT,1143.912
ample_64,200,8,200,OK,PENDING_PAYMENT,1150.418
ample_64,201,9,200,OK,PENDING_PAYMENT,1148.934
ample_64,202,10,200,OK,PENDING_PAYMENT,1147.620
ample_64,203,11,200,OK,PENDING_PAYMENT,1147.677
ample_64,204,12,200,OK,PENDING_PAYMENT,1142.389
ample_64,205,13,200,OK,PENDING_PAYMENT,1141.527
ample_64,206,14,200,OK,PENDING_PAYMENT,1138.252
ample_64,207,15,200,OK,PENDING_PAYMENT,1134.153
ample_64,208,16,200,OK,PENDING_PAYMENT,1136.711
ample_64,209,17,200,OK,PENDING_PAYMENT,1133.508
ample_64,210,18,200,OK,PENDING_PAYMENT,1137.338
ample_64,211,19,200,OK,PENDING_PAYMENT,1129.277
ample_64,212,20,200,OK,PENDING_PAYMENT,1126.412
ample_64,213,21,200,OK,PENDING_PAYMENT,1134.704
ample_64,214,22,200,OK,PENDING_PAYMENT,1126.974
ample_64,215,23,200,OK,PENDING_PAYMENT,1123.657
ample_64,216,24,200,OK,PENDING_PAYMENT,1120.852
ample_64,217,25,200,OK,PENDING_PAYMENT,1120.397
ample_64,218,26,200,OK,PENDING_PAYMENT,1118.637
ample_64,219,27,200,OK,PENDING_PAYMENT,1103.426
ample_64,221,29,200,OK,PENDING_PAYMENT,1097.204
ample_64,220,28,200,OK,PENDING_PAYMENT,1118.296
ample_64,222,30,200,OK,PENDING_PAYMENT,1099.863
ample_64,223,31,200,OK,PENDING_PAYMENT,1107.828
ample_64,224,32,200,OK,PENDING_PAYMENT,1106.758
ample_64,225,33,200,OK,PENDING_PAYMENT,1116.916
ample_64,226,34,200,OK,PENDING_PAYMENT,1112.949
ample_64,227,35,200,OK,PENDING_PAYMENT,1125.171
ample_64,228,36,200,OK,PENDING_PAYMENT,1118.012
ample_64,229,37,200,OK,PENDING_PAYMENT,1188.528
ample_64,230,38,200,OK,PENDING_PAYMENT,1172.568
ample_64,182,54,200,OK,PENDING_PAYMENT,2001.389
ample_64,233,41,200,OK,PENDING_PAYMENT,1110.736
ample_64,232,40,200,OK,PENDING_PAYMENT,1146.786
ample_64,234,42,200,OK,PENDING_PAYMENT,1117.461
ample_64,235,43,200,OK,PENDING_PAYMENT,1107.726
ample_64,236,44,200,OK,PENDING_PAYMENT,1112.651
ample_64,237,45,200,OK,PENDING_PAYMENT,1103.874
ample_64,238,46,200,OK,PENDING_PAYMENT,1103.110
ample_64,239,47,200,OK,PENDING_PAYMENT,1092.689
ample_64,240,48,200,OK,PENDING_PAYMENT,1062.482
ample_64,241,49,200,OK,PENDING_PAYMENT,1067.949
ample_64,242,50,200,OK,PENDING_PAYMENT,1059.481
ample_64,243,51,200,OK,PENDING_PAYMENT,1075.678
ample_64,244,52,200,OK,PENDING_PAYMENT,1071.048
ample_64,245,53,200,OK,PENDING_PAYMENT,1071.393
ample_64,246,54,200,OK,PENDING_PAYMENT,1076.220
ample_64,247,55,200,OK,PENDING_PAYMENT,1076.160
ample_64,248,56,200,OK,PENDING_PAYMENT,1063.095
ample_64,249,57,200,OK,PENDING_PAYMENT,1069.388
ample_64,251,59,200,OK,PENDING_PAYMENT,1049.871
ample_64,250,58,200,OK,PENDING_PAYMENT,1068.318
ample_64,252,60,200,OK,PENDING_PAYMENT,1057.087
ample_64,253,61,200,OK,PENDING_PAYMENT,1055.223
ample_64,254,62,200,OK,PENDING_PAYMENT,1052.196
ample_64,255,63,200,OK,PENDING_PAYMENT,1059.471
ample_64,256,0,200,OK,PENDING_PAYMENT,1060.702
ample_64,257,1,200,OK,PENDING_PAYMENT,1049.974
ample_64,258,2,200,OK,PENDING_PAYMENT,1056.047
ample_64,259,3,200,OK,PENDING_PAYMENT,1058.584
ample_64,260,4,200,OK,PENDING_PAYMENT,1060.854
ample_64,261,5,200,OK,PENDING_PAYMENT,1044.141
ample_64,262,6,200,OK,PENDING_PAYMENT,1050.124
ample_64,263,7,200,OK,PENDING_PAYMENT,1041.765
ample_64,264,8,200,OK,PENDING_PAYMENT,1040.875
ample_64,265,9,200,OK,PENDING_PAYMENT,1035.593
ample_64,266,10,200,OK,PENDING_PAYMENT,1035.969
ample_64,267,11,200,OK,PENDING_PAYMENT,1026.365
ample_64,268,12,200,OK,PENDING_PAYMENT,1028.794
ample_64,269,13,200,OK,PENDING_PAYMENT,1033.540
ample_64,270,14,200,OK,PENDING_PAYMENT,1035.150
ample_64,271,15,200,OK,PENDING_PAYMENT,1034.753
ample_64,272,16,200,OK,PENDING_PAYMENT,1032.409
ample_64,273,17,200,OK,PENDING_PAYMENT,1029.351
ample_64,274,18,200,OK,PENDING_PAYMENT,1020.537
ample_64,275,19,200,OK,PENDING_PAYMENT,1032.529
ample_64,276,20,200,OK,PENDING_PAYMENT,1028.665
ample_64,277,21,200,OK,PENDING_PAYMENT,1023.433
ample_64,278,22,200,OK,PENDING_PAYMENT,1018.868
ample_64,279,23,200,OK,PENDING_PAYMENT,1018.192
ample_64,280,24,200,OK,PENDING_PAYMENT,1025.298
ample_64,281,25,200,OK,PENDING_PAYMENT,1024.191
ample_64,282,26,200,OK,PENDING_PAYMENT,1019.933
ample_64,283,27,200,OK,PENDING_PAYMENT,1022.607
ample_64,284,28,200,OK,PENDING_PAYMENT,1006.591
ample_64,285,29,200,OK,PENDING_PAYMENT,1008.768
ample_64,286,30,200,OK,PENDING_PAYMENT,1037.798
ample_64,287,31,200,OK,PENDING_PAYMENT,1040.238
ample_64,288,32,200,OK,PENDING_PAYMENT,1029.769
ample_64,289,33,200,OK,PENDING_PAYMENT,1020.429
ample_64,290,34,200,OK,PENDING_PAYMENT,1010.537
ample_64,292,36,200,OK,PENDING_PAYMENT,993.444
ample_64,291,35,200,OK,PENDING_PAYMENT,1025.690
ample_64,293,37,200,OK,PENDING_PAYMENT,942.456
ample_64,294,38,200,OK,PENDING_PAYMENT,941.017
ample_64,295,39,200,OK,PENDING_PAYMENT,949.995
ample_64,296,40,200,OK,PENDING_PAYMENT,947.269
ample_64,297,41,200,OK,PENDING_PAYMENT,938.857
ample_64,298,42,200,OK,PENDING_PAYMENT,937.821
ample_64,299,43,200,OK,PENDING_PAYMENT,940.427
ample_64,300,44,200,OK,PENDING_PAYMENT,937.160
ample_64,301,45,200,OK,PENDING_PAYMENT,951.333
ample_64,302,46,200,OK,PENDING_PAYMENT,947.397
ample_64,303,47,200,OK,PENDING_PAYMENT,946.391
ample_64,304,48,200,OK,PENDING_PAYMENT,960.648
ample_64,305,49,200,OK,PENDING_PAYMENT,966.686
ample_64,306,50,200,OK,PENDING_PAYMENT,959.938
ample_64,307,51,200,OK,PENDING_PAYMENT,954.528
ample_64,308,52,200,OK,PENDING_PAYMENT,943.073
ample_64,309,53,200,OK,PENDING_PAYMENT,948.074
ample_64,310,54,200,OK,PENDING_PAYMENT,942.415
ample_64,311,55,200,OK,PENDING_PAYMENT,956.846
ample_64,312,56,200,OK,PENDING_PAYMENT,954.125
ample_64,313,57,200,OK,PENDING_PAYMENT,952.361
ample_64,314,58,200,OK,PENDING_PAYMENT,948.461
ample_64,315,59,200,OK,PENDING_PAYMENT,953.794
ample_64,317,61,200,OK,PENDING_PAYMENT,935.631
ample_64,316,60,200,OK,PENDING_PAYMENT,967.805
ample_64,318,62,200,OK,PENDING_PAYMENT,951.389
ample_64,319,63,200,OK,PENDING_PAYMENT,952.628
ample_64,320,0,200,OK,PENDING_PAYMENT,945.132
ample_64,321,1,200,OK,PENDING_PAYMENT,948.070
ample_64,322,2,200,OK,PENDING_PAYMENT,948.539
ample_64,323,3,200,OK,PENDING_PAYMENT,943.750
ample_64,324,4,200,OK,PENDING_PAYMENT,939.060
ample_64,325,5,200,OK,PENDING_PAYMENT,947.697
ample_64,327,7,200,OK,PENDING_PAYMENT,934.852
ample_64,326,6,200,OK,PENDING_PAYMENT,960.371
ample_64,328,8,200,OK,PENDING_PAYMENT,948.939
ample_64,329,9,200,OK,PENDING_PAYMENT,948.497
ample_64,330,10,200,OK,PENDING_PAYMENT,950.998
ample_64,331,11,200,OK,PENDING_PAYMENT,955.184
ample_64,332,12,200,OK,PENDING_PAYMENT,957.961
ample_64,333,13,200,OK,PENDING_PAYMENT,952.901
ample_64,334,14,200,OK,PENDING_PAYMENT,944.548
ample_64,335,15,200,OK,PENDING_PAYMENT,945.199
ample_64,336,16,200,OK,PENDING_PAYMENT,936.352
ample_64,337,17,200,OK,PENDING_PAYMENT,945.353
ample_64,338,18,200,OK,PENDING_PAYMENT,945.024
ample_64,339,19,200,OK,PENDING_PAYMENT,939.107
ample_64,340,20,200,OK,PENDING_PAYMENT,945.062
ample_64,341,21,200,OK,PENDING_PAYMENT,939.237
ample_64,342,22,200,OK,PENDING_PAYMENT,954.599
ample_64,343,23,200,OK,PENDING_PAYMENT,957.090
ample_64,344,24,200,OK,PENDING_PAYMENT,952.902
ample_64,345,25,200,OK,PENDING_PAYMENT,950.266
ample_64,346,26,200,OK,PENDING_PAYMENT,962.235
ample_64,347,27,200,OK,PENDING_PAYMENT,958.879
ample_64,348,28,200,OK,PENDING_PAYMENT,970.991
ample_64,349,29,200,OK,PENDING_PAYMENT,970.417
ample_64,350,30,200,OK,PENDING_PAYMENT,947.203
ample_64,351,31,200,OK,PENDING_PAYMENT,947.286
ample_64,352,32,200,OK,PENDING_PAYMENT,978.752
ample_64,353,33,200,OK,PENDING_PAYMENT,975.332
ample_64,354,34,200,OK,PENDING_PAYMENT,982.556
ample_64,355,35,200,OK,PENDING_PAYMENT,973.732
ample_64,356,36,200,OK,PENDING_PAYMENT,970.549
ample_64,357,37,200,OK,PENDING_PAYMENT,973.781
ample_64,358,38,200,OK,PENDING_PAYMENT,971.315
ample_64,359,39,200,OK,PENDING_PAYMENT,972.948
ample_64,360,40,200,OK,PENDING_PAYMENT,969.826
ample_64,361,41,200,OK,PENDING_PAYMENT,981.122
ample_64,362,42,200,OK,PENDING_PAYMENT,985.618
ample_64,363,43,200,OK,PENDING_PAYMENT,975.374
ample_64,364,44,200,OK,PENDING_PAYMENT,973.306
ample_64,365,45,200,OK,PENDING_PAYMENT,968.245
ample_64,366,46,200,OK,PENDING_PAYMENT,974.211
ample_64,367,47,200,OK,PENDING_PAYMENT,973.811
ample_64,368,48,200,OK,PENDING_PAYMENT,967.774
ample_64,369,49,200,OK,PENDING_PAYMENT,1005.350
ample_64,370,50,200,OK,PENDING_PAYMENT,1016.615
ample_64,371,51,200,OK,PENDING_PAYMENT,1006.522
ample_64,372,52,200,OK,PENDING_PAYMENT,1016.348
ample_64,373,53,200,OK,PENDING_PAYMENT,1015.884
ample_64,374,54,200,OK,PENDING_PAYMENT,1011.825
ample_64,375,55,200,OK,PENDING_PAYMENT,1005.781
ample_64,376,56,200,OK,PENDING_PAYMENT,1017.795
ample_64,377,57,200,OK,PENDING_PAYMENT,1022.626
ample_64,378,58,200,OK,PENDING_PAYMENT,1027.444
ample_64,380,60,200,OK,PENDING_PAYMENT,1017.638
ample_64,379,59,200,OK,PENDING_PAYMENT,1046.687
ample_64,381,61,200,OK,PENDING_PAYMENT,1029.277
ample_64,382,62,200,OK,PENDING_PAYMENT,1038.375
ample_64,383,63,200,OK,PENDING_PAYMENT,1037.761
ample_64,384,0,200,OK,PENDING_PAYMENT,1045.643
ample_64,385,1,200,OK,PENDING_PAYMENT,1045.287
ample_64,386,2,200,OK,PENDING_PAYMENT,1039.657
ample_64,387,3,200,OK,PENDING_PAYMENT,1040.528
ample_64,388,4,200,OK,PENDING_PAYMENT,1033.930
ample_64,390,6,200,OK,PENDING_PAYMENT,1032.998
ample_64,389,5,200,OK,PENDING_PAYMENT,1059.697
ample_64,391,7,200,OK,PENDING_PAYMENT,1042.812
ample_64,392,8,200,OK,PENDING_PAYMENT,1042.760
ample_64,393,9,200,OK,PENDING_PAYMENT,1049.144
ample_64,394,10,200,OK,PENDING_PAYMENT,1057.673
ample_64,395,11,200,OK,PENDING_PAYMENT,1059.800
ample_64,396,12,200,OK,PENDING_PAYMENT,1056.641
ample_64,397,13,200,OK,PENDING_PAYMENT,1057.113
ample_64,398,14,200,OK,PENDING_PAYMENT,1065.416
ample_64,399,15,200,OK,PENDING_PAYMENT,1065.513
ample_64,400,16,200,OK,PENDING_PAYMENT,1077.561
ample_64,401,17,200,OK,PENDING_PAYMENT,1072.996
ample_64,402,18,200,OK,PENDING_PAYMENT,1075.166
ample_64,403,19,200,OK,PENDING_PAYMENT,1078.553
ample_64,404,20,200,OK,PENDING_PAYMENT,1084.796
ample_64,405,21,200,OK,PENDING_PAYMENT,1090.665
ample_64,406,22,200,OK,PENDING_PAYMENT,1090.816
ample_64,407,23,200,OK,PENDING_PAYMENT,1094.812
ample_64,409,25,200,OK,PENDING_PAYMENT,1073.703
ample_64,408,24,200,OK,PENDING_PAYMENT,1103.057
ample_64,410,26,200,OK,PENDING_PAYMENT,1077.131
ample_64,411,27,200,OK,PENDING_PAYMENT,1077.656
ample_64,412,28,200,OK,PENDING_PAYMENT,1086.740
ample_64,413,29,200,OK,PENDING_PAYMENT,1088.385
ample_64,414,30,200,OK,PENDING_PAYMENT,1084.845
ample_64,415,31,200,OK,PENDING_PAYMENT,1078.527
ample_64,416,32,200,OK,PENDING_PAYMENT,1057.151
ample_64,417,33,200,OK,PENDING_PAYMENT,1052.677
ample_64,418,34,200,OK,PENDING_PAYMENT,1048.135
ample_64,419,35,200,OK,PENDING_PAYMENT,1057.432
ample_64,420,36,200,OK,PENDING_PAYMENT,1057.123
ample_64,421,37,200,OK,PENDING_PAYMENT,1055.098
ample_64,422,38,200,OK,PENDING_PAYMENT,1055.204
ample_64,424,40,200,OK,PENDING_PAYMENT,1038.752
ample_64,423,39,200,OK,PENDING_PAYMENT,1069.416
ample_64,425,41,200,OK,PENDING_PAYMENT,1059.231
ample_64,426,42,200,OK,PENDING_PAYMENT,1058.328
ample_64,427,43,200,OK,PENDING_PAYMENT,1062.357
ample_64,428,44,200,OK,PENDING_PAYMENT,1058.937
ample_64,429,45,200,OK,PENDING_PAYMENT,1055.763
ample_64,430,46,200,OK,PENDING_PAYMENT,1057.296
ample_64,432,48,200,OK,PENDING_PAYMENT,1046.756
ample_64,431,47,200,OK,PENDING_PAYMENT,1065.676
ample_64,433,49,200,OK,PENDING_PAYMENT,1013.252
ample_64,434,50,200,OK,PENDING_PAYMENT,1004.824
ample_64,435,51,200,OK,PENDING_PAYMENT,1011.815
ample_64,436,52,200,OK,PENDING_PAYMENT,1022.859
ample_64,437,53,200,OK,PENDING_PAYMENT,1017.750
ample_64,438,54,200,OK,PENDING_PAYMENT,1018.996
ample_64,439,55,200,OK,PENDING_PAYMENT,1009.890
ample_64,440,56,200,OK,PENDING_PAYMENT,1020.903
ample_64,441,57,200,OK,PENDING_PAYMENT,1006.548
ample_64,442,58,200,OK,PENDING_PAYMENT,1026.317
ample_64,443,59,200,OK,PENDING_PAYMENT,1028.982
ample_64,444,60,200,OK,PENDING_PAYMENT,1016.569
ample_64,445,61,200,OK,PENDING_PAYMENT,1017.369
ample_64,446,62,200,OK,PENDING_PAYMENT,1011.742
ample_64,447,63,200,OK,PENDING_PAYMENT,1018.479
ample_64,448,0,200,OK,PENDING_PAYMENT,1018.583
ample_64,449,1,200,OK,PENDING_PAYMENT,1010.480
ample_64,450,2,200,OK,PENDING_PAYMENT,1016.130
ample_64,452,4,200,OK,PENDING_PAYMENT,1003.220
ample_64,451,3,200,OK,PENDING_PAYMENT,1022.634
ample_64,453,5,200,OK,PENDING_PAYMENT,1007.037
ample_64,454,6,200,OK,PENDING_PAYMENT,1009.909
ample_64,455,7,200,OK,PENDING_PAYMENT,1020.104
ample_64,456,8,200,OK,PENDING_PAYMENT,1022.188
ample_64,457,9,200,OK,PENDING_PAYMENT,1010.983
ample_64,458,10,200,OK,PENDING_PAYMENT,1004.088
ample_64,459,11,200,OK,PENDING_PAYMENT,1001.667
ample_64,460,12,200,OK,PENDING_PAYMENT,1005.170
ample_64,461,13,200,OK,PENDING_PAYMENT,992.375
ample_64,462,14,200,OK,PENDING_PAYMENT,992.961
ample_64,463,15,200,OK,PENDING_PAYMENT,989.354
ample_64,464,16,200,OK,PENDING_PAYMENT,987.633
ample_64,465,17,200,OK,PENDING_PAYMENT,994.983
ample_64,466,18,200,OK,PENDING_PAYMENT,991.014
ample_64,467,19,200,OK,PENDING_PAYMENT,989.887
ample_64,468,20,200,OK,PENDING_PAYMENT,979.536
ample_64,469,21,200,OK,PENDING_PAYMENT,983.974
ample_64,470,22,200,OK,PENDING_PAYMENT,971.754
ample_64,471,23,200,OK,PENDING_PAYMENT,968.637
ample_64,472,24,200,OK,PENDING_PAYMENT,967.965
ample_64,473,25,200,OK,PENDING_PAYMENT,967.333
ample_64,474,26,200,OK,PENDING_PAYMENT,972.273
ample_64,475,27,200,OK,PENDING_PAYMENT,975.335
ample_64,476,28,200,OK,PENDING_PAYMENT,976.978
ample_64,477,29,200,OK,PENDING_PAYMENT,985.609
ample_64,478,30,200,OK,PENDING_PAYMENT,1000.944
ample_64,479,31,200,OK,PENDING_PAYMENT,1000.353
ample_64,481,33,200,OK,PENDING_PAYMENT,991.243
ample_64,480,32,200,OK,PENDING_PAYMENT,1023.290
ample_64,482,34,200,OK,PENDING_PAYMENT,1022.750
ample_64,483,35,200,OK,PENDING_PAYMENT,1008.094
ample_64,484,36,200,OK,PENDING_PAYMENT,1009.503
ample_64,485,37,200,OK,PENDING_PAYMENT,1003.215
ample_64,486,38,200,OK,PENDING_PAYMENT,1005.303
ample_64,487,39,200,OK,PENDING_PAYMENT,1014.318
ample_64,488,40,200,OK,PENDING_PAYMENT,1015.057
ample_64,489,41,200,OK,PENDING_PAYMENT,1000.538
ample_64,490,42,200,OK,PENDING_PAYMENT,1002.374
ample_64,491,43,200,OK,PENDING_PAYMENT,1014.410
ample_64,492,44,200,OK,PENDING_PAYMENT,1029.897
ample_64,493,45,200,OK,PENDING_PAYMENT,1020.962
ample_64,494,46,200,OK,PENDING_PAYMENT,1016.347
ample_64,495,47,200,OK,PENDING_PAYMENT,999.326
ample_64,496,48,200,OK,PENDING_PAYMENT,1018.349
ample_64,497,49,200,OK,PENDING_PAYMENT,1009.869
ample_64,498,50,200,OK,PENDING_PAYMENT,1017.026
ample_64,499,51,200,OK,PENDING_PAYMENT,1018.432
ample_64,501,53,200,OK,PENDING_PAYMENT,996.365
ample_64,500,52,200,OK,PENDING_PAYMENT,1023.828
ample_64,502,54,200,OK,PENDING_PAYMENT,1007.029
ample_64,503,55,200,OK,PENDING_PAYMENT,1023.811
ample_64,505,57,200,OK,PENDING_PAYMENT,992.024
ample_64,504,56,200,OK,PENDING_PAYMENT,1017.743
ample_64,506,58,200,OK,PENDING_PAYMENT,1000.699
ample_64,507,59,200,OK,PENDING_PAYMENT,1005.535
ample_64,508,60,200,OK,PENDING_PAYMENT,1005.970
ample_64,510,62,200,OK,PENDING_PAYMENT,998.638
ample_64,509,61,200,OK,PENDING_PAYMENT,1013.060
ample_64,511,63,200,OK,PENDING_PAYMENT,998.763
ample_64,512,0,200,OK,PENDING_PAYMENT,1001.303
ample_64,513,1,200,OK,PENDING_PAYMENT,1004.835
ample_64,514,2,200,OK,PENDING_PAYMENT,1009.537
ample_64,515,3,200,OK,PENDING_PAYMENT,1020.124
ample_64,516,4,200,OK,PENDING_PAYMENT,1021.375
ample_64,517,5,200,OK,PENDING_PAYMENT,1025.436
ample_64,518,6,200,OK,PENDING_PAYMENT,1027.705
ample_64,519,7,200,OK,PENDING_PAYMENT,1016.305
ample_64,521,9,200,OK,PENDING_PAYMENT,1007.332
ample_64,520,8,200,OK,PENDING_PAYMENT,1035.004
ample_64,522,10,200,OK,PENDING_PAYMENT,1025.227
ample_64,523,11,200,OK,PENDING_PAYMENT,1032.315
ample_64,525,13,200,OK,PENDING_PAYMENT,1023.297
ample_64,524,12,200,OK,PENDING_PAYMENT,1043.871
ample_64,526,14,200,OK,PENDING_PAYMENT,1038.421
ample_64,527,15,200,OK,PENDING_PAYMENT,1042.905
ample_64,528,16,200,OK,PENDING_PAYMENT,1039.040
ample_64,529,17,200,OK,PENDING_PAYMENT,1036.182
ample_64,530,18,200,OK,PENDING_PAYMENT,1035.586
ample_64,531,19,200,OK,PENDING_PAYMENT,1039.188
ample_64,532,20,200,OK,PENDING_PAYMENT,1049.960
ample_64,533,21,200,OK,PENDING_PAYMENT,1035.524
ample_64,534,22,200,OK,PENDING_PAYMENT,1042.783
ample_64,536,24,200,OK,PENDING_PAYMENT,1026.497
ample_64,535,23,200,OK,PENDING_PAYMENT,1047.876
ample_64,537,25,200,OK,PENDING_PAYMENT,1041.973
ample_64,538,26,200,OK,PENDING_PAYMENT,1038.134
ample_64,539,27,200,OK,PENDING_PAYMENT,1050.356
ample_64,540,28,200,OK,PENDING_PAYMENT,1031.135
ample_64,541,29,200,OK,PENDING_PAYMENT,1024.146
ample_64,542,30,200,OK,PENDING_PAYMENT,1011.822
ample_64,543,31,200,OK,PENDING_PAYMENT,1009.796
ample_64,544,32,200,OK,PENDING_PAYMENT,1009.832
ample_64,545,33,200,OK,PENDING_PAYMENT,997.236
ample_64,546,34,200,OK,PENDING_PAYMENT,994.143
ample_64,547,35,200,OK,PENDING_PAYMENT,1008.371
ample_64,548,36,200,OK,PENDING_PAYMENT,1009.885
ample_64,549,37,200,OK,PENDING_PAYMENT,1011.974
ample_64,550,38,200,OK,PENDING_PAYMENT,1015.889
ample_64,551,39,200,OK,PENDING_PAYMENT,1011.241
ample_64,552,40,200,OK,PENDING_PAYMENT,999.284
ample_64,554,42,200,OK,PENDING_PAYMENT,982.112
ample_64,553,41,200,OK,PENDING_PAYMENT,1006.668
ample_64,555,43,200,OK,PENDING_PAYMENT,982.525
ample_64,557,45,200,OK,PENDING_PAYMENT,966.323
ample_64,556,44,200,OK,PENDING_PAYMENT,982.559
ample_64,558,46,200,OK,PENDING_PAYMENT,979.099
ample_64,559,47,200,OK,PENDING_PAYMENT,987.805
ample_64,560,48,200,OK,PENDING_PAYMENT,980.771
ample_64,561,49,200,OK,PENDING_PAYMENT,985.952
ample_64,562,50,200,OK,PENDING_PAYMENT,984.877
ample_64,563,51,200,OK,PENDING_PAYMENT,980.081
ample_64,564,52,200,OK,PENDING_PAYMENT,981.087
ample_64,565,53,200,OK,PENDING_PAYMENT,984.667
ample_64,566,54,200,OK,PENDING_PAYMENT,987.219
ample_64,568,56,200,OK,PENDING_PAYMENT,975.748
ample_64,567,55,200,OK,PENDING_PAYMENT,993.472
ample_64,569,57,200,OK,PENDING_PAYMENT,982.325
ample_64,570,58,200,OK,PENDING_PAYMENT,978.410
ample_64,571,59,200,OK,PENDING_PAYMENT,973.448
ample_64,572,60,200,OK,PENDING_PAYMENT,976.292
ample_64,573,61,200,OK,PENDING_PAYMENT,976.485
ample_64,574,62,200,OK,PENDING_PAYMENT,981.880
ample_64,575,63,200,OK,PENDING_PAYMENT,983.109
ample_64,576,0,200,OK,PENDING_PAYMENT,976.634
ample_64,577,1,200,OK,PENDING_PAYMENT,977.957
ample_64,578,2,200,OK,PENDING_PAYMENT,972.624
ample_64,579,3,200,OK,PENDING_PAYMENT,967.989
ample_64,580,4,200,OK,PENDING_PAYMENT,967.328
ample_64,581,5,200,OK,PENDING_PAYMENT,960.721
ample_64,582,6,200,OK,PENDING_PAYMENT,958.214
ample_64,583,7,200,OK,PENDING_PAYMENT,956.780
ample_64,584,8,200,OK,PENDING_PAYMENT,955.924
ample_64,585,9,200,OK,PENDING_PAYMENT,951.868
ample_64,586,10,200,OK,PENDING_PAYMENT,953.418
ample_64,587,11,200,OK,PENDING_PAYMENT,943.696
ample_64,588,12,200,OK,PENDING_PAYMENT,945.977
ample_64,589,13,200,OK,PENDING_PAYMENT,938.126
ample_64,590,14,200,OK,PENDING_PAYMENT,937.167
ample_64,591,15,200,OK,PENDING_PAYMENT,933.337
ample_64,592,16,200,OK,PENDING_PAYMENT,932.816
ample_64,594,18,200,OK,PENDING_PAYMENT,914.355
ample_64,593,17,200,OK,PENDING_PAYMENT,942.528
ample_64,595,19,200,OK,PENDING_PAYMENT,926.402
ample_64,596,20,200,OK,PENDING_PAYMENT,923.560
ample_64,597,21,200,OK,PENDING_PAYMENT,929.479
ample_64,599,23,200,OK,PENDING_PAYMENT,922.458
ample_64,598,22,200,OK,PENDING_PAYMENT,944.303
ample_64,600,24,200,OK,PENDING_PAYMENT,935.349
ample_64,601,25,200,OK,PENDING_PAYMENT,935.090
ample_64,602,26,200,OK,PENDING_PAYMENT,941.098
ample_64,603,27,200,OK,PENDING_PAYMENT,924.902
ample_64,604,28,200,OK,PENDING_PAYMENT,934.176
ample_64,605,29,200,OK,PENDING_PAYMENT,931.605
ample_64,606,30,200,OK,PENDING_PAYMENT,938.071
ample_64,607,31,200,OK,PENDING_PAYMENT,957.999
ample_64,608,32,200,OK,PENDING_PAYMENT,948.198
ample_64,609,33,200,OK,PENDING_PAYMENT,946.128
ample_64,610,34,200,OK,PENDING_PAYMENT,949.352
ample_64,611,35,200,OK,PENDING_PAYMENT,944.168
ample_64,612,36,200,OK,PENDING_PAYMENT,950.054
ample_64,613,37,200,OK,PENDING_PAYMENT,953.808
ample_64,614,38,200,OK,PENDING_PAYMENT,953.489
ample_64,615,39,200,OK,PENDING_PAYMENT,945.054
ample_64,616,40,200,OK,PENDING_PAYMENT,956.580
ample_64,617,41,200,OK,PENDING_PAYMENT,956.321
ample_64,618,42,200,OK,PENDING_PAYMENT,973.462
ample_64,619,43,200,OK,PENDING_PAYMENT,964.297
ample_64,620,44,200,OK,PENDING_PAYMENT,969.430
ample_64,621,45,200,OK,PENDING_PAYMENT,964.262
ample_64,622,46,200,OK,PENDING_PAYMENT,963.606
ample_64,623,47,200,OK,PENDING_PAYMENT,965.556
ample_64,624,48,200,OK,PENDING_PAYMENT,977.445
ample_64,625,49,200,OK,PENDING_PAYMENT,984.642
ample_64,626,50,200,OK,PENDING_PAYMENT,978.418
ample_64,627,51,200,OK,PENDING_PAYMENT,987.974
ample_64,628,52,200,OK,PENDING_PAYMENT,996.669
ample_64,629,53,200,OK,PENDING_PAYMENT,984.609
ample_64,630,54,200,OK,PENDING_PAYMENT,985.162
ample_64,631,55,200,OK,PENDING_PAYMENT,982.913
ample_64,632,56,200,OK,PENDING_PAYMENT,985.441
ample_64,633,57,200,OK,PENDING_PAYMENT,985.967
ample_64,634,58,200,OK,PENDING_PAYMENT,985.128
ample_64,635,59,200,OK,PENDING_PAYMENT,985.674
ample_64,636,60,200,OK,PENDING_PAYMENT,991.783
ample_64,637,61,200,OK,PENDING_PAYMENT,988.854
ample_64,638,62,200,OK,PENDING_PAYMENT,995.065
ample_64,639,63,200,OK,PENDING_PAYMENT,999.419
ample_64,640,0,200,OK,PENDING_PAYMENT,1005.276
ample_64,641,1,200,OK,PENDING_PAYMENT,997.306
ample_64,642,2,200,OK,PENDING_PAYMENT,999.569
ample_64,643,3,200,OK,PENDING_PAYMENT,995.993
ample_64,644,4,200,OK,PENDING_PAYMENT,1007.132
ample_64,645,5,200,OK,PENDING_PAYMENT,1013.795
ample_64,646,6,200,OK,PENDING_PAYMENT,1004.530
ample_64,647,7,200,OK,PENDING_PAYMENT,1013.765
ample_64,648,8,200,OK,PENDING_PAYMENT,1004.358
ample_64,649,9,200,OK,PENDING_PAYMENT,1004.797
ample_64,650,10,200,OK,PENDING_PAYMENT,999.352
ample_64,651,11,200,OK,PENDING_PAYMENT,1005.704
ample_64,652,12,200,OK,PENDING_PAYMENT,1006.010
ample_64,653,13,200,OK,PENDING_PAYMENT,1000.947
ample_64,654,14,200,OK,PENDING_PAYMENT,1006.494
ample_64,655,15,200,OK,PENDING_PAYMENT,1006.634
ample_64,656,16,200,OK,PENDING_PAYMENT,1012.470
ample_64,657,17,200,OK,PENDING_PAYMENT,1022.139
ample_64,658,18,200,OK,PENDING_PAYMENT,1013.376
ample_64,659,19,200,OK,PENDING_PAYMENT,1020.207
ample_64,660,20,200,OK,PENDING_PAYMENT,1008.541
ample_64,661,21,200,OK,PENDING_PAYMENT,1013.337
ample_64,662,22,200,OK,PENDING_PAYMENT,1010.171
ample_64,663,23,200,OK,PENDING_PAYMENT,1013.838
ample_64,664,24,200,OK,PENDING_PAYMENT,1010.008
ample_64,665,25,200,OK,PENDING_PAYMENT,1019.037
ample_64,666,26,200,OK,PENDING_PAYMENT,1029.045
ample_64,667,27,200,OK,PENDING_PAYMENT,1022.562
ample_64,668,28,200,OK,PENDING_PAYMENT,1024.448
ample_64,669,29,200,OK,PENDING_PAYMENT,1017.359
ample_64,670,30,200,OK,PENDING_PAYMENT,1028.886
ample_64,671,31,200,OK,PENDING_PAYMENT,1018.923
ample_64,672,32,200,OK,PENDING_PAYMENT,1024.462
ample_64,673,33,200,OK,PENDING_PAYMENT,1024.823
ample_64,674,34,200,OK,PENDING_PAYMENT,1021.425
ample_64,675,35,200,OK,PENDING_PAYMENT,1015.268
ample_64,676,36,200,OK,PENDING_PAYMENT,1011.905
ample_64,677,37,200,OK,PENDING_PAYMENT,1015.070
ample_64,678,38,200,OK,PENDING_PAYMENT,1009.361
ample_64,679,39,200,OK,PENDING_PAYMENT,1014.645
ample_64,680,40,200,OK,PENDING_PAYMENT,1016.292
ample_64,681,41,200,OK,PENDING_PAYMENT,1007.474
ample_64,682,42,200,OK,PENDING_PAYMENT,1006.128
ample_64,683,43,200,OK,PENDING_PAYMENT,1017.688
ample_64,684,44,200,OK,PENDING_PAYMENT,1003.463
ample_64,685,45,200,OK,PENDING_PAYMENT,1016.697
ample_64,686,46,200,OK,PENDING_PAYMENT,1019.287
ample_64,687,47,200,OK,PENDING_PAYMENT,1021.469
ample_64,688,48,200,OK,PENDING_PAYMENT,1014.879
ample_64,689,49,200,OK,PENDING_PAYMENT,1007.902
ample_64,690,50,200,OK,PENDING_PAYMENT,1015.525
ample_64,691,51,200,OK,PENDING_PAYMENT,1009.338
ample_64,692,52,200,OK,PENDING_PAYMENT,1004.402
ample_64,693,53,200,OK,PENDING_PAYMENT,999.369
ample_64,694,54,200,OK,PENDING_PAYMENT,1008.742
ample_64,695,55,200,OK,PENDING_PAYMENT,1011.660
ample_64,696,56,200,OK,PENDING_PAYMENT,1013.941
ample_64,697,57,200,OK,PENDING_PAYMENT,1012.909
ample_64,698,58,200,OK,PENDING_PAYMENT,1013.919
ample_64,699,59,200,OK,PENDING_PAYMENT,1013.689
ample_64,700,60,200,OK,PENDING_PAYMENT,1009.143
ample_64,701,61,200,OK,PENDING_PAYMENT,1013.074
ample_64,702,62,200,OK,PENDING_PAYMENT,1007.139
ample_64,703,63,200,OK,PENDING_PAYMENT,1002.524
ample_64,704,0,200,OK,PENDING_PAYMENT,996.488
ample_64,705,1,200,OK,PENDING_PAYMENT,1006.868
ample_64,706,2,200,OK,PENDING_PAYMENT,1007.729
ample_64,707,3,200,OK,PENDING_PAYMENT,1012.871
ample_64,708,4,200,OK,PENDING_PAYMENT,1013.758
ample_64,710,6,200,OK,PENDING_PAYMENT,994.380
ample_64,709,5,200,OK,PENDING_PAYMENT,1016.413
ample_64,711,7,200,OK,PENDING_PAYMENT,998.938
ample_64,712,8,200,OK,PENDING_PAYMENT,1008.794
ample_64,713,9,200,OK,PENDING_PAYMENT,1004.564
ample_64,714,10,200,OK,PENDING_PAYMENT,1010.940
ample_64,715,11,200,OK,PENDING_PAYMENT,1021.827
ample_64,717,13,200,OK,PENDING_PAYMENT,1011.862
ample_64,716,12,200,OK,PENDING_PAYMENT,1025.926
ample_64,718,14,200,OK,PENDING_PAYMENT,1018.302
ample_64,719,15,200,OK,PENDING_PAYMENT,1017.828
ample_64,720,16,200,OK,PENDING_PAYMENT,1015.929
ample_64,722,18,200,OK,PENDING_PAYMENT,1002.940
ample_64,721,17,200,OK,PENDING_PAYMENT,1021.991
ample_64,724,20,200,OK,PENDING_PAYMENT,1001.853
ample_64,723,19,200,OK,PENDING_PAYMENT,1013.310
ample_64,725,21,200,OK,PENDING_PAYMENT,1011.554
ample_64,726,22,200,OK,PENDING_PAYMENT,1013.592
ample_64,728,24,200,OK,PENDING_PAYMENT,1002.355
ample_64,727,23,200,OK,PENDING_PAYMENT,1027.667
ample_64,729,25,200,OK,PENDING_PAYMENT,1015.985
ample_64,730,26,200,OK,PENDING_PAYMENT,1006.359
ample_64,731,27,200,OK,PENDING_PAYMENT,1016.978
ample_64,733,29,200,OK,PENDING_PAYMENT,1005.099
ample_64,732,28,200,OK,PENDING_PAYMENT,1051.352
ample_64,734,30,200,OK,PENDING_PAYMENT,1042.022
ample_64,735,31,200,OK,PENDING_PAYMENT,1055.479
ample_64,736,32,200,OK,PENDING_PAYMENT,1102.036
ample_64,737,33,200,OK,PENDING_PAYMENT,1138.990
ample_64,738,34,200,OK,PENDING_PAYMENT,1126.626
ample_64,739,35,200,OK,PENDING_PAYMENT,1134.637
ample_64,740,36,200,OK,PENDING_PAYMENT,1135.068
ample_64,741,37,200,OK,PENDING_PAYMENT,1131.231
ample_64,742,38,200,OK,PENDING_PAYMENT,1136.969
ample_64,743,39,200,OK,PENDING_PAYMENT,1140.354
ample_64,745,41,200,OK,PENDING_PAYMENT,1128.833
ample_64,744,40,200,OK,PENDING_PAYMENT,1148.396
ample_64,746,42,200,OK,PENDING_PAYMENT,1138.322
ample_64,747,43,200,OK,PENDING_PAYMENT,1146.987
ample_64,748,44,200,OK,PENDING_PAYMENT,1164.037
ample_64,749,45,200,OK,PENDING_PAYMENT,1173.214
ample_64,750,46,200,OK,PENDING_PAYMENT,1171.786
ample_64,751,47,200,OK,PENDING_PAYMENT,1164.281
ample_64,752,48,200,OK,PENDING_PAYMENT,1154.190
ample_64,753,49,200,OK,PENDING_PAYMENT,1157.222
ample_64,754,50,200,OK,PENDING_PAYMENT,1152.080
ample_64,755,51,200,OK,PENDING_PAYMENT,1158.260
ample_64,756,52,200,OK,PENDING_PAYMENT,1168.390
ample_64,757,53,200,OK,PENDING_PAYMENT,1174.475
ample_64,758,54,200,OK,PENDING_PAYMENT,1168.116
ample_64,759,55,200,OK,PENDING_PAYMENT,1167.448
ample_64,760,56,200,OK,PENDING_PAYMENT,1161.410
ample_64,761,57,200,OK,PENDING_PAYMENT,1162.393
ample_64,762,58,200,OK,PENDING_PAYMENT,1158.722
ample_64,763,59,200,OK,PENDING_PAYMENT,1161.431
ample_64,764,60,200,OK,PENDING_PAYMENT,1165.269
ample_64,765,61,200,OK,PENDING_PAYMENT,1163.952
ample_64,766,62,200,OK,PENDING_PAYMENT,1170.031
ample_64,767,63,200,OK,PENDING_PAYMENT,1169.163
ample_64,768,0,200,OK,PENDING_PAYMENT,1159.919
ample_64,769,1,200,OK,PENDING_PAYMENT,1158.650
ample_64,770,2,200,OK,PENDING_PAYMENT,1152.047
ample_64,771,3,200,OK,PENDING_PAYMENT,1147.289
ample_64,772,4,200,OK,PENDING_PAYMENT,1138.084
ample_64,773,5,200,OK,PENDING_PAYMENT,1143.701
ample_64,774,6,200,OK,PENDING_PAYMENT,1144.724
ample_64,775,7,200,OK,PENDING_PAYMENT,1149.320
ample_64,776,8,200,OK,PENDING_PAYMENT,1148.088
ample_64,777,9,200,OK,PENDING_PAYMENT,1150.632
ample_64,778,10,200,OK,PENDING_PAYMENT,1150.113
ample_64,779,11,200,OK,PENDING_PAYMENT,1141.498
ample_64,780,12,200,OK,PENDING_PAYMENT,1139.866
ample_64,781,13,200,OK,PENDING_PAYMENT,1154.367
ample_64,782,14,200,OK,PENDING_PAYMENT,1145.932
ample_64,783,15,200,OK,PENDING_PAYMENT,1145.724
ample_64,784,16,200,OK,PENDING_PAYMENT,1142.348
ample_64,785,17,200,OK,PENDING_PAYMENT,1141.801
ample_64,786,18,200,OK,PENDING_PAYMENT,1148.122
ample_64,787,19,200,OK,PENDING_PAYMENT,1153.578
ample_64,788,20,200,OK,PENDING_PAYMENT,1158.497
ample_64,789,21,200,OK,PENDING_PAYMENT,1167.697
ample_64,790,22,200,OK,PENDING_PAYMENT,1185.382
ample_64,791,23,200,OK,PENDING_PAYMENT,1181.063
ample_64,792,24,200,OK,PENDING_PAYMENT,1197.142
ample_64,793,25,200,OK,PENDING_PAYMENT,1204.315
ample_64,794,26,200,OK,PENDING_PAYMENT,1209.776
ample_64,795,27,200,OK,PENDING_PAYMENT,1215.941
ample_64,796,28,200,OK,PENDING_PAYMENT,1203.862
ample_64,797,29,200,OK,PENDING_PAYMENT,1189.394
ample_64,798,30,200,OK,PENDING_PAYMENT,1174.996
ample_64,799,31,200,OK,PENDING_PAYMENT,1147.404
ample_64,800,32,200,OK,PENDING_PAYMENT,1105.648
ample_64,802,34,200,OK,PENDING_PAYMENT,1058.013
ample_64,801,33,200,OK,PENDING_PAYMENT,1074.586
ample_64,803,35,200,OK,PENDING_PAYMENT,1068.934
ample_64,804,36,200,OK,PENDING_PAYMENT,1065.560
ample_64,805,37,200,OK,PENDING_PAYMENT,1065.908
ample_64,806,38,200,OK,PENDING_PAYMENT,1059.610
ample_64,807,39,200,OK,PENDING_PAYMENT,1053.299
ample_64,808,40,200,OK,PENDING_PAYMENT,1053.893
ample_64,809,41,200,OK,PENDING_PAYMENT,1053.699
ample_64,810,42,200,OK,PENDING_PAYMENT,1049.794
ample_64,811,43,200,OK,PENDING_PAYMENT,1029.957
ample_64,812,44,200,OK,PENDING_PAYMENT,1021.576
ample_64,813,45,200,OK,PENDING_PAYMENT,1007.584
ample_64,814,46,200,OK,PENDING_PAYMENT,1007.021
ample_64,815,47,200,OK,PENDING_PAYMENT,1016.471
ample_64,816,48,200,OK,PENDING_PAYMENT,1018.302
ample_64,817,49,200,OK,PENDING_PAYMENT,1011.529
ample_64,818,50,200,OK,PENDING_PAYMENT,1016.388
ample_64,819,51,200,OK,PENDING_PAYMENT,1038.484
ample_64,820,52,200,OK,PENDING_PAYMENT,1035.452
ample_64,821,53,200,OK,PENDING_PAYMENT,1028.923
ample_64,822,54,200,OK,PENDING_PAYMENT,1031.342
ample_64,823,55,200,OK,PENDING_PAYMENT,1019.371
ample_64,824,56,200,OK,PENDING_PAYMENT,1028.535
ample_64,825,57,200,OK,PENDING_PAYMENT,1031.377
ample_64,826,58,200,OK,PENDING_PAYMENT,1030.486
ample_64,827,59,200,OK,PENDING_PAYMENT,1028.423
ample_64,828,60,200,OK,PENDING_PAYMENT,1022.976
ample_64,829,61,200,OK,PENDING_PAYMENT,1022.572
ample_64,830,62,200,OK,PENDING_PAYMENT,1022.208
ample_64,831,63,200,OK,PENDING_PAYMENT,1019.780
ample_64,832,0,200,OK,PENDING_PAYMENT,1029.495
ample_64,833,1,200,OK,PENDING_PAYMENT,1026.428
ample_64,834,2,200,OK,PENDING_PAYMENT,1033.582
ample_64,835,3,200,OK,PENDING_PAYMENT,1039.278
ample_64,836,4,200,OK,PENDING_PAYMENT,1048.019
ample_64,837,5,200,OK,PENDING_PAYMENT,1059.844
ample_64,838,6,200,OK,PENDING_PAYMENT,1063.075
ample_64,839,7,200,OK,PENDING_PAYMENT,1064.124
ample_64,840,8,200,OK,PENDING_PAYMENT,1063.668
ample_64,841,9,200,OK,PENDING_PAYMENT,1058.153
ample_64,842,10,200,OK,PENDING_PAYMENT,1060.161
ample_64,843,11,200,OK,PENDING_PAYMENT,1056.802
ample_64,844,12,200,OK,PENDING_PAYMENT,1065.552
ample_64,845,13,200,OK,PENDING_PAYMENT,1074.181
ample_64,846,14,200,OK,PENDING_PAYMENT,1074.157
ample_64,847,15,200,OK,PENDING_PAYMENT,1083.101
ample_64,848,16,200,OK,PENDING_PAYMENT,1094.931
ample_64,849,17,200,OK,PENDING_PAYMENT,1097.603
ample_64,850,18,200,OK,PENDING_PAYMENT,1103.304
ample_64,851,19,200,OK,PENDING_PAYMENT,1109.101
ample_64,852,20,200,OK,PENDING_PAYMENT,1124.152
ample_64,853,21,200,OK,PENDING_PAYMENT,1110.746
ample_64,854,22,200,OK,PENDING_PAYMENT,1097.482
ample_64,855,23,200,OK,PENDING_PAYMENT,1103.894
ample_64,858,26,200,OK,PENDING_PAYMENT,1026.942
ample_64,857,25,200,OK,PENDING_PAYMENT,1067.295
ample_64,856,24,200,OK,PENDING_PAYMENT,1109.396
ample_64,859,27,200,OK,PENDING_PAYMENT,1049.216
ample_64,860,28,200,OK,PENDING_PAYMENT,1067.830
ample_64,861,29,200,OK,PENDING_PAYMENT,1071.704
ample_64,862,30,200,OK,PENDING_PAYMENT,1068.040
ample_64,863,31,200,OK,PENDING_PAYMENT,1080.857
ample_64,864,32,200,OK,PENDING_PAYMENT,1089.230
ample_64,865,33,200,OK,PENDING_PAYMENT,1089.531
ample_64,866,34,200,OK,PENDING_PAYMENT,1087.049
ample_64,867,35,200,OK,PENDING_PAYMENT,1092.289
ample_64,868,36,200,OK,PENDING_PAYMENT,1092.923
ample_64,872,40,200,OK,PENDING_PAYMENT,1055.094
ample_64,871,39,200,OK,PENDING_PAYMENT,1079.865
ample_64,870,38,200,OK,PENDING_PAYMENT,1116.770
ample_64,869,37,200,OK,PENDING_PAYMENT,1157.926
ample_64,873,41,200,OK,PENDING_PAYMENT,1108.192
ample_64,874,42,200,OK,PENDING_PAYMENT,1114.549
ample_64,875,43,200,OK,PENDING_PAYMENT,1120.918
ample_64,876,44,200,OK,PENDING_PAYMENT,1122.815
ample_64,877,45,200,OK,PENDING_PAYMENT,1122.772
ample_64,878,46,200,OK,PENDING_PAYMENT,1119.912
ample_64,879,47,200,OK,PENDING_PAYMENT,1117.175
ample_64,880,48,200,OK,PENDING_PAYMENT,1114.071
ample_64,881,49,200,OK,PENDING_PAYMENT,1117.517
ample_64,882,50,200,OK,PENDING_PAYMENT,1122.884
ample_64,883,51,200,OK,PENDING_PAYMENT,1097.340
ample_64,884,52,200,OK,PENDING_PAYMENT,1078.941
ample_64,885,53,200,OK,PENDING_PAYMENT,1083.778
ample_64,886,54,200,OK,PENDING_PAYMENT,1084.792
ample_64,887,55,200,OK,PENDING_PAYMENT,1099.679
ample_64,888,56,200,OK,PENDING_PAYMENT,1083.941
ample_64,889,57,200,OK,PENDING_PAYMENT,1089.972
ample_64,890,58,200,OK,PENDING_PAYMENT,1086.902
ample_64,891,59,200,OK,PENDING_PAYMENT,1090.249
ample_64,892,60,200,OK,PENDING_PAYMENT,1087.088
ample_64,893,61,200,OK,PENDING_PAYMENT,1099.276
ample_64,894,62,200,OK,PENDING_PAYMENT,1087.605
ample_64,895,63,200,OK,PENDING_PAYMENT,1096.018
ample_64,896,0,200,OK,PENDING_PAYMENT,1086.144
ample_64,897,1,200,OK,PENDING_PAYMENT,1095.253
ample_64,898,2,200,OK,PENDING_PAYMENT,1082.111
ample_64,899,3,200,OK,PENDING_PAYMENT,1091.760
ample_64,900,4,200,OK,PENDING_PAYMENT,1078.993
ample_64,901,5,200,OK,PENDING_PAYMENT,1070.908
ample_64,902,6,200,OK,PENDING_PAYMENT,1070.303
ample_64,903,7,200,OK,PENDING_PAYMENT,1072.169
ample_64,904,8,200,OK,PENDING_PAYMENT,1066.890
ample_64,905,9,200,OK,PENDING_PAYMENT,1070.261
ample_64,906,10,200,OK,PENDING_PAYMENT,1068.195
ample_64,907,11,200,OK,PENDING_PAYMENT,1068.175
ample_64,908,12,200,OK,PENDING_PAYMENT,1071.702
ample_64,909,13,200,OK,PENDING_PAYMENT,1063.144
ample_64,910,14,200,OK,PENDING_PAYMENT,1085.554
ample_64,911,15,200,OK,PENDING_PAYMENT,1091.307
ample_64,912,16,200,OK,PENDING_PAYMENT,1072.324
ample_64,913,17,200,OK,PENDING_PAYMENT,1078.599
ample_64,914,18,200,OK,PENDING_PAYMENT,1083.270
ample_64,915,19,200,OK,PENDING_PAYMENT,1077.620
ample_64,916,20,200,OK,PENDING_PAYMENT,1057.484
ample_64,917,21,200,OK,PENDING_PAYMENT,1051.976
ample_64,918,22,200,OK,PENDING_PAYMENT,1041.716
ample_64,919,23,200,OK,PENDING_PAYMENT,1039.387
ample_64,920,24,200,OK,PENDING_PAYMENT,1048.175
ample_64,921,25,200,OK,PENDING_PAYMENT,1047.773
ample_64,922,26,200,OK,PENDING_PAYMENT,1041.983
ample_64,923,27,200,OK,PENDING_PAYMENT,1041.784
ample_64,924,28,200,OK,PENDING_PAYMENT,1026.329
ample_64,925,29,200,OK,PENDING_PAYMENT,1015.460
ample_64,926,30,200,OK,PENDING_PAYMENT,1015.749
ample_64,927,31,200,OK,PENDING_PAYMENT,1010.132
ample_64,928,32,200,OK,PENDING_PAYMENT,1003.439
ample_64,929,33,200,OK,PENDING_PAYMENT,1012.842
ample_64,930,34,200,OK,PENDING_PAYMENT,1017.885
ample_64,931,35,200,OK,PENDING_PAYMENT,1015.123
ample_64,932,36,200,OK,PENDING_PAYMENT,1014.273
ample_64,934,38,200,OK,PENDING_PAYMENT,1002.603
ample_64,933,37,200,OK,PENDING_PAYMENT,1042.635
ample_64,935,39,200,OK,PENDING_PAYMENT,1024.746
ample_64,936,40,200,OK,PENDING_PAYMENT,1003.217
ample_64,937,41,200,OK,PENDING_PAYMENT,1012.790
ample_64,938,42,200,OK,PENDING_PAYMENT,1000.996
ample_64,939,43,200,OK,PENDING_PAYMENT,996.601
ample_64,940,44,200,OK,PENDING_PAYMENT,992.973
ample_64,941,45,200,OK,PENDING_PAYMENT,983.896
ample_64,942,46,200,OK,PENDING_PAYMENT,988.087
ample_64,943,47,200,OK,PENDING_PAYMENT,977.985
ample_64,944,48,200,OK,PENDING_PAYMENT,981.523
ample_64,945,49,200,OK,PENDING_PAYMENT,978.692
ample_64,946,50,200,OK,PENDING_PAYMENT,977.694
ample_64,947,51,200,OK,PENDING_PAYMENT,963.003
ample_64,949,53,200,OK,PENDING_PAYMENT,964.662
ample_64,948,52,200,OK,PENDING_PAYMENT,982.344
ample_64,950,54,200,OK,PENDING_PAYMENT,965.137
ample_64,951,55,200,OK,PENDING_PAYMENT,953.520
ample_64,952,56,200,OK,PENDING_PAYMENT,965.913
ample_64,953,57,200,OK,PENDING_PAYMENT,947.088
ample_64,954,58,200,OK,PENDING_PAYMENT,951.748
ample_64,955,59,200,OK,PENDING_PAYMENT,942.351
ample_64,956,60,200,OK,PENDING_PAYMENT,945.810
ample_64,957,61,200,OK,PENDING_PAYMENT,925.007
ample_64,958,62,200,OK,PENDING_PAYMENT,931.117
ample_64,959,63,200,OK,PENDING_PAYMENT,916.763
ample_64,960,0,200,OK,PENDING_PAYMENT,934.721
ample_64,962,2,200,OK,PENDING_PAYMENT,921.602
ample_64,961,1,200,OK,PENDING_PAYMENT,942.965
ample_64,963,3,200,OK,PENDING_PAYMENT,919.239
ample_64,964,4,200,OK,PENDING_PAYMENT,922.941
ample_64,965,5,200,OK,PENDING_PAYMENT,913.203
ample_64,966,6,200,OK,PENDING_PAYMENT,910.127
ample_64,967,7,200,OK,PENDING_PAYMENT,898.121
ample_64,968,8,200,OK,PENDING_PAYMENT,913.262
ample_64,969,9,200,OK,PENDING_PAYMENT,900.435
ample_64,970,10,200,OK,PENDING_PAYMENT,903.323
ample_64,971,11,200,OK,PENDING_PAYMENT,900.258
ample_64,972,12,200,OK,PENDING_PAYMENT,896.816
ample_64,973,13,200,OK,PENDING_PAYMENT,879.203
ample_64,974,14,200,OK,PENDING_PAYMENT,865.286
ample_64,975,15,200,OK,PENDING_PAYMENT,847.701
ample_64,976,16,200,OK,PENDING_PAYMENT,857.466
ample_64,977,17,200,OK,PENDING_PAYMENT,841.928
ample_64,978,18,200,OK,PENDING_PAYMENT,829.109
ample_64,979,19,200,OK,PENDING_PAYMENT,817.485
ample_64,980,20,200,OK,PENDING_PAYMENT,824.347
ample_64,981,21,200,OK,PENDING_PAYMENT,820.959
ample_64,982,22,200,OK,PENDING_PAYMENT,836.325
ample_64,983,23,200,OK,PENDING_PAYMENT,829.318
ample_64,984,24,200,OK,PENDING_PAYMENT,844.285
ample_64,985,25,200,OK,PENDING_PAYMENT,835.340
ample_64,986,26,200,OK,PENDING_PAYMENT,856.274
ample_64,988,28,200,OK,PENDING_PAYMENT,849.072
ample_64,987,27,200,OK,PENDING_PAYMENT,867.976
ample_64,989,29,200,OK,PENDING_PAYMENT,852.394
ample_64,990,30,200,OK,PENDING_PAYMENT,856.213
ample_64,991,31,200,OK,PENDING_PAYMENT,847.057
ample_64,992,32,200,OK,PENDING_PAYMENT,847.277
ample_64,993,33,200,OK,PENDING_PAYMENT,841.055
ample_64,994,34,200,OK,PENDING_PAYMENT,838.509
ample_64,995,35,200,OK,PENDING_PAYMENT,835.788
ample_64,996,36,200,OK,PENDING_PAYMENT,827.409
ample_64,997,37,200,OK,PENDING_PAYMENT,829.588
ample_64,998,38,200,OK,PENDING_PAYMENT,814.112
ample_64,999,39,200,OK,PENDING_PAYMENT,802.062
ample_256,25,25,200,OK,PENDING_PAYMENT,333.207
ample_256,8,8,200,OK,PENDING_PAYMENT,399.863
ample_256,42,42,200,OK,PENDING_PAYMENT,552.848
ample_256,29,29,200,OK,PENDING_PAYMENT,578.616
ample_256,18,18,200,OK,PENDING_PAYMENT,614.831
ample_256,20,20,200,OK,PENDING_PAYMENT,623.031
ample_256,86,22,200,OK,PENDING_PAYMENT,624.663
ample_256,26,26,200,OK,PENDING_PAYMENT,691.644
ample_256,53,53,200,OK,PENDING_PAYMENT,726.518
ample_256,21,21,200,OK,PENDING_PAYMENT,738.212
ample_256,15,15,200,OK,PENDING_PAYMENT,738.372
ample_256,47,47,200,OK,PENDING_PAYMENT,749.741
ample_256,67,3,200,OK,PENDING_PAYMENT,789.616
ample_256,6,6,200,OK,PENDING_PAYMENT,803.026
ample_256,65,1,200,OK,PENDING_PAYMENT,811.641
ample_256,16,16,200,OK,PENDING_PAYMENT,822.333
ample_256,48,48,200,OK,PENDING_PAYMENT,841.442
ample_256,54,54,200,OK,PENDING_PAYMENT,872.417
ample_256,1,1,200,OK,PENDING_PAYMENT,913.208
ample_256,7,7,200,OK,PENDING_PAYMENT,925.489
ample_256,3,3,200,OK,PENDING_PAYMENT,935.605
ample_256,11,11,200,OK,PENDING_PAYMENT,945.252
ample_256,44,44,200,OK,PENDING_PAYMENT,951.306
ample_256,147,19,200,OK,PENDING_PAYMENT,919.738
ample_256,119,55,200,OK,PENDING_PAYMENT,948.033
ample_256,30,30,200,OK,PENDING_PAYMENT,971.056
ample_256,144,16,200,OK,PENDING_PAYMENT,937.172
ample_256,33,33,200,OK,PENDING_PAYMENT,972.029
ample_256,23,23,200,OK,PENDING_PAYMENT,984.718
ample_256,4,4,200,OK,PENDING_PAYMENT,985.321
ample_256,90,26,200,OK,PENDING_PAYMENT,979.604
ample_256,57,57,200,OK,PENDING_PAYMENT,982.867
ample_256,51,51,200,OK,PENDING_PAYMENT,983.626
ample_256,19,19,200,OK,PENDING_PAYMENT,985.811
ample_256,13,13,200,OK,PENDING_PAYMENT,986.456
ample_256,24,24,200,OK,PENDING_PAYMENT,986.388
ample_256,40,40,200,OK,PENDING_PAYMENT,997.138
ample_256,9,9,200,OK,PENDING_PAYMENT,1000.116
ample_256,28,28,200,OK,PENDING_PAYMENT,1000.541
ample_256,10,10,200,OK,PENDING_PAYMENT,1001.024
ample_256,58,58,200,OK,PENDING_PAYMENT,1007.152
ample_256,73,9,200,OK,PENDING_PAYMENT,1038.431
ample_256,84,20,200,OK,PENDING_PAYMENT,1059.276
ample_256,79,15,200,OK,PENDING_PAYMENT,1062.952
ample_256,75,11,200,OK,PENDING_PAYMENT,1063.342
ample_256,81,17,200,OK,PENDING_PAYMENT,1083.767
ample_256,43,43,200,OK,PENDING_PAYMENT,1087.865
ample_256,114,50,200,OK,PENDING_PAYMENT,1080.874
ample_256,94,30,200,OK,PENDING_PAYMENT,1119.633
ample_256,111,47,200,OK,PENDING_PAYMENT,1146.663
ample_256,120,56,200,OK,PENDING_PAYMENT,1142.507
ample_256,118,54,200,OK,PENDING_PAYMENT,1167.370
ample_256,49,49,200,OK,PENDING_PAYMENT,1194.645
ample_256,115,51,200,OK,PENDING_PAYMENT,1212.401
ample_256,105,41,200,OK,PENDING_PAYMENT,1219.145
ample_256,125,61,200,OK,PENDING_PAYMENT,1205.562
ample_256,17,17,200,OK,PENDING_PAYMENT,1229.265
ample_256,110,46,200,OK,PENDING_PAYMENT,1216.508
ample_256,175,47,200,OK,PENDING_PAYMENT,1191.851
ample_256,158,30,200,OK,PENDING_PAYMENT,1196.256
ample_256,108,44,200,OK,PENDING_PAYMENT,1232.536
ample_256,31,31,200,OK,PENDING_PAYMENT,1251.830
ample_256,34,34,200,OK,PENDING_PAYMENT,1269.333
ample_256,138,10,200,OK,PENDING_PAYMENT,1270.543
ample_256,14,14,200,OK,PENDING_PAYMENT,1303.507
ample_256,37,37,200,OK,PENDING_PAYMENT,1323.490
ample_256,205,13,200,OK,PENDING_PAYMENT,1250.497
ample_256,22,22,200,OK,PENDING_PAYMENT,1343.068
ample_256,39,39,200,OK,PENDING_PAYMENT,1354.956
ample_256,213,21,200,OK,PENDING_PAYMENT,1297.011
ample_256,206,14,200,OK,PENDING_PAYMENT,1322.589
ample_256,82,18,200,OK,PENDING_PAYMENT,1400.939
ample_256,68,4,200,OK,PENDING_PAYMENT,1415.885
ample_256,151,23,200,OK,PENDING_PAYMENT,1393.881
ample_256,91,27,200,OK,PENDING_PAYMENT,1447.509
ample_256,80,16,200,OK,PENDING_PAYMENT,1470.532
ample_256,70,6,200,OK,PENDING_PAYMENT,1501.782
ample_256,88,24,200,OK,PENDING_PAYMENT,1505.981
ample_256,69,5,200,OK,PENDING_PAYMENT,1527.314
ample_256,148,20,200,OK,PENDING_PAYMENT,1516.866
ample_256,117,53,200,OK,PENDING_PAYMENT,1574.661
ample_256,109,45,200,OK,PENDING_PAYMENT,1584.776
ample_256,113,49,200,OK,PENDING_PAYMENT,1600.874
ample_256,112,48,200,OK,PENDING_PAYMENT,1608.220
ample_256,131,3,200,OK,PENDING_PAYMENT,1615.549
ample_256,93,29,200,OK,PENDING_PAYMENT,1653.301
ample_256,139,11,200,OK,PENDING_PAYMENT,1644.372
ample_256,116,52,200,OK,PENDING_PAYMENT,1666.187
ample_256,85,21,200,OK,PENDING_PAYMENT,1690.251
ample_256,98,34,200,OK,PENDING_PAYMENT,1710.483
ample_256,162,34,200,OK,PENDING_PAYMENT,1686.801
ample_256,133,5,200,OK,PENDING_PAYMENT,1715.475
ample_256,163,35,200,OK,PENDING_PAYMENT,1705.852
ample_256,5,5,200,OK,PENDING_PAYMENT,1768.826
ample_256,154,26,200,OK,PENDING_PAYMENT,1739.808
ample_256,201,9,200,OK,PENDING_PAYMENT,1723.967
ample_256,188,60,200,OK,PENDING_PAYMENT,1746.727
ample_256,2,2,200,OK,PENDING_PAYMENT,1829.556
ample_256,172,44,200,OK,PENDING_PAYMENT,1795.830
ample_256,55,55,200,OK,PENDING_PAYMENT,1861.556
ample_256,46,46,200,OK,PENDING_PAYMENT,1880.075
ample_256,72,8,200,OK,PENDING_PAYMENT,1893.661
ample_256,101,37,200,OK,PENDING_PAYMENT,1908.248
ample_256,83,19,200,OK,PENDING_PAYMENT,1926.523
ample_256,71,7,200,OK,PENDING_PAYMENT,1940.869
ample_256,52,52,200,OK,PENDING_PAYMENT,1958.397
ample_256,77,13,200,OK,PENDING_PAYMENT,1972.194
ample_256,106,42,200,OK,PENDING_PAYMENT,1982.767
ample_256,102,38,200,OK,PENDING_PAYMENT,1998.685
ample_256,153,25,200,OK,PENDING_PAYMENT,1975.483
ample_256,152,24,200,OK,PENDING_PAYMENT,1993.268
ample_256,123,59,200,OK,PENDING_PAYMENT,2033.694
ample_256,136,8,200,OK,PENDING_PAYMENT,2036.401
ample_256,134,6,200,OK,PENDING_PAYMENT,2050.095
ample_256,124,60,200,OK,PENDING_PAYMENT,2070.155
ample_256,202,10,200,OK,PENDING_PAYMENT,2032.399
ample_256,61,61,200,OK,PENDING_PAYMENT,2118.766
ample_256,64,0,200,OK,PENDING_PAYMENT,2131.377
ample_256,146,18,200,OK,PENDING_PAYMENT,2109.553
ample_256,126,62,200,OK,PENDING_PAYMENT,2142.202
ample_256,166,38,200,OK,PENDING_PAYMENT,2131.652
ample_256,173,45,200,OK,PENDING_PAYMENT,2144.655
ample_256,184,56,200,OK,PENDING_PAYMENT,2146.284
ample_256,12,12,200,OK,PENDING_PAYMENT,2230.469
ample_256,180,52,200,OK,PENDING_PAYMENT,2188.480
ample_256,174,46,200,OK,PENDING_PAYMENT,2211.288
ample_256,159,31,200,OK,PENDING_PAYMENT,2229.101
ample_256,209,17,200,OK,PENDING_PAYMENT,2214.124
ample_256,210,18,200,OK,PENDING_PAYMENT,2229.072
ample_256,62,62,200,OK,PENDING_PAYMENT,2318.847
ample_256,32,32,200,OK,PENDING_PAYMENT,2337.440
ample_256,157,29,200,OK,PENDING_PAYMENT,2304.325
ample_256,38,38,200,OK,PENDING_PAYMENT,2368.537
ample_256,0,0,200,OK,PENDING_PAYMENT,2375.709
ample_256,207,15,200,OK,PENDING_PAYMENT,2317.141
ample_256,89,25,200,OK,PENDING_PAYMENT,2404.087
ample_256,87,23,200,OK,PENDING_PAYMENT,2417.118
ample_256,204,12,200,OK,PENDING_PAYMENT,2359.415
ample_256,195,3,200,OK,PENDING_PAYMENT,2379.776
ample_256,78,14,200,OK,PENDING_PAYMENT,2463.048
ample_256,121,57,200,OK,PENDING_PAYMENT,2475.150
ample_256,155,27,200,OK,PENDING_PAYMENT,2457.642
ample_256,100,36,200,OK,PENDING_PAYMENT,2518.651
ample_256,99,35,200,OK,PENDING_PAYMENT,2542.982
ample_256,142,14,200,OK,PENDING_PAYMENT,2540.586
ample_256,74,10,200,OK,PENDING_PAYMENT,2578.652
ample_256,63,63,200,OK,PENDING_PAYMENT,2604.710
ample_256,164,36,200,OK,PENDING_PAYMENT,2579.420
ample_256,170,42,200,OK,PENDING_PAYMENT,2584.895
ample_256,59,59,200,OK,PENDING_PAYMENT,2648.941
ample_256,185,57,200,OK,PENDING_PAYMENT,2599.021
ample_256,165,37,200,OK,PENDING_PAYMENT,2633.532
ample_256,179,51,200,OK,PENDING_PAYMENT,2643.406
ample_256,187,59,200,OK,PENDING_PAYMENT,2636.080
ample_256,171,43,200,OK,PENDING_PAYMENT,2671.427
ample_256,96,32,200,OK,PENDING_PAYMENT,2731.664
ample_256,97,33,200,OK,PENDING_PAYMENT,2737.985
ample_256,132,4,200,OK,PENDING_PAYMENT,2739.466
ample_256,203,11,200,OK,PENDING_PAYMENT,2693.166
ample_256,103,39,200,OK,PENDING_PAYMENT,2775.005
ample_256,141,13,200,OK,PENDING_PAYMENT,2763.529
ample_256,92,28,200,OK,PENDING_PAYMENT,2801.407
ample_256,129,1,200,OK,PENDING_PAYMENT,2799.131
ample_256,104,40,200,OK,PENDING_PAYMENT,2831.700
ample_256,198,6,200,OK,PENDING_PAYMENT,2782.419
ample_256,135,7,200,OK,PENDING_PAYMENT,2837.556
ample_256,192,0,200,OK,PENDING_PAYMENT,2813.066
ample_256,215,23,200,OK,PENDING_PAYMENT,2812.182
ample_256,182,54,200,OK,PENDING_PAYMENT,2842.235
ample_256,122,58,200,OK,PENDING_PAYMENT,2901.903
ample_256,156,28,200,OK,PENDING_PAYMENT,2889.428
ample_256,45,45,200,OK,PENDING_PAYMENT,2951.555
ample_256,194,2,200,OK,PENDING_PAYMENT,2897.051
ample_256,212,20,200,OK,PENDING_PAYMENT,2900.133
ample_256,36,36,200,OK,PENDING_PAYMENT,2997.083
ample_256,145,17,200,OK,PENDING_PAYMENT,2980.581
ample_256,127,63,200,OK,PENDING_PAYMENT,3010.652
ample_256,128,0,200,OK,PENDING_PAYMENT,3020.496
ample_256,150,22,200,OK,PENDING_PAYMENT,3014.120
ample_256,193,1,200,OK,PENDING_PAYMENT,3007.709
ample_256,149,21,200,OK,PENDING_PAYMENT,3052.622
ample_256,60,60,200,OK,PENDING_PAYMENT,3104.067
ample_256,76,12,200,OK,PENDING_PAYMENT,3115.016
ample_256,177,49,200,OK,PENDING_PAYMENT,3081.523
ample_256,183,55,200,OK,PENDING_PAYMENT,3083.967
ample_256,137,9,200,OK,PENDING_PAYMENT,3133.700
ample_256,196,4,200,OK,PENDING_PAYMENT,3114.479
ample_256,130,2,200,OK,PENDING_PAYMENT,3168.045
ample_256,95,31,200,OK,PENDING_PAYMENT,3199.037
ample_256,176,48,200,OK,PENDING_PAYMENT,3165.040
ample_256,56,56,200,OK,PENDING_PAYMENT,3228.685
ample_256,168,40,200,OK,PENDING_PAYMENT,3196.650
ample_256,199,7,200,OK,PENDING_PAYMENT,3187.551
ample_256,66,2,200,OK,PENDING_PAYMENT,3284.153
ample_256,27,27,200,OK,PENDING_PAYMENT,3291.445
ample_256,178,50,200,OK,PENDING_PAYMENT,3253.017
ample_256,50,50,200,OK,PENDING_PAYMENT,3318.049
ample_256,226,34,200,OK,PENDING_PAYMENT,3251.527
ample_256,218,26,200,OK,PENDING_PAYMENT,3260.134
ample_256,225,33,200,OK,PENDING_PAYMENT,3274.049
ample_256,222,30,200,OK,PENDING_PAYMENT,3290.768
ample_256,167,39,200,OK,PENDING_PAYMENT,3339.170
ample_256,232,40,200,OK,PENDING_PAYMENT,3317.079
ample_256,217,25,200,OK,PENDING_PAYMENT,3341.742
ample_256,233,41,200,OK,PENDING_PAYMENT,3341.918
ample_256,219,27,200,OK,PENDING_PAYMENT,3360.612
ample_256,143,15,200,OK,PENDING_PAYMENT,3419.382
ample_256,208,16,200,OK,PENDING_PAYMENT,3393.305
ample_256,236,44,200,OK,PENDING_PAYMENT,3406.440
ample_256,107,43,200,OK,PENDING_PAYMENT,3501.104
ample_256,230,38,200,OK,PENDING_PAYMENT,3454.340
ample_256,237,45,200,OK,PENDING_PAYMENT,3466.448
ample_256,224,32,200,OK,PENDING_PAYMENT,3488.705
ample_256,227,35,200,OK,PENDING_PAYMENT,3516.063
ample_256,229,37,200,OK,PENDING_PAYMENT,3533.783
ample_256,181,53,200,OK,PENDING_PAYMENT,3579.644
ample_256,245,53,200,OK,PENDING_PAYMENT,3561.131
ample_256,189,61,200,OK,PENDING_PAYMENT,3605.126
ample_256,234,42,200,OK,PENDING_PAYMENT,3589.175
ample_256,238,46,200,OK,PENDING_PAYMENT,3598.890
ample_256,191,63,200,OK,PENDING_PAYMENT,3643.822
ample_256,190,62,200,OK,PENDING_PAYMENT,3655.831
ample_256,228,36,200,OK,PENDING_PAYMENT,3659.500
ample_256,220,28,200,OK,PENDING_PAYMENT,3666.999
ample_256,247,55,200,OK,PENDING_PAYMENT,3671.339
ample_256,231,39,200,OK,PENDING_PAYMENT,3695.322
ample_256,240,48,200,OK,PENDING_PAYMENT,3699.646
ample_256,221,29,200,OK,PENDING_PAYMENT,3732.086
ample_256,211,19,200,OK,PENDING_PAYMENT,3745.535
ample_256,242,50,200,OK,PENDING_PAYMENT,3738.177
ample_256,161,33,200,OK,PENDING_PAYMENT,3802.155
ample_256,251,59,200,OK,PENDING_PAYMENT,3766.012
ample_256,248,56,200,OK,PENDING_PAYMENT,3785.219
ample_256,186,58,200,OK,PENDING_PAYMENT,3830.969
ample_256,244,52,200,OK,PENDING_PAYMENT,3816.767
ample_256,197,5,200,OK,PENDING_PAYMENT,3865.767
ample_256,246,54,200,OK,PENDING_PAYMENT,3839.506
ample_256,239,47,200,OK,PENDING_PAYMENT,3861.419
ample_256,241,49,200,OK,PENDING_PAYMENT,3863.899
ample_256,235,43,200,OK,PENDING_PAYMENT,3891.043
ample_256,35,35,200,OK,PENDING_PAYMENT,4005.867
ample_256,243,51,200,OK,PENDING_PAYMENT,3916.426
ample_256,140,12,200,OK,PENDING_PAYMENT,3999.624
ample_256,223,31,200,OK,PENDING_PAYMENT,3959.825
ample_256,252,60,200,OK,PENDING_PAYMENT,3956.139
ample_256,255,63,200,OK,PENDING_PAYMENT,3973.670
ample_256,249,57,200,OK,PENDING_PAYMENT,3985.345
ample_256,41,41,200,OK,PENDING_PAYMENT,4104.013
ample_256,253,61,200,OK,PENDING_PAYMENT,4016.069
ample_256,216,24,200,OK,PENDING_PAYMENT,4047.685
ample_256,258,2,200,OK,PENDING_PAYMENT,3592.256
ample_256,259,3,200,OK,PENDING_PAYMENT,3586.250
ample_256,169,41,200,OK,PENDING_PAYMENT,4130.726
ample_256,256,0,200,OK,PENDING_PAYMENT,3854.252
ample_256,257,1,200,OK,PENDING_PAYMENT,3802.137
ample_256,160,32,200,OK,PENDING_PAYMENT,4162.057
ample_256,250,58,200,OK,PENDING_PAYMENT,4117.216
ample_256,254,62,200,OK,PENDING_PAYMENT,4135.024
ample_256,214,22,200,OK,PENDING_PAYMENT,4182.496
ample_256,260,4,200,OK,PENDING_PAYMENT,3655.280
ample_256,200,8,200,OK,PENDING_PAYMENT,4214.043
ample_256,262,6,200,OK,PENDING_PAYMENT,3677.226
ample_256,263,7,200,OK,PENDING_PAYMENT,3634.480
ample_256,261,5,200,OK,PENDING_PAYMENT,3712.468
ample_256,264,8,200,OK,PENDING_PAYMENT,3623.047
ample_256,266,10,200,OK,PENDING_PAYMENT,3629.393
ample_256,265,9,200,OK,PENDING_PAYMENT,3641.420
ample_256,267,11,200,OK,PENDING_PAYMENT,3638.207
ample_256,268,12,200,OK,PENDING_PAYMENT,3609.544
ample_256,269,13,200,OK,PENDING_PAYMENT,3612.751
ample_256,270,14,200,OK,PENDING_PAYMENT,3616.404
ample_256,271,15,200,OK,PENDING_PAYMENT,3624.936
ample_256,272,16,200,OK,PENDING_PAYMENT,3616.884
ample_256,274,18,200,OK,PENDING_PAYMENT,3565.882
ample_256,273,17,200,OK,PENDING_PAYMENT,3622.550
ample_256,275,19,200,OK,PENDING_PAYMENT,3598.681
ample_256,276,20,200,OK,PENDING_PAYMENT,3610.406
ample_256,277,21,200,OK,PENDING_PAYMENT,3612.744
ample_256,278,22,200,OK,PENDING_PAYMENT,3632.228
ample_256,279,23,200,OK,PENDING_PAYMENT,3652.439
ample_256,281,25,200,OK,PENDING_PAYMENT,3645.097
ample_256,280,24,200,OK,PENDING_PAYMENT,3666.915
ample_256,282,26,200,OK,PENDING_PAYMENT,3675.955
ample_256,283,27,200,OK,PENDING_PAYMENT,3696.368
ample_256,286,30,200,OK,PENDING_PAYMENT,3701.624
ample_256,287,31,200,OK,PENDING_PAYMENT,3708.961
ample_256,289,33,200,OK,PENDING_PAYMENT,3728.992
ample_256,285,29,200,OK,PENDING_PAYMENT,3738.322
ample_256,284,28,200,OK,PENDING_PAYMENT,3760.903
ample_256,288,32,200,OK,PENDING_PAYMENT,3779.992
ample_256,290,34,200,OK,PENDING_PAYMENT,3786.280
ample_256,291,35,200,OK,PENDING_PAYMENT,3805.434
ample_256,292,36,200,OK,PENDING_PAYMENT,3804.613
ample_256,293,37,200,OK,PENDING_PAYMENT,3821.117
ample_256,295,39,200,OK,PENDING_PAYMENT,3826.674
ample_256,294,38,200,OK,PENDING_PAYMENT,3843.789
ample_256,296,40,200,OK,PENDING_PAYMENT,3849.673
ample_256,297,41,200,OK,PENDING_PAYMENT,3833.000
ample_256,298,42,200,OK,PENDING_PAYMENT,3824.687
ample_256,299,43,200,OK,PENDING_PAYMENT,3840.149
ample_256,300,44,200,OK,PENDING_PAYMENT,3859.114
ample_256,302,46,200,OK,PENDING_PAYMENT,3847.397
ample_256,301,45,200,OK,PENDING_PAYMENT,3865.475
ample_256,303,47,200,OK,PENDING_PAYMENT,3873.952
ample_256,304,48,200,OK,PENDING_PAYMENT,3859.806
ample_256,306,50,200,OK,PENDING_PAYMENT,3847.296
ample_256,305,49,200,OK,PENDING_PAYMENT,3865.418
ample_256,307,51,200,OK,PENDING_PAYMENT,3849.459
ample_256,308,52,200,OK,PENDING_PAYMENT,3849.445
ample_256,309,53,200,OK,PENDING_PAYMENT,3824.190
ample_256,310,54,200,OK,PENDING_PAYMENT,3840.217
ample_256,311,55,200,OK,PENDING_PAYMENT,3858.487
ample_256,313,57,200,OK,PENDING_PAYMENT,3867.674
ample_256,312,56,200,OK,PENDING_PAYMENT,3883.609
ample_256,314,58,200,OK,PENDING_PAYMENT,3880.288
ample_256,316,60,200,OK,PENDING_PAYMENT,3898.980
ample_256,315,59,200,OK,PENDING_PAYMENT,3918.452
ample_256,317,61,200,OK,PENDING_PAYMENT,3920.562
ample_256,318,62,200,OK,PENDING_PAYMENT,3921.400
ample_256,319,63,200,OK,PENDING_PAYMENT,3908.558
ample_256,320,0,200,OK,PENDING_PAYMENT,3922.190
ample_256,321,1,200,OK,PENDING_PAYMENT,3911.365
ample_256,322,2,200,OK,PENDING_PAYMENT,3923.627
ample_256,323,3,200,OK,PENDING_PAYMENT,3924.081
ample_256,324,4,200,OK,PENDING_PAYMENT,3926.427
ample_256,325,5,200,OK,PENDING_PAYMENT,3919.824
ample_256,326,6,200,OK,PENDING_PAYMENT,3919.599
ample_256,327,7,200,OK,PENDING_PAYMENT,3932.510
ample_256,328,8,200,OK,PENDING_PAYMENT,3928.419
ample_256,329,9,200,OK,PENDING_PAYMENT,3921.927
ample_256,330,10,200,OK,PENDING_PAYMENT,3925.378
ample_256,331,11,200,OK,PENDING_PAYMENT,3922.854
ample_256,332,12,200,OK,PENDING_PAYMENT,3905.140
ample_256,333,13,200,OK,PENDING_PAYMENT,3917.861
ample_256,334,14,200,OK,PENDING_PAYMENT,3920.166
ample_256,335,15,200,OK,PENDING_PAYMENT,3905.494
ample_256,336,16,200,OK,PENDING_PAYMENT,3889.018
ample_256,337,17,200,OK,PENDING_PAYMENT,3907.117
ample_256,338,18,200,OK,PENDING_PAYMENT,3909.553
ample_256,339,19,200,OK,PENDING_PAYMENT,3918.663
ample_256,340,20,200,OK,PENDING_PAYMENT,3936.968
ample_256,341,21,200,OK,PENDING_PAYMENT,3942.612
ample_256,342,22,200,OK,PENDING_PAYMENT,3948.474
ample_256,343,23,200,OK,PENDING_PAYMENT,3957.702
ample_256,344,24,200,OK,PENDING_PAYMENT,3963.324
ample_256,345,25,200,OK,PENDING_PAYMENT,3957.302
ample_256,346,26,200,OK,PENDING_PAYMENT,3960.584
ample_256,347,27,200,OK,PENDING_PAYMENT,3961.002
ample_256,348,28,200,OK,PENDING_PAYMENT,3963.877
ample_256,349,29,200,OK,PENDING_PAYMENT,3970.299
ample_256,350,30,200,OK,PENDING_PAYMENT,3970.244
ample_256,351,31,200,OK,PENDING_PAYMENT,3963.612
ample_256,352,32,200,OK,PENDING_PAYMENT,3969.503
ample_256,353,33,200,OK,PENDING_PAYMENT,3966.447
ample_256,354,34,200,OK,PENDING_PAYMENT,3965.882
ample_256,355,35,200,OK,PENDING_PAYMENT,3966.500
ample_256,356,36,200,OK,PENDING_PAYMENT,3970.297
ample_256,357,37,200,OK,PENDING_PAYMENT,3972.956
ample_256,358,38,200,OK,PENDING_PAYMENT,3959.155
ample_256,359,39,200,OK,PENDING_PAYMENT,3959.326
ample_256,360,40,200,OK,PENDING_PAYMENT,3952.668
ample_256,361,41,200,OK,PENDING_PAYMENT,3949.949
ample_256,362,42,200,OK,PENDING_PAYMENT,3962.254
ample_256,363,43,200,OK,PENDING_PAYMENT,3965.813
ample_256,364,44,200,OK,PENDING_PAYMENT,3960.936
ample_256,365,45,200,OK,PENDING_PAYMENT,3963.637
ample_256,366,46,200,OK,PENDING_PAYMENT,3957.472
ample_256,367,47,200,OK,PENDING_PAYMENT,3955.342
ample_256,368,48,200,OK,PENDING_PAYMENT,3960.326
ample_256,369,49,200,OK,PENDING_PAYMENT,3960.930
ample_256,370,50,200,OK,PENDING_PAYMENT,3961.003
ample_256,371,51,200,OK,PENDING_PAYMENT,3962.437
ample_256,372,52,200,OK,PENDING_PAYMENT,3968.623
ample_256,373,53,200,OK,PENDING_PAYMENT,3968.359
ample_256,374,54,200,OK,PENDING_PAYMENT,3974.544
ample_256,375,55,200,OK,PENDING_PAYMENT,3976.672
ample_256,376,56,200,OK,PENDING_PAYMENT,3971.417
ample_256,377,57,200,OK,PENDING_PAYMENT,3972.167
ample_256,378,58,200,OK,PENDING_PAYMENT,3971.541
ample_256,379,59,200,OK,PENDING_PAYMENT,3971.041
ample_256,380,60,200,OK,PENDING_PAYMENT,3970.028
ample_256,381,61,200,OK,PENDING_PAYMENT,3964.887
ample_256,382,62,200,OK,PENDING_PAYMENT,3967.389
ample_256,383,63,200,OK,PENDING_PAYMENT,3964.163
ample_256,384,0,200,OK,PENDING_PAYMENT,3961.517
ample_256,385,1,200,OK,PENDING_PAYMENT,3961.535
ample_256,386,2,200,OK,PENDING_PAYMENT,3962.628
ample_256,387,3,200,OK,PENDING_PAYMENT,3959.489
ample_256,388,4,200,OK,PENDING_PAYMENT,3962.411
ample_256,389,5,200,OK,PENDING_PAYMENT,3975.367
ample_256,390,6,200,OK,PENDING_PAYMENT,3969.810
ample_256,391,7,200,OK,PENDING_PAYMENT,3972.063
ample_256,392,8,200,OK,PENDING_PAYMENT,3972.630
ample_256,393,9,200,OK,PENDING_PAYMENT,3973.919
ample_256,394,10,200,OK,PENDING_PAYMENT,3977.447
ample_256,395,11,200,OK,PENDING_PAYMENT,3973.402
ample_256,396,12,200,OK,PENDING_PAYMENT,3958.796
ample_256,397,13,200,OK,PENDING_PAYMENT,3967.739
ample_256,398,14,200,OK,PENDING_PAYMENT,3967.228
ample_256,399,15,200,OK,PENDING_PAYMENT,3971.263
ample_256,400,16,200,OK,PENDING_PAYMENT,3980.423
ample_256,401,17,200,OK,PENDING_PAYMENT,4013.795
ample_256,402,18,200,OK,PENDING_PAYMENT,4012.252
ample_256,403,19,200,OK,PENDING_PAYMENT,4006.517
ample_256,404,20,200,OK,PENDING_PAYMENT,4006.141
ample_256,406,22,200,OK,PENDING_PAYMENT,3991.777
ample_256,405,21,200,OK,PENDING_PAYMENT,4023.385
ample_256,407,23,200,OK,PENDING_PAYMENT,4007.692
ample_256,409,25,200,OK,PENDING_PAYMENT,4001.454
ample_256,408,24,200,OK,PENDING_PAYMENT,4024.293
ample_256,411,27,200,OK,PENDING_PAYMENT,3999.946
ample_256,410,26,200,OK,PENDING_PAYMENT,4035.661
ample_256,412,28,200,OK,PENDING_PAYMENT,4032.505
ample_256,413,29,200,OK,PENDING_PAYMENT,4027.506
ample_256,414,30,200,OK,PENDING_PAYMENT,4030.756
ample_256,415,31,200,OK,PENDING_PAYMENT,4038.881
ample_256,416,32,200,OK,PENDING_PAYMENT,4029.460
ample_256,417,33,200,OK,PENDING_PAYMENT,4030.034
ample_256,418,34,200,OK,PENDING_PAYMENT,4033.180
ample_256,419,35,200,OK,PENDING_PAYMENT,4035.902
ample_256,420,36,200,OK,PENDING_PAYMENT,4024.228
ample_256,421,37,200,OK,PENDING_PAYMENT,4028.111
ample_256,422,38,200,OK,PENDING_PAYMENT,4019.989
ample_256,423,39,200,OK,PENDING_PAYMENT,4025.296
ample_256,424,40,200,OK,PENDING_PAYMENT,4034.843
ample_256,425,41,200,OK,PENDING_PAYMENT,4027.591
ample_256,426,42,200,OK,PENDING_PAYMENT,4022.992
ample_256,427,43,200,OK,PENDING_PAYMENT,4023.915
ample_256,428,44,200,OK,PENDING_PAYMENT,4023.392
ample_256,429,45,200,OK,PENDING_PAYMENT,4026.694
ample_256,430,46,200,OK,PENDING_PAYMENT,4023.390
ample_256,431,47,200,OK,PENDING_PAYMENT,4021.325
ample_256,432,48,200,OK,PENDING_PAYMENT,4025.138
ample_256,433,49,200,OK,PENDING_PAYMENT,4024.710
ample_256,434,50,200,OK,PENDING_PAYMENT,4022.438
ample_256,435,51,200,OK,PENDING_PAYMENT,4015.921
ample_256,436,52,200,OK,PENDING_PAYMENT,4014.439
ample_256,437,53,200,OK,PENDING_PAYMENT,4016.515
ample_256,438,54,200,OK,PENDING_PAYMENT,4016.732
ample_256,439,55,200,OK,PENDING_PAYMENT,4013.499
ample_256,440,56,200,OK,PENDING_PAYMENT,4017.102
ample_256,441,57,200,OK,PENDING_PAYMENT,4012.702
ample_256,442,58,200,OK,PENDING_PAYMENT,4006.120
ample_256,443,59,200,OK,PENDING_PAYMENT,4019.113
ample_256,444,60,200,OK,PENDING_PAYMENT,4025.732
ample_256,445,61,200,OK,PENDING_PAYMENT,4028.607
ample_256,446,62,200,OK,PENDING_PAYMENT,4034.235
ample_256,447,63,200,OK,PENDING_PAYMENT,4031.633
ample_256,448,0,200,OK,PENDING_PAYMENT,4031.973
ample_256,449,1,200,OK,PENDING_PAYMENT,4019.186
ample_256,450,2,200,OK,PENDING_PAYMENT,4030.981
ample_256,451,3,200,OK,PENDING_PAYMENT,4030.638
ample_256,452,4,200,OK,PENDING_PAYMENT,4034.039
ample_256,453,5,200,OK,PENDING_PAYMENT,4031.375
ample_256,454,6,200,OK,PENDING_PAYMENT,4043.391
ample_256,455,7,200,OK,PENDING_PAYMENT,4040.434
ample_256,456,8,200,OK,PENDING_PAYMENT,4033.725
ample_256,457,9,200,OK,PENDING_PAYMENT,4040.703
ample_256,458,10,200,OK,PENDING_PAYMENT,4046.895
ample_256,459,11,200,OK,PENDING_PAYMENT,4037.891
ample_256,460,12,200,OK,PENDING_PAYMENT,4049.981
ample_256,461,13,200,OK,PENDING_PAYMENT,4064.335
ample_256,463,15,200,OK,PENDING_PAYMENT,4069.632
ample_256,462,14,200,OK,PENDING_PAYMENT,4088.908
ample_256,464,16,200,OK,PENDING_PAYMENT,4068.860
ample_256,465,17,200,OK,PENDING_PAYMENT,4066.863
ample_256,466,18,200,OK,PENDING_PAYMENT,4060.506
ample_256,467,19,200,OK,PENDING_PAYMENT,4051.476
ample_256,468,20,200,OK,PENDING_PAYMENT,4052.274
ample_256,469,21,200,OK,PENDING_PAYMENT,4037.081
ample_256,470,22,200,OK,PENDING_PAYMENT,4031.974
ample_256,471,23,200,OK,PENDING_PAYMENT,4022.718
ample_256,472,24,200,OK,PENDING_PAYMENT,4016.921
ample_256,473,25,200,OK,PENDING_PAYMENT,4023.746
ample_256,474,26,200,OK,PENDING_PAYMENT,4029.688
ample_256,475,27,200,OK,PENDING_PAYMENT,4033.313
ample_256,476,28,200,OK,PENDING_PAYMENT,4028.986
ample_256,477,29,200,OK,PENDING_PAYMENT,4032.430
ample_256,478,30,200,OK,PENDING_PAYMENT,4026.062
ample_256,479,31,200,OK,PENDING_PAYMENT,4032.306
ample_256,480,32,200,OK,PENDING_PAYMENT,4022.374
ample_256,481,33,200,OK,PENDING_PAYMENT,4034.031
ample_256,482,34,200,OK,PENDING_PAYMENT,4029.276
ample_256,483,35,200,OK,PENDING_PAYMENT,4026.962
ample_256,484,36,200,OK,PENDING_PAYMENT,4032.356
ample_256,485,37,200,OK,PENDING_PAYMENT,4031.844
ample_256,486,38,200,OK,PENDING_PAYMENT,4048.234
ample_256,487,39,200,OK,PENDING_PAYMENT,4038.491
ample_256,488,40,200,OK,PENDING_PAYMENT,4032.936
ample_256,489,41,200,OK,PENDING_PAYMENT,4040.510
ample_256,490,42,200,OK,PENDING_PAYMENT,4037.387
ample_256,491,43,200,OK,PENDING_PAYMENT,4036.951
ample_256,492,44,200,OK,PENDING_PAYMENT,4040.412
ample_256,494,46,200,OK,PENDING_PAYMENT,4035.623
ample_256,493,45,200,OK,PENDING_PAYMENT,4052.024
ample_256,495,47,200,OK,PENDING_PAYMENT,4040.880
ample_256,496,48,200,OK,PENDING_PAYMENT,4035.302
ample_256,497,49,200,OK,PENDING_PAYMENT,4042.587
ample_256,498,50,200,OK,PENDING_PAYMENT,4038.929
ample_256,499,51,200,OK,PENDING_PAYMENT,4039.336
ample_256,500,52,200,OK,PENDING_PAYMENT,4039.318
ample_256,501,53,200,OK,PENDING_PAYMENT,4035.635
ample_256,502,54,200,OK,PENDING_PAYMENT,4042.266
ample_256,503,55,200,OK,PENDING_PAYMENT,4044.318
ample_256,504,56,200,OK,PENDING_PAYMENT,4041.481
ample_256,505,57,200,OK,PENDING_PAYMENT,4050.280
ample_256,506,58,200,OK,PENDING_PAYMENT,4050.098
ample_256,507,59,200,OK,PENDING_PAYMENT,4049.546
ample_256,509,61,200,OK,PENDING_PAYMENT,4047.258
ample_256,508,60,200,OK,PENDING_PAYMENT,4068.427
ample_256,510,62,200,OK,PENDING_PAYMENT,4057.118
ample_256,511,63,200,OK,PENDING_PAYMENT,4066.872
ample_256,512,0,200,OK,PENDING_PAYMENT,4066.950
ample_256,513,1,200,OK,PENDING_PAYMENT,4057.533
ample_256,514,2,200,OK,PENDING_PAYMENT,4055.469
ample_256,515,3,200,OK,PENDING_PAYMENT,4064.981
ample_256,516,4,200,OK,PENDING_PAYMENT,4058.204
ample_256,517,5,200,OK,PENDING_PAYMENT,4055.657
ample_256,518,6,200,OK,PENDING_PAYMENT,4050.843
ample_256,519,7,200,OK,PENDING_PAYMENT,4061.003
ample_256,520,8,200,OK,PENDING_PAYMENT,4057.396
ample_256,521,9,200,OK,PENDING_PAYMENT,4058.198
ample_256,522,10,200,OK,PENDING_PAYMENT,4090.942
ample_256,523,11,200,OK,PENDING_PAYMENT,4100.144
ample_256,524,12,200,OK,PENDING_PAYMENT,4127.473
ample_256,525,13,200,OK,PENDING_PAYMENT,4124.196
ample_256,526,14,200,OK,PENDING_PAYMENT,4132.799
ample_256,527,15,200,OK,PENDING_PAYMENT,4191.337
ample_256,528,16,200,OK,PENDING_PAYMENT,4186.883
ample_256,530,18,200,OK,PENDING_PAYMENT,4159.759
ample_256,529,17,200,OK,PENDING_PAYMENT,4178.287
ample_256,531,19,200,OK,PENDING_PAYMENT,4133.128
ample_256,532,20,200,OK,PENDING_PAYMENT,4123.755
ample_256,533,21,200,OK,PENDING_PAYMENT,4124.634
ample_256,534,22,200,OK,PENDING_PAYMENT,4110.021
ample_256,535,23,200,OK,PENDING_PAYMENT,4094.616
ample_256,536,24,200,OK,PENDING_PAYMENT,4110.482
ample_256,537,25,200,OK,PENDING_PAYMENT,4112.683
ample_256,538,26,200,OK,PENDING_PAYMENT,4112.933
ample_256,539,27,200,OK,PENDING_PAYMENT,4110.610
ample_256,540,28,200,OK,PENDING_PAYMENT,4098.576
ample_256,541,29,200,OK,PENDING_PAYMENT,4113.158
ample_256,542,30,200,OK,PENDING_PAYMENT,4098.927
ample_256,543,31,200,OK,PENDING_PAYMENT,4106.507
ample_256,544,32,200,OK,PENDING_PAYMENT,4097.517
ample_256,545,33,200,OK,PENDING_PAYMENT,4093.009
ample_256,546,34,200,OK,PENDING_PAYMENT,4102.201
ample_256,547,35,200,OK,PENDING_PAYMENT,4095.797
ample_256,548,36,200,OK,PENDING_PAYMENT,4101.664
ample_256,549,37,200,OK,PENDING_PAYMENT,4099.159
ample_256,550,38,200,OK,PENDING_PAYMENT,4108.287
ample_256,551,39,200,OK,PENDING_PAYMENT,4107.871
ample_256,552,40,200,OK,PENDING_PAYMENT,4107.772
ample_256,553,41,200,OK,PENDING_PAYMENT,4108.138
ample_256,554,42,200,OK,PENDING_PAYMENT,4107.352
ample_256,555,43,200,OK,PENDING_PAYMENT,4107.034
ample_256,556,44,200,OK,PENDING_PAYMENT,4101.330
ample_256,558,46,200,OK,PENDING_PAYMENT,4090.064
ample_256,557,45,200,OK,PENDING_PAYMENT,4123.487
ample_256,559,47,200,OK,PENDING_PAYMENT,4102.925
ample_256,560,48,200,OK,PENDING_PAYMENT,4102.654
ample_256,561,49,200,OK,PENDING_PAYMENT,4096.861
ample_256,562,50,200,OK,PENDING_PAYMENT,4100.470
ample_256,563,51,200,OK,PENDING_PAYMENT,4109.504
ample_256,564,52,200,OK,PENDING_PAYMENT,4115.184
ample_256,565,53,200,OK,PENDING_PAYMENT,4115.433
ample_256,566,54,200,OK,PENDING_PAYMENT,4114.697
ample_256,567,55,200,OK,PENDING_PAYMENT,4102.545
ample_256,568,56,200,OK,PENDING_PAYMENT,4112.294
ample_256,569,57,200,OK,PENDING_PAYMENT,4115.522
ample_256,570,58,200,OK,PENDING_PAYMENT,4106.823
ample_256,571,59,200,OK,PENDING_PAYMENT,4111.297
ample_256,573,61,200,OK,PENDING_PAYMENT,4104.228
ample_256,572,60,200,OK,PENDING_PAYMENT,4119.656
ample_256,574,62,200,OK,PENDING_PAYMENT,4111.709
ample_256,575,63,200,OK,PENDING_PAYMENT,4101.510
ample_256,576,0,200,OK,PENDING_PAYMENT,4099.682
ample_256,577,1,200,OK,PENDING_PAYMENT,4106.142
ample_256,578,2,200,OK,PENDING_PAYMENT,4104.836
ample_256,579,3,200,OK,PENDING_PAYMENT,4104.867
ample_256,580,4,200,OK,PENDING_PAYMENT,4108.067
ample_256,581,5,200,OK,PENDING_PAYMENT,4108.623
ample_256,582,6,200,OK,PENDING_PAYMENT,4105.877
ample_256,583,7,200,OK,PENDING_PAYMENT,4107.695
ample_256,584,8,200,OK,PENDING_PAYMENT,4111.015
ample_256,585,9,200,OK,PENDING_PAYMENT,4125.516
ample_256,586,10,200,OK,PENDING_PAYMENT,4142.227
ample_256,587,11,200,OK,PENDING_PAYMENT,4129.121
ample_256,588,12,200,OK,PENDING_PAYMENT,4137.486
ample_256,589,13,200,OK,PENDING_PAYMENT,4144.515
ample_256,590,14,200,OK,PENDING_PAYMENT,4135.205
ample_256,591,15,200,OK,PENDING_PAYMENT,4136.213
ample_256,592,16,200,OK,PENDING_PAYMENT,4134.442
ample_256,593,17,200,OK,PENDING_PAYMENT,4119.511
ample_256,594,18,200,OK,PENDING_PAYMENT,4111.514
ample_256,595,19,200,OK,PENDING_PAYMENT,4118.856
ample_256,596,20,200,OK,PENDING_PAYMENT,4098.809
ample_256,597,21,200,OK,PENDING_PAYMENT,4088.208
ample_256,598,22,200,OK,PENDING_PAYMENT,4083.434
ample_256,599,23,200,OK,PENDING_PAYMENT,4090.796
ample_256,600,24,200,OK,PENDING_PAYMENT,4090.650
ample_256,601,25,200,OK,PENDING_PAYMENT,4081.333
ample_256,602,26,200,OK,PENDING_PAYMENT,4073.769
ample_256,603,27,200,OK,PENDING_PAYMENT,4086.177
ample_256,604,28,200,OK,PENDING_PAYMENT,4089.246
ample_256,605,29,200,OK,PENDING_PAYMENT,4075.798
ample_256,606,30,200,OK,PENDING_PAYMENT,4076.243
ample_256,607,31,200,OK,PENDING_PAYMENT,4073.323
ample_256,608,32,200,OK,PENDING_PAYMENT,4071.149
ample_256,609,33,200,OK,PENDING_PAYMENT,4074.371
ample_256,610,34,200,OK,PENDING_PAYMENT,4061.758
ample_256,611,35,200,OK,PENDING_PAYMENT,4064.993
ample_256,612,36,200,OK,PENDING_PAYMENT,4055.645
ample_256,613,37,200,OK,PENDING_PAYMENT,4053.457
ample_256,614,38,200,OK,PENDING_PAYMENT,4065.392
ample_256,615,39,200,OK,PENDING_PAYMENT,4071.003
ample_256,616,40,200,OK,PENDING_PAYMENT,4073.922
ample_256,617,41,200,OK,PENDING_PAYMENT,4076.488
ample_256,618,42,200,OK,PENDING_PAYMENT,4061.660
ample_256,619,43,200,OK,PENDING_PAYMENT,4064.244
ample_256,620,44,200,OK,PENDING_PAYMENT,4070.852
ample_256,621,45,200,OK,PENDING_PAYMENT,4059.231
ample_256,622,46,200,OK,PENDING_PAYMENT,4068.465
ample_256,623,47,200,OK,PENDING_PAYMENT,4058.386
ample_256,624,48,200,OK,PENDING_PAYMENT,4059.395
ample_256,625,49,200,OK,PENDING_PAYMENT,4064.932
ample_256,626,50,200,OK,PENDING_PAYMENT,4057.879
ample_256,627,51,200,OK,PENDING_PAYMENT,4062.717
ample_256,628,52,200,OK,PENDING_PAYMENT,4051.855
ample_256,630,54,200,OK,PENDING_PAYMENT,4031.096
ample_256,629,53,200,OK,PENDING_PAYMENT,4065.432
ample_256,631,55,200,OK,PENDING_PAYMENT,4038.475
ample_256,632,56,200,OK,PENDING_PAYMENT,4040.678
ample_256,633,57,200,OK,PENDING_PAYMENT,4040.328
ample_256,634,58,200,OK,PENDING_PAYMENT,4037.362
ample_256,635,59,200,OK,PENDING_PAYMENT,4039.172
ample_256,636,60,200,OK,PENDING_PAYMENT,4043.958
ample_256,637,61,200,OK,PENDING_PAYMENT,4044.606
ample_256,638,62,200,OK,PENDING_PAYMENT,4035.640
ample_256,639,63,200,OK,PENDING_PAYMENT,4041.109
ample_256,640,0,200,OK,PENDING_PAYMENT,4034.438
ample_256,641,1,200,OK,PENDING_PAYMENT,4040.748
ample_256,642,2,200,OK,PENDING_PAYMENT,4042.427
ample_256,643,3,200,OK,PENDING_PAYMENT,4039.983
ample_256,644,4,200,OK,PENDING_PAYMENT,4037.094
ample_256,645,5,200,OK,PENDING_PAYMENT,4033.307
ample_256,646,6,200,OK,PENDING_PAYMENT,4030.253
ample_256,647,7,200,OK,PENDING_PAYMENT,4033.884
ample_256,648,8,200,OK,PENDING_PAYMENT,4036.139
ample_256,649,9,200,OK,PENDING_PAYMENT,4030.618
ample_256,650,10,200,OK,PENDING_PAYMENT,4027.771
ample_256,651,11,200,OK,PENDING_PAYMENT,4034.762
ample_256,652,12,200,OK,PENDING_PAYMENT,4037.268
ample_256,653,13,200,OK,PENDING_PAYMENT,4049.462
ample_256,654,14,200,OK,PENDING_PAYMENT,4035.620
ample_256,655,15,200,OK,PENDING_PAYMENT,4028.919
ample_256,656,16,200,OK,PENDING_PAYMENT,4011.447
ample_256,657,17,200,OK,PENDING_PAYMENT,3975.475
ample_256,658,18,200,OK,PENDING_PAYMENT,3976.069
ample_256,659,19,200,OK,PENDING_PAYMENT,3969.461
ample_256,661,21,200,OK,PENDING_PAYMENT,3961.899
ample_256,662,22,200,OK,PENDING_PAYMENT,3964.791
ample_256,663,23,200,OK,PENDING_PAYMENT,3954.852
ample_256,660,20,200,OK,PENDING_PAYMENT,4019.751
ample_256,664,24,200,OK,PENDING_PAYMENT,3961.578
ample_256,665,25,200,OK,PENDING_PAYMENT,3958.222
ample_256,666,26,200,OK,PENDING_PAYMENT,3955.346
ample_256,667,27,200,OK,PENDING_PAYMENT,3955.057
ample_256,668,28,200,OK,PENDING_PAYMENT,3960.639
ample_256,669,29,200,OK,PENDING_PAYMENT,3948.669
ample_256,670,30,200,OK,PENDING_PAYMENT,3956.619
ample_256,671,31,200,OK,PENDING_PAYMENT,3955.036
ample_256,672,32,200,OK,PENDING_PAYMENT,4011.118
ample_256,673,33,200,OK,PENDING_PAYMENT,4019.081
ample_256,674,34,200,OK,PENDING_PAYMENT,4017.177
ample_256,675,35,200,OK,PENDING_PAYMENT,4007.272
ample_256,676,36,200,OK,PENDING_PAYMENT,4020.155
ample_256,677,37,200,OK,PENDING_PAYMENT,4021.082
ample_256,678,38,200,OK,PENDING_PAYMENT,4029.169
ample_256,679,39,200,OK,PENDING_PAYMENT,4032.107
ample_256,680,40,200,OK,PENDING_PAYMENT,4023.209
ample_256,681,41,200,OK,PENDING_PAYMENT,4029.797
ample_256,682,42,200,OK,PENDING_PAYMENT,4032.165
ample_256,683,43,200,OK,PENDING_PAYMENT,4031.462
ample_256,684,44,200,OK,PENDING_PAYMENT,4029.250
ample_256,685,45,200,OK,PENDING_PAYMENT,4025.982
ample_256,686,46,200,OK,PENDING_PAYMENT,4026.111
ample_256,687,47,200,OK,PENDING_PAYMENT,4027.963
ample_256,688,48,200,OK,PENDING_PAYMENT,4012.331
ample_256,689,49,200,OK,PENDING_PAYMENT,4025.235
ample_256,690,50,200,OK,PENDING_PAYMENT,4034.185
ample_256,691,51,200,OK,PENDING_PAYMENT,4024.892
ample_256,692,52,200,OK,PENDING_PAYMENT,4028.353
ample_256,693,53,200,OK,PENDING_PAYMENT,4019.405
ample_256,694,54,200,OK,PENDING_PAYMENT,4019.523
ample_256,695,55,200,OK,PENDING_PAYMENT,4023.021
ample_256,696,56,200,OK,PENDING_PAYMENT,4025.823
ample_256,697,57,200,OK,PENDING_PAYMENT,4020.375
ample_256,698,58,200,OK,PENDING_PAYMENT,4023.411
ample_256,699,59,200,OK,PENDING_PAYMENT,4023.219
ample_256,700,60,200,OK,PENDING_PAYMENT,4022.484
ample_256,701,61,200,OK,PENDING_PAYMENT,4013.433
ample_256,702,62,200,OK,PENDING_PAYMENT,4017.247
ample_256,703,63,200,OK,PENDING_PAYMENT,4022.873
ample_256,704,0,200,OK,PENDING_PAYMENT,4010.356
ample_256,705,1,200,OK,PENDING_PAYMENT,4022.530
ample_256,706,2,200,OK,PENDING_PAYMENT,4015.754
ample_256,707,3,200,OK,PENDING_PAYMENT,4018.615
ample_256,708,4,200,OK,PENDING_PAYMENT,4022.170
ample_256,709,5,200,OK,PENDING_PAYMENT,4024.334
ample_256,710,6,200,OK,PENDING_PAYMENT,4012.631
ample_256,711,7,200,OK,PENDING_PAYMENT,4012.460
ample_256,712,8,200,OK,PENDING_PAYMENT,4019.362
ample_256,713,9,200,OK,PENDING_PAYMENT,4015.830
ample_256,714,10,200,OK,PENDING_PAYMENT,4006.265
ample_256,715,11,200,OK,PENDING_PAYMENT,4012.915
ample_256,716,12,200,OK,PENDING_PAYMENT,4020.329
ample_256,717,13,200,OK,PENDING_PAYMENT,4002.856
ample_256,718,14,200,OK,PENDING_PAYMENT,3993.122
ample_256,719,15,200,OK,PENDING_PAYMENT,4012.515
ample_256,720,16,200,OK,PENDING_PAYMENT,4001.896
ample_256,721,17,200,OK,PENDING_PAYMENT,4005.231
ample_256,722,18,200,OK,PENDING_PAYMENT,3993.232
ample_256,723,19,200,OK,PENDING_PAYMENT,4000.177
ample_256,725,21,200,OK,PENDING_PAYMENT,3986.859
ample_256,724,20,200,OK,PENDING_PAYMENT,4027.506
ample_256,726,22,200,OK,PENDING_PAYMENT,4022.999
ample_256,727,23,200,OK,PENDING_PAYMENT,4041.417
ample_256,728,24,200,OK,PENDING_PAYMENT,4031.327
ample_256,729,25,200,OK,PENDING_PAYMENT,4036.562
ample_256,730,26,200,OK,PENDING_PAYMENT,4039.665
ample_256,731,27,200,OK,PENDING_PAYMENT,4044.303
ample_256,732,28,200,OK,PENDING_PAYMENT,4052.762
ample_256,733,29,200,OK,PENDING_PAYMENT,4043.986
ample_256,734,30,200,OK,PENDING_PAYMENT,4046.911
ample_256,735,31,200,OK,PENDING_PAYMENT,4047.203
ample_256,736,32,200,OK,PENDING_PAYMENT,4046.528
ample_256,737,33,200,OK,PENDING_PAYMENT,4043.381
ample_256,738,34,200,OK,PENDING_PAYMENT,4047.176
ample_256,740,36,200,OK,PENDING_PAYMENT,4037.529
ample_256,739,35,200,OK,PENDING_PAYMENT,4059.733
ample_256,741,37,200,OK,PENDING_PAYMENT,4055.336
ample_256,742,38,200,OK,PENDING_PAYMENT,4042.290
ample_256,743,39,200,OK,PENDING_PAYMENT,4046.316
ample_256,744,40,200,OK,PENDING_PAYMENT,4040.432
ample_256,745,41,200,OK,PENDING_PAYMENT,4039.299
ample_256,746,42,200,OK,PENDING_PAYMENT,4039.290
ample_256,747,43,200,OK,PENDING_PAYMENT,4039.668
ample_256,748,44,200,OK,PENDING_PAYMENT,4045.284
ample_256,749,45,200,OK,PENDING_PAYMENT,4035.979
ample_256,750,46,200,OK,PENDING_PAYMENT,4038.883
ample_256,751,47,200,OK,PENDING_PAYMENT,4039.596
ample_256,752,48,200,OK,PENDING_PAYMENT,4041.878
ample_256,753,49,200,OK,PENDING_PAYMENT,4035.007
ample_256,754,50,200,OK,PENDING_PAYMENT,4047.690
ample_256,755,51,200,OK,PENDING_PAYMENT,4047.492
ample_256,756,52,200,OK,PENDING_PAYMENT,4039.990
ample_256,757,53,200,OK,PENDING_PAYMENT,4037.772
ample_256,758,54,200,OK,PENDING_PAYMENT,4037.558
ample_256,759,55,200,OK,PENDING_PAYMENT,4037.537
ample_256,760,56,200,OK,PENDING_PAYMENT,4034.508
ample_256,761,57,200,OK,PENDING_PAYMENT,4064.055
ample_256,762,58,200,OK,PENDING_PAYMENT,4067.283
ample_256,763,59,200,OK,PENDING_PAYMENT,4060.583
ample_256,764,60,200,OK,PENDING_PAYMENT,4055.577
ample_256,765,61,200,OK,PENDING_PAYMENT,4053.667
ample_256,767,63,200,OK,PENDING_PAYMENT,4044.146
ample_256,766,62,200,OK,PENDING_PAYMENT,4085.667
ample_256,768,0,200,OK,PENDING_PAYMENT,4057.114
ample_256,769,1,200,OK,PENDING_PAYMENT,4063.230
ample_256,770,2,200,OK,PENDING_PAYMENT,4050.483
ample_256,771,3,200,OK,PENDING_PAYMENT,4050.423
ample_256,772,4,200,OK,PENDING_PAYMENT,4053.517
ample_256,773,5,200,OK,PENDING_PAYMENT,4050.726
ample_256,774,6,200,OK,PENDING_PAYMENT,4053.397
ample_256,775,7,200,OK,PENDING_PAYMENT,4057.663
ample_256,776,8,200,OK,PENDING_PAYMENT,4061.044
ample_256,777,9,200,OK,PENDING_PAYMENT,4056.236
ample_256,778,10,200,OK,PENDING_PAYMENT,4024.362
ample_256,779,11,200,OK,PENDING_PAYMENT,4030.063
ample_256,780,12,200,OK,PENDING_PAYMENT,4017.440
ample_256,781,13,200,OK,PENDING_PAYMENT,4017.081
ample_256,782,14,200,OK,PENDING_PAYMENT,4008.425
ample_256,783,15,200,OK,PENDING_PAYMENT,3954.457
ample_256,784,16,200,OK,PENDING_PAYMENT,3963.492
ample_256,787,19,200,OK,PENDING_PAYMENT,3959.362
ample_256,786,18,200,OK,PENDING_PAYMENT,3971.833
ample_256,785,17,200,OK,PENDING_PAYMENT,3990.602
ample_256,788,20,200,OK,PENDING_PAYMENT,3993.765
ample_256,789,21,200,OK,PENDING_PAYMENT,3986.933
ample_256,790,22,200,OK,PENDING_PAYMENT,3995.763
ample_256,791,23,200,OK,PENDING_PAYMENT,3989.375
ample_256,792,24,200,OK,PENDING_PAYMENT,3986.369
ample_256,793,25,200,OK,PENDING_PAYMENT,3986.978
ample_256,794,26,200,OK,PENDING_PAYMENT,3974.649
ample_256,795,27,200,OK,PENDING_PAYMENT,3972.188
ample_256,796,28,200,OK,PENDING_PAYMENT,3971.697
ample_256,797,29,200,OK,PENDING_PAYMENT,3966.197
ample_256,798,30,200,OK,PENDING_PAYMENT,3973.293
ample_256,799,31,200,OK,PENDING_PAYMENT,3966.573
ample_256,800,32,200,OK,PENDING_PAYMENT,3969.110
ample_256,801,33,200,OK,PENDING_PAYMENT,3965.869
ample_256,802,34,200,OK,PENDING_PAYMENT,3959.401
ample_256,803,35,200,OK,PENDING_PAYMENT,3959.604
ample_256,804,36,200,OK,PENDING_PAYMENT,3956.076
ample_256,805,37,200,OK,PENDING_PAYMENT,3946.638
ample_256,806,38,200,OK,PENDING_PAYMENT,3943.962
ample_256,807,39,200,OK,PENDING_PAYMENT,3936.995
ample_256,808,40,200,OK,PENDING_PAYMENT,3938.055
ample_256,809,41,200,OK,PENDING_PAYMENT,3928.467
ample_256,810,42,200,OK,PENDING_PAYMENT,3929.354
ample_256,811,43,200,OK,PENDING_PAYMENT,3920.465
ample_256,812,44,200,OK,PENDING_PAYMENT,3920.357
ample_256,813,45,200,OK,PENDING_PAYMENT,3913.964
ample_256,814,46,200,OK,PENDING_PAYMENT,3924.309
ample_256,815,47,200,OK,PENDING_PAYMENT,3913.812
ample_256,816,48,200,OK,PENDING_PAYMENT,3915.442
ample_256,817,49,200,OK,PENDING_PAYMENT,3911.466
ample_256,818,50,200,OK,PENDING_PAYMENT,3902.288
ample_256,819,51,200,OK,PENDING_PAYMENT,3889.586
ample_256,820,52,200,OK,PENDING_PAYMENT,3884.446
ample_256,821,53,200,OK,PENDING_PAYMENT,3890.621
ample_256,822,54,200,OK,PENDING_PAYMENT,3881.531
ample_256,823,55,200,OK,PENDING_PAYMENT,3887.742
ample_256,824,56,200,OK,PENDING_PAYMENT,3880.946
ample_256,825,57,200,OK,PENDING_PAYMENT,3868.725
ample_256,826,58,200,OK,PENDING_PAYMENT,3881.066
ample_256,827,59,200,OK,PENDING_PAYMENT,3867.053
ample_256,828,60,200,OK,PENDING_PAYMENT,3864.528
ample_256,829,61,200,OK,PENDING_PAYMENT,3862.477
ample_256,830,62,200,OK,PENDING_PAYMENT,3858.572
ample_256,831,63,200,OK,PENDING_PAYMENT,3852.728
ample_256,832,0,200,OK,PENDING_PAYMENT,3852.863
ample_256,833,1,200,OK,PENDING_PAYMENT,3843.075
ample_256,834,2,200,OK,PENDING_PAYMENT,3844.534
ample_256,835,3,200,OK,PENDING_PAYMENT,3838.039
ample_256,836,4,200,OK,PENDING_PAYMENT,3833.353
ample_256,837,5,200,OK,PENDING_PAYMENT,3829.448
ample_256,838,6,200,OK,PENDING_PAYMENT,3820.358
ample_256,839,7,200,OK,PENDING_PAYMENT,3820.481
ample_256,840,8,200,OK,PENDING_PAYMENT,3814.408
ample_256,841,9,200,OK,PENDING_PAYMENT,3801.092
ample_256,842,10,200,OK,PENDING_PAYMENT,3771.972
ample_256,843,11,200,OK,PENDING_PAYMENT,3783.149
ample_256,844,12,200,OK,PENDING_PAYMENT,3773.949
ample_256,845,13,200,OK,PENDING_PAYMENT,3764.513
ample_256,846,14,200,OK,PENDING_PAYMENT,3761.837
ample_256,847,15,200,OK,PENDING_PAYMENT,3765.065
ample_256,848,16,200,OK,PENDING_PAYMENT,3756.902
ample_256,849,17,200,OK,PENDING_PAYMENT,3762.885
ample_256,850,18,200,OK,PENDING_PAYMENT,3756.460
ample_256,851,19,200,OK,PENDING_PAYMENT,3752.943
ample_256,852,20,200,OK,PENDING_PAYMENT,3742.233
ample_256,853,21,200,OK,PENDING_PAYMENT,3750.245
ample_256,854,22,200,OK,PENDING_PAYMENT,3736.452
ample_256,855,23,200,OK,PENDING_PAYMENT,3728.925
ample_256,856,24,200,OK,PENDING_PAYMENT,3725.997
ample_256,857,25,200,OK,PENDING_PAYMENT,3722.909
ample_256,859,27,200,OK,PENDING_PAYMENT,3705.749
ample_256,858,26,200,OK,PENDING_PAYMENT,3731.466
ample_256,860,28,200,OK,PENDING_PAYMENT,3716.949
ample_256,861,29,200,OK,PENDING_PAYMENT,3738.127
ample_256,862,30,200,OK,PENDING_PAYMENT,3725.631
ample_256,863,31,200,OK,PENDING_PAYMENT,3748.525
ample_256,864,32,200,OK,PENDING_PAYMENT,3745.154
ample_256,865,33,200,OK,PENDING_PAYMENT,3735.052
ample_256,866,34,200,OK,PENDING_PAYMENT,3746.006
ample_256,867,35,200,OK,PENDING_PAYMENT,3733.357
ample_256,868,36,200,OK,PENDING_PAYMENT,3737.036
ample_256,869,37,200,OK,PENDING_PAYMENT,3729.435
ample_256,870,38,200,OK,PENDING_PAYMENT,3728.919
ample_256,871,39,200,OK,PENDING_PAYMENT,3720.094
ample_256,872,40,200,OK,PENDING_PAYMENT,3716.979
ample_256,873,41,200,OK,PENDING_PAYMENT,3717.323
ample_256,874,42,200,OK,PENDING_PAYMENT,3713.902
ample_256,875,43,200,OK,PENDING_PAYMENT,3705.919
ample_256,876,44,200,OK,PENDING_PAYMENT,3702.672
ample_256,877,45,200,OK,PENDING_PAYMENT,3702.926
ample_256,878,46,200,OK,PENDING_PAYMENT,3696.536
ample_256,879,47,200,OK,PENDING_PAYMENT,3699.530
ample_256,880,48,200,OK,PENDING_PAYMENT,3696.052
ample_256,881,49,200,OK,PENDING_PAYMENT,3683.043
ample_256,882,50,200,OK,PENDING_PAYMENT,3693.361
ample_256,883,51,200,OK,PENDING_PAYMENT,3678.155
ample_256,884,52,200,OK,PENDING_PAYMENT,3682.545
ample_256,885,53,200,OK,PENDING_PAYMENT,3676.365
ample_256,886,54,200,OK,PENDING_PAYMENT,3684.071
ample_256,887,55,200,OK,PENDING_PAYMENT,3679.576
ample_256,888,56,200,OK,PENDING_PAYMENT,3685.085
ample_256,889,57,200,OK,PENDING_PAYMENT,3678.686
ample_256,890,58,200,OK,PENDING_PAYMENT,3678.804
ample_256,891,59,200,OK,PENDING_PAYMENT,3673.389
ample_256,892,60,200,OK,PENDING_PAYMENT,3663.037
ample_256,893,61,200,OK,PENDING_PAYMENT,3673.924
ample_256,894,62,200,OK,PENDING_PAYMENT,3672.984
ample_256,895,63,200,OK,PENDING_PAYMENT,3675.763
ample_256,896,0,200,OK,PENDING_PAYMENT,3679.396
ample_256,897,1,200,OK,PENDING_PAYMENT,3677.405
ample_256,898,2,200,OK,PENDING_PAYMENT,3666.903
ample_256,899,3,200,OK,PENDING_PAYMENT,3675.500
ample_256,900,4,200,OK,PENDING_PAYMENT,3666.375
ample_256,901,5,200,OK,PENDING_PAYMENT,3663.328
ample_256,902,6,200,OK,PENDING_PAYMENT,3669.657
ample_256,903,7,200,OK,PENDING_PAYMENT,3650.107
ample_256,904,8,200,OK,PENDING_PAYMENT,3651.111
ample_256,905,9,200,OK,PENDING_PAYMENT,3651.275
ample_256,906,10,200,OK,PENDING_PAYMENT,3653.867
ample_256,907,11,200,OK,PENDING_PAYMENT,3652.758
ample_256,908,12,200,OK,PENDING_PAYMENT,3649.761
ample_256,909,13,200,OK,PENDING_PAYMENT,3624.959
ample_256,910,14,200,OK,PENDING_PAYMENT,3640.164
ample_256,911,15,200,OK,PENDING_PAYMENT,3625.055
ample_256,912,16,200,OK,PENDING_PAYMENT,3625.539
ample_256,913,17,200,OK,PENDING_PAYMENT,3626.029
ample_256,914,18,200,OK,PENDING_PAYMENT,3618.255
ample_256,915,19,200,OK,PENDING_PAYMENT,3615.670
ample_256,916,20,200,OK,PENDING_PAYMENT,3620.743
ample_256,917,21,200,OK,PENDING_PAYMENT,3607.173
ample_256,918,22,200,OK,PENDING_PAYMENT,3620.338
ample_256,919,23,200,OK,PENDING_PAYMENT,3616.736
ample_256,920,24,200,OK,PENDING_PAYMENT,3626.641
ample_256,921,25,200,OK,PENDING_PAYMENT,3620.583
ample_256,922,26,200,OK,PENDING_PAYMENT,3627.724
ample_256,923,27,200,OK,PENDING_PAYMENT,3621.016
ample_256,924,28,200,OK,PENDING_PAYMENT,3609.253
ample_256,925,29,200,OK,PENDING_PAYMENT,3612.407
ample_256,926,30,200,OK,PENDING_PAYMENT,3618.482
ample_256,927,31,200,OK,PENDING_PAYMENT,3601.791
ample_256,928,32,200,OK,PENDING_PAYMENT,3557.757
ample_256,929,33,200,OK,PENDING_PAYMENT,3549.942
ample_256,930,34,200,OK,PENDING_PAYMENT,3557.226
ample_256,931,35,200,OK,PENDING_PAYMENT,3557.411
ample_256,932,36,200,OK,PENDING_PAYMENT,3557.552
ample_256,933,37,200,OK,PENDING_PAYMENT,3546.630
ample_256,934,38,200,OK,PENDING_PAYMENT,3546.720
ample_256,935,39,200,OK,PENDING_PAYMENT,3534.533
ample_256,936,40,200,OK,PENDING_PAYMENT,3538.398
ample_256,937,41,200,OK,PENDING_PAYMENT,3530.762
ample_256,938,42,200,OK,PENDING_PAYMENT,3536.392
ample_256,939,43,200,OK,PENDING_PAYMENT,3547.276
ample_256,940,44,200,OK,PENDING_PAYMENT,3552.860
ample_256,941,45,200,OK,PENDING_PAYMENT,3546.761
ample_256,942,46,200,OK,PENDING_PAYMENT,3547.364
ample_256,943,47,200,OK,PENDING_PAYMENT,3532.224
ample_256,944,48,200,OK,PENDING_PAYMENT,3542.484
ample_256,945,49,200,OK,PENDING_PAYMENT,3529.949
ample_256,946,50,200,OK,PENDING_PAYMENT,3523.865
ample_256,947,51,200,OK,PENDING_PAYMENT,3530.309
ample_256,948,52,200,OK,PENDING_PAYMENT,3519.808
ample_256,949,53,200,OK,PENDING_PAYMENT,3526.812
ample_256,950,54,200,OK,PENDING_PAYMENT,3520.422
ample_256,951,55,200,OK,PENDING_PAYMENT,3517.678
ample_256,952,56,200,OK,PENDING_PAYMENT,3512.400
ample_256,953,57,200,OK,PENDING_PAYMENT,3517.710
ample_256,954,58,200,OK,PENDING_PAYMENT,3514.844
ample_256,955,59,200,OK,PENDING_PAYMENT,3506.687
ample_256,956,60,200,OK,PENDING_PAYMENT,3502.938
ample_256,957,61,200,OK,PENDING_PAYMENT,3502.825
ample_256,958,62,200,OK,PENDING_PAYMENT,3497.083
ample_256,959,63,200,OK,PENDING_PAYMENT,3484.537
ample_256,960,0,200,OK,PENDING_PAYMENT,3496.843
ample_256,961,1,200,OK,PENDING_PAYMENT,3478.791
ample_256,962,2,200,OK,PENDING_PAYMENT,3486.035
ample_256,963,3,200,OK,PENDING_PAYMENT,3474.651
ample_256,964,4,200,OK,PENDING_PAYMENT,3467.594
ample_256,965,5,200,OK,PENDING_PAYMENT,3464.655
ample_256,966,6,200,OK,PENDING_PAYMENT,3464.873
ample_256,967,7,200,OK,PENDING_PAYMENT,3468.779
ample_256,968,8,200,OK,PENDING_PAYMENT,3458.986
ample_256,969,9,200,OK,PENDING_PAYMENT,3457.685
ample_256,970,10,200,OK,PENDING_PAYMENT,3455.028
ample_256,971,11,200,OK,PENDING_PAYMENT,3453.909
ample_256,972,12,200,OK,PENDING_PAYMENT,3445.364
ample_256,973,13,200,OK,PENDING_PAYMENT,3448.290
ample_256,974,14,200,OK,PENDING_PAYMENT,3433.980
ample_256,975,15,200,OK,PENDING_PAYMENT,3429.401
ample_256,976,16,200,OK,PENDING_PAYMENT,3423.348
ample_256,977,17,200,OK,PENDING_PAYMENT,3420.226
ample_256,978,18,200,OK,PENDING_PAYMENT,3420.384
ample_256,979,19,200,OK,PENDING_PAYMENT,3413.189
ample_256,980,20,200,OK,PENDING_PAYMENT,3413.644
ample_256,981,21,200,OK,PENDING_PAYMENT,3395.659
ample_256,982,22,200,OK,PENDING_PAYMENT,3387.994
ample_256,983,23,200,OK,PENDING_PAYMENT,3363.523
ample_256,984,24,200,OK,PENDING_PAYMENT,3373.484
ample_256,985,25,200,OK,PENDING_PAYMENT,3361.785
ample_256,986,26,200,OK,PENDING_PAYMENT,3360.162
ample_256,987,27,200,OK,PENDING_PAYMENT,3341.832
ample_256,988,28,200,OK,PENDING_PAYMENT,3337.775
ample_256,989,29,200,OK,PENDING_PAYMENT,3340.118
ample_256,990,30,200,OK,PENDING_PAYMENT,3332.145
ample_256,991,31,200,OK,PENDING_PAYMENT,3332.281
ample_256,992,32,200,OK,PENDING_PAYMENT,3328.856
ample_256,993,33,200,OK,PENDING_PAYMENT,3329.481
ample_256,994,34,200,OK,PENDING_PAYMENT,3324.238
ample_256,996,36,200,OK,PENDING_PAYMENT,3309.246
ample_256,995,35,200,OK,PENDING_PAYMENT,3325.299
ample_256,997,37,200,OK,PENDING_PAYMENT,3314.119
ample_256,998,38,200,OK,PENDING_PAYMENT,3306.225
ample_256,999,39,200,OK,PENDING_PAYMENT,3298.568
